team_id,sprint_id,planned_story_points,total_tasks,actual_sprint_cost,initial_predicted_sprint_cost,residual,initial_absolute_error,initial_absolute_percentage_error,sprint_size_band,small_vs_large,mid_predicted_sprint_cost,mid_absolute_error,mid_absolute_percentage_error,mid_absolute_error_improvement,mid_percentage_error_improvement,mid_beats_initial
T15,S1113,33.0,2,4433.0,6727.755904800882,-2294.7559048008816,2294.7559048008816,51.76530351456985,large,large,6605.35169514809,2172.3516951480897,49.00409869497157,122.4042096527919,2.7612048195982837,True
T15,S1115,192.0,10,23652.1,26031.137077220457,-2379.0370772204587,2379.0370772204587,10.058460251818904,large,large,25736.322691517402,2084.2226915174033,8.811998475896024,294.81438570305545,1.2464617759228798,True
T15,S1116,18.0,8,16386.3,7518.024432993111,8868.275567006887,8868.275567006887,54.12006106934994,medium,large,7990.5278330702895,8395.77216692971,51.23653397612463,472.5034000771775,2.883527093225304,True
T15,S1117,29.0,12,15435.3,8847.168086192267,6588.131913807732,6588.131913807732,42.682240797443086,large,large,9656.32251992289,5778.97748007711,37.44000751574061,809.1544337306223,5.242233281702475,True
T15,S1120,5.0,2,127600.0,3722.183877093198,123877.8161229068,123877.8161229068,97.08292799600848,medium,small,3581.0316078825067,124018.96839211749,97.1935488966438,-141.15226921068097,-0.11062090063532537,False
T15,S1121,21.0,16,31949.6,9455.846546168765,22493.753453831232,22493.753453831232,70.40386563159237,medium,large,9975.960093801199,21973.639906198798,68.77594682311765,520.1135476324343,1.6279188084747176,True
T15,S1122,11.0,3,4990.6,24388.964205320437,-19398.36420532044,19398.36420532044,388.6980364148687,medium,small,22215.588164641933,17224.98816464193,345.148642741192,2173.3760406785077,43.54939367367666,True
T15,S1123,16.0,10,233721.0,7451.736330237342,226269.26366976264,226269.26366976264,96.81169585521312,medium,large,7360.215414057221,226360.78458594278,96.85085404646685,-91.52091618013219,-0.03915819125373332,False
T16,S1159,2.0,5,3965.2,4128.471195309321,-163.27119530932123,163.27119530932123,4.117603029086079,small,small,3185.482313226188,779.7176867738117,19.664019135826987,-616.4464914644905,-15.546416106740907,False
T16,S1160,3.0,5,4006.5,3968.8743259185308,37.62567408146924,37.62567408146924,0.9391157888798013,small,small,3158.478636141234,848.0213638587661,21.166139120398505,-810.3956897772969,-20.227023331518705,False
T16,S1161,5.0,4,7599.5,3911.2844117612913,3688.2155882387087,3688.2155882387087,48.532345394285265,medium,small,3810.471837851181,3789.028162148819,49.85891390418868,-100.81257391011013,-1.3265685099034172,False
T16,S1162,4.0,3,11470.8,2771.2226760243907,8699.577323975609,8699.577323975609,75.84106883543963,small,small,2516.0768849989768,8954.723115001023,78.06537569307305,-255.14579102541393,-2.2243068576334224,False
T16,S1163,0.0,1,655.8,717.7655129200899,-61.965512920089964,61.965512920089964,9.4488430802211,small,small,719.0545283891282,63.25452838912827,9.645399266411752,-1.2890154690383042,-0.1965561861906533,False
T16,S1164,0.0,4,31092.2,2983.2495914003766,28108.950408599623,28108.950408599623,90.40515115881031,small,small,2514.406956608423,28577.79304339158,91.91306193640713,-468.8426347919558,-1.5079107775968197,False
T16,S1165,9.0,6,4550.9,4287.495095812472,263.4049041875278,263.4049041875278,5.787973899394137,medium,small,4113.146937160536,437.7530628394634,9.61904376803409,-174.3481586519356,-3.8310698686399522,False
T16,S1166,11.0,4,67233.5,4848.025959355987,62385.47404064401,62385.47404064401,92.78927029032255,medium,small,5732.816966221623,61500.683033778376,91.47327304658894,884.7910068656347,1.3159972437336052,True
T17,S1248,1.0,1,990.8,1644.6291428067038,-653.8291428067039,653.8291428067039,65.9900224875559,small,small,1387.9560168399948,397.1560168399949,40.08437796124293,256.673125966709,25.905644526312976,True
T17,S1254,4.0,2,1331.6,2653.1695449765575,-1321.5695449765576,1321.5695449765576,99.24673663086195,small,small,2174.7574718878495,843.1574718878496,63.319125254419475,478.412073088708,35.92761137644247,True
T17,S1259,4.5,4,3419.3,6475.925626481006,-3056.6256264810054,3056.6256264810054,89.39331519553726,medium,small,5469.402894873629,2050.1028948736284,59.956800949715685,1006.522731607377,29.43651424582157,True
T17,S1260,3.0,1,2098.5,756.3560631858777,1342.1439368141223,1342.1439368141223,63.957299824356554,small,small,726.5843159008818,1371.9156840991182,65.376015444323,-29.771747284995854,-1.4187156199664486,False
T17,S1261,1.5,3,1508.4,5525.7976896402315,-4017.3976896402314,4017.3976896402314,266.3350364386258,small,small,5281.335048685299,3772.9350486852986,250.1282848505236,244.4626409549328,16.206751588102208,True
T17,S1262,0.0,1,6101.2,664.5402673177883,5436.659732682211,5436.659732682211,89.10803993775342,small,small,619.6758082675938,5481.524191732406,89.84337821629197,-44.864459050194455,-0.7353382785385492,False
T17,S1263,1.0,2,1331.6,1316.7875290398847,14.812470960115206,14.812470960115206,1.1123814178518479,small,small,1372.7251892474123,41.125189247412436,3.0884041189105167,-26.31271828729723,-1.9760227010586688,False
T17,S1267,14.5,6,17886.6,6664.265161020457,11222.334838979543,11222.334838979543,62.74157659353675,medium,large,8370.258807996848,9516.34119200315,53.20374577618525,1705.9936469763925,9.537830817351498,True
T17,S1269,14.5,7,7761.1,18897.605424554415,-11136.505424554414,11136.505424554414,143.49132757668906,medium,large,17025.457930728495,9264.357930728494,119.36913492582875,1872.1474938259198,24.122192650860313,True
T17,S1271,3.0,1,1371.8,759.2862436986427,612.5137563013573,612.5137563013573,44.6503685888145,small,small,723.8333607259043,647.9666392740957,47.23477469558942,-35.452882972738394,-2.584406106774921,False
T17,S1272,1.0,1,174917.0,1411.2178313846255,173505.78216861538,173505.78216861538,99.1932071603191,small,small,1247.0639491958527,173669.93605080416,99.28705388887539,-164.1538821887807,-0.09384672855628651,False
T19,S1321,0.0,10,12462.5,14224.499204459602,-1761.999204459602,1761.999204459602,14.138408862263606,small,small,14692.202501347749,2229.7025013477487,17.891293892459366,-467.7032968881467,-3.7528850301957597,False
T19,S1330,23.0,47,14731.0,22210.491610517085,-7479.491610517085,7479.491610517085,50.773821264795906,medium,large,22058.115866190594,7327.115866190594,49.739432938636845,152.37574432649126,1.0343883261590605,True
T19,S1334,17.0,26,10696.5,23219.257802357195,-12522.757802357195,12522.757802357195,117.07341469038653,medium,large,20904.169522080054,10207.669522080054,95.42999599943957,2315.088280277141,21.64341869094696,True
T19,S1335,23.0,37,26807.1,20886.40858230969,5920.691417690308,5920.691417690308,22.086280939341847,medium,large,21213.524316255443,5593.575683744555,20.866023119787503,327.11573394575316,1.2202578195543445,True
T19,S1350,21.0,12,6755.4,6183.444920959571,571.9550790404282,571.9550790404282,8.466635270160587,medium,large,6832.808711718074,77.4087117180743,1.1458790259359075,494.54636732235394,7.32075624422468,True
T20,S1405,16.0,44,7415.0,26483.723860939357,-19068.723860939357,19068.723860939357,257.16417883937095,medium,large,26309.417707417353,18894.417707417353,254.81345525849432,174.30615352200402,2.3507235808766325,True
T20,S1409,5.0,46,21848.4,25335.064554392568,-3486.664554392566,3486.664554392566,15.958443430148506,medium,small,24496.39425845225,2647.994258452247,12.119854352960612,838.6702959403192,3.838589077187894,True
T20,S1410,34.0,31,10536.3,17591.73702015347,-7055.437020153469,7055.437020153469,66.96313715586562,large,large,17796.975626065083,7260.675626065084,68.9110563107076,-205.2386059116143,-1.9479191548419692,False
T20,S1411,35.0,38,54816.1,28417.19170657775,26398.90829342225,26398.90829342225,48.15904140101585,large,large,28009.125239609224,26806.974760390774,48.90346952882598,-408.06646696852476,-0.7444281278101315,False
T20,S1417,68.0,20,16376.6,2295.888273844903,14080.711726155097,14080.711726155097,85.98067807820364,large,large,2506.688288364656,13869.911711635345,84.6934755177225,210.80001451975295,1.2872025604811341,True
T20,S1420,23.0,19,9933.2,7207.569619634817,2725.6303803651836,2725.6303803651836,27.439600333882165,medium,large,8432.679467762513,1500.5205322374877,15.106114164997056,1225.1098481276958,12.33348616888511,True
T18,S1460,44.0,12,2152.7,10865.658012661876,-8712.958012661875,8712.958012661875,404.7455759121975,large,large,8359.569686389412,6206.869686389412,288.3295250796401,2506.088326272463,116.4160508325574,True
T18,S1461,50.0,14,3500.0,29796.020267244407,-26296.020267244407,26296.020267244407,751.3148647784117,large,large,32052.44525427963,28552.44525427963,815.7841501222752,-2256.424987035225,-64.46928534386348,False
T18,S1462,40.0,11,2794.7,7878.6843299653065,-5083.984329965307,5083.984329965307,181.91520842900158,large,large,10298.735416795045,7504.035416795045,268.50951503900404,-2420.051086829739,-86.59430661000246,False
T18,S1463,30.0,7,27042.4,8475.11529119563,18567.28470880437,18567.28470880437,68.65989967164295,large,large,8570.785176996445,18471.614823003554,68.30612232273597,95.6698858008167,0.35377734890697354,True
T18,S1465,3.0,3,9491.3,4467.111350062918,5024.188649937081,5024.188649937081,52.93467333175731,small,small,4873.367170186369,4617.932829813631,48.65437642697661,406.2558201234506,4.280296904780698,True
T18,S1466,18.0,6,114771.0,4734.812801547351,110036.18719845265,110036.18719845265,95.87455646326394,medium,large,4606.896275817393,110164.10372418261,95.98601016300512,-127.916525729961,-0.11145369974117614,False
T18,S1467,10.0,2,94759.1,3282.751067136734,91476.34893286327,91476.34893286327,96.5356877944844,medium,small,2632.465866166853,92126.63413383315,97.22193872022122,-650.2852009698836,-0.6862509257368146,False
T18,S1468,13.0,3,18564.8,3156.576634271681,15408.223365728318,15408.223365728318,82.99698012221148,medium,large,3211.420424999281,15353.37957500072,82.70156196135008,54.84379072759839,0.29541816086140216,True
T18,S1469,13.0,2,80888.9,2905.723116357619,77983.17688364237,77983.17688364237,96.40776037706333,medium,large,2738.1177966469795,78150.78220335301,96.61496472736434,-167.60531971063756,-0.20720435030101214,False
T14,S1484,3.0,9,168993.0,12604.300250476053,156388.69974952395,156388.69974952395,92.54152524040875,small,small,13014.971076240809,155978.02892375918,92.29851468626462,410.6708257647697,0.24301055414412076,True
T14,S1485,0.0,1,4649.5,1646.5739460522384,3002.926053947762,3002.926053947762,64.58599965475345,small,small,1643.829194926536,3005.670805073464,64.64503290834422,-2.7447511257023507,-0.059033253590769164,False
T21,S1811,0.0,1,500.0,500.3378598846811,-0.3378598846811087,0.3378598846811087,0.06757197693622174,small,small,500.4110247035948,0.41102470359481913,0.08220494071896382,-0.0731648189137104,-0.014632963782742078,False
T21,S1812,0.0,1,500.0,500.3378598846811,-0.3378598846811087,0.3378598846811087,0.06757197693622174,small,small,500.4110247035948,0.41102470359481913,0.08220494071896382,-0.0731648189137104,-0.014632963782742078,False
T21,S1813,0.0,1,500.0,500.3378598846811,-0.3378598846811087,0.3378598846811087,0.06757197693622174,small,small,500.4110247035948,0.41102470359481913,0.08220494071896382,-0.0731648189137104,-0.014632963782742078,False
T21,S1814,11.0,3,1500.0,8085.4866389752615,-6585.4866389752615,6585.4866389752615,439.03244259835077,medium,small,7019.135254966081,5519.135254966081,367.9423503310721,1066.35138400918,71.09009226727869,True
T21,S1815,3.0,1,500.0,799.9735530333464,-299.97355303334643,299.97355303334643,59.99471060666929,small,small,780.0370103830995,280.0370103830995,56.007402076619904,19.936542650246906,3.9873085300493827,True
T21,S1817,5.0,1,500.0,1134.3554281647791,-634.3554281647791,634.3554281647791,126.87108563295584,medium,small,1122.075470004911,622.075470004911,124.41509400098221,12.279958159868102,2.4559916319736317,True
T21,S1818,0.0,1,500.0,501.3204580612687,-1.3204580612687096,1.3204580612687096,0.2640916122537419,small,small,503.1773288735722,3.1773288735722076,0.6354657747144415,-1.856870812303498,-0.37137416246069965,False
T21,S1823,0.0,1,500.0,501.92169191289065,-1.921691912890651,1.921691912890651,0.38433838257813024,small,small,505.23137945905984,5.231379459059838,1.0462758918119675,-3.3096875461691866,-0.6619375092338372,False
T21,S1830,8.0,1,500.0,2870.3625429864164,-2370.3625429864164,2370.3625429864164,474.0725085972833,medium,small,2845.6856377820245,2345.6856377820245,469.1371275564049,24.676905204391915,4.935381040878383,True
T21,S1832,0.0,2,500.0,848.8072271359662,-348.8072271359662,348.8072271359662,69.76144542719324,small,small,871.5184469456659,371.5184469456659,74.30368938913318,-22.71121980969974,-4.5422439619399455,False
T21,S1839,0.0,1,500.0,506.1657463931751,-6.165746393175084,6.165746393175084,1.2331492786350169,small,small,511.1444716841159,11.1444716841159,2.22889433682318,-4.978725290940815,-0.9957450581881631,False
T21,S1841,0.0,10,1500.0,1857.20815298738,-357.2081529873799,357.2081529873799,23.813876865825325,small,small,1797.8161072698008,297.8161072698008,19.854407151320054,59.392045717579094,3.9594697145052713,True
T21,S1851,5.0,1,500.0,1144.5821765550686,-644.5821765550686,644.5821765550686,128.91643531101371,medium,small,1143.991087431614,643.991087431614,128.7982174863228,0.5910891234545943,0.11821782469090181,True
T21,S1854,0.0,1,500.0,506.1657463931751,-6.165746393175084,6.165746393175084,1.2331492786350169,small,small,511.1444716841159,11.1444716841159,2.22889433682318,-4.978725290940815,-0.9957450581881631,False
T21,S1858,0.0,1,500.0,506.1657463931751,-6.165746393175084,6.165746393175084,1.2331492786350169,small,small,511.1444716841159,11.1444716841159,2.22889433682318,-4.978725290940815,-0.9957450581881631,False
T21,S1860,0.0,3,1000.0,1438.2873828203947,-438.28738282039467,438.28738282039467,43.82873828203947,small,small,1385.2892497913376,385.2892497913376,38.52892497913376,52.998133029057044,5.299813302905704,True
T21,S1862,0.0,1,500.0,526.0298620239365,-26.029862023936516,26.029862023936516,5.205972404787303,small,small,526.9801126176899,26.980112617689883,5.396022523537977,-0.950250593753367,-0.19005011875067357,False
T21,S1876,0.0,3,1000.0,1461.9530458703673,-461.9530458703673,461.9530458703673,46.19530458703673,small,small,1405.9771188925993,405.97711889259926,40.59771188925993,55.97592697776804,5.597592697776804,True
T21,S1881,8.0,2,1000.0,4040.7962628304444,-3040.7962628304444,3040.7962628304444,304.07962628304443,medium,small,3652.067830474761,2652.067830474761,265.2067830474761,388.72843235568325,38.872843235568325,True
T21,S1883,0.0,1,500.0,588.4365261340042,-88.43652613400423,88.43652613400423,17.687305226800845,small,small,577.7587224638489,77.75872246384893,15.551744492769783,10.6778036701553,2.1355607340310616,True
T21,S1887,3.0,2,500.0,1399.605378248887,-899.6053782488871,899.6053782488871,179.9210756497774,small,small,1392.9520349284305,892.9520349284305,178.59040698568612,6.653343320456543,1.3306686640912915,True
T21,S1889,0.0,1,500.0,616.8366304529196,-116.83663045291962,116.83663045291962,23.367326090583923,small,small,600.8196319010323,100.81963190103227,20.163926380206455,16.016998551887355,3.203399710377468,True
T21,S1890,3.0,1,500.0,882.354712685709,-382.35471268570905,382.35471268570905,76.47094253714181,small,small,850.1251245756811,350.12512457568107,70.02502491513621,32.229588110027976,6.445917622005595,True
T21,S1892,0.0,1,500.0,626.4205869308022,-126.42058693080219,126.42058693080219,25.28411738616044,small,small,617.4414847437497,117.4414847437497,23.48829694874994,8.97910218705249,1.795820437410498,True
T21,S1895,0.0,2,500.0,1158.4497900203326,-658.4497900203326,658.4497900203326,131.6899580040665,small,small,1154.9269900103404,654.9269900103404,130.98539800206808,3.5228000099921246,0.7045600019984306,True
T21,S1897,2.0,1,500.0,1055.360060632548,-555.3600606325481,555.3600606325481,111.0720121265096,small,small,1107.0715033054864,607.0715033054864,121.41430066109729,-51.71144267293835,-10.34228853458768,False
T21,S1898,0.0,5,1000.0,1450.0637926222453,-450.0637926222453,450.0637926222453,45.00637926222453,small,small,1380.9581938303036,380.95819383030357,38.09581938303035,69.1055987919417,6.9105598791941745,True
T21,S1903,0.5,1,500.0,645.8057682206769,-145.8057682206769,145.8057682206769,29.16115364413538,small,small,634.391158102653,134.39115810265298,26.878231620530595,11.414610118023916,2.282922023604783,True
T21,S1905,0.0,1,500.0,626.4205869308022,-126.42058693080219,126.42058693080219,25.28411738616044,small,small,617.4414847437497,117.4414847437497,23.48829694874994,8.97910218705249,1.795820437410498,True
T21,S1907,0.0,1,500.0,626.4205869308022,-126.42058693080219,126.42058693080219,25.28411738616044,small,small,617.4414847437497,117.4414847437497,23.48829694874994,8.97910218705249,1.795820437410498,True
T21,S1911,13.0,2,1000.0,5236.205690447383,-4236.205690447383,4236.205690447383,423.62056904473826,medium,large,4540.662171115255,3540.6621711152548,354.0662171115255,695.5435193321282,69.55435193321279,True
T21,S1914,0.0,2,1000.0,1357.095165229971,-357.0951652299709,357.0951652299709,35.70951652299709,small,small,1405.547134360658,405.547134360658,40.554713436065796,-48.451969130687075,-4.845196913068705,False
T21,S1915,5.0,4,1000.0,4736.9850117438855,-3736.9850117438855,3736.9850117438855,373.6985011743886,medium,small,4540.219975764531,3540.2199757645312,354.02199757645315,196.76503597935425,19.676503597935437,True
T21,S1920,0.0,1,500.0,628.8784892113094,-128.87848921130944,128.87848921130944,25.77569784226189,small,small,618.8138503746806,118.81385037468056,23.76277007493611,10.064638836628887,2.012927767325781,True
T21,S1924,0.0,3,1000.0,1596.8433461195268,-596.8433461195268,596.8433461195268,59.684334611952686,small,small,1562.1056825409448,562.1056825409448,56.21056825409448,34.73766357858199,3.473766357858203,True
T21,S1926,0.0,1,500.0,630.6209944263215,-130.62099442632154,130.62099442632154,26.12419888526431,small,small,620.5285126232152,120.52851262321519,24.10570252464304,10.092481803106352,2.0184963606212705,True
T21,S1927,1.0,1,500.0,786.9708288584633,-286.9708288584633,286.9708288584633,57.39416577169265,small,small,819.6615295077606,319.66152950776063,63.93230590155212,-32.690700649297355,-6.538140129859471,False
T21,S1929,0.0,3,500.0,1708.747932607409,-1208.747932607409,1208.747932607409,241.74958652148183,small,small,1553.2131930309533,1053.2131930309533,210.64263860619067,155.53473957645565,31.10694791529116,True
T21,S1932,0.0,2,1000.0,2691.470679462406,-1691.4706794624062,1691.4706794624062,169.1470679462406,small,small,2550.8246499447823,1550.8246499447823,155.08246499447824,140.6460295176239,14.064602951762367,True
T21,S1934,0.0,2,1000.0,2734.910979589464,-1734.9109795894642,1734.9109795894642,173.49109795894643,small,small,2604.9729668813743,1604.9729668813743,160.49729668813742,129.9380127080899,12.993801270809001,True
T21,S1945,0.0,1,500.0,623.4903433177857,-123.49034331778569,123.49034331778569,24.698068663557137,small,small,613.3596874051241,113.35968740512408,22.671937481024816,10.13065591266161,2.026131182532321,True
T21,S1946,0.0,1,500.0,623.4903433177857,-123.49034331778569,123.49034331778569,24.698068663557137,small,small,613.3596874051241,113.35968740512408,22.671937481024816,10.13065591266161,2.026131182532321,True
T21,S1947,0.0,2,500.0,1394.833940963778,-894.8339409637781,894.8339409637781,178.96678819275562,small,small,1403.3648737522176,903.3648737522176,180.67297475044353,-8.530932788439486,-1.7061865576879143,False
T21,S1948,0.0,1,500.0,623.4903433177857,-123.49034331778569,123.49034331778569,24.698068663557137,small,small,613.3596874051241,113.35968740512408,22.671937481024816,10.13065591266161,2.026131182532321,True
T22,S2391,1.0,1,646.4,1248.7198343096957,-602.3198343096957,602.3198343096957,93.18066743652471,small,small,1227.8045853733574,581.4045853733575,89.94501630157139,20.91524893633823,3.2356511349533292,True
T22,S2393,8.0,3,11147.5,14460.881024526869,-3313.3810245268687,3313.3810245268687,29.72308611371939,medium,small,13208.188377696139,2060.6883776961386,18.48565487953477,1252.6926468307302,11.23743123418462,True
T22,S2394,0.0,1,797.9,1055.0582192105899,-257.1582192105899,257.1582192105899,32.22937952257048,small,small,1013.1530165207938,215.25301652079384,26.977442852587274,41.905202689796056,5.251936669983209,True
T22,S2395,11.0,6,10750.5,11722.40068064204,-971.9006806420402,971.9006806420402,9.040516074992237,medium,small,10612.792073451435,137.7079265485645,1.2809443890848287,834.1927540934757,7.759571685907408,True
T22,S2399,0.0,2,2433.0,6082.993258170544,-3649.9932581705443,3649.9932581705443,150.02027366093483,small,small,5176.652344868642,2743.652344868642,112.76828380060182,906.3409133019022,37.25198986033301,True
T3,S240,14.0,26,15354.0,22070.796460888956,-6716.796460888956,6716.796460888956,43.746231997453144,medium,large,20886.400940736825,5532.400940736825,36.032310412510256,1184.3955201521312,7.713921584942888,True
T22,S2402,0.0,6,6017.7,7069.826503773321,-1052.126503773321,1052.126503773321,17.48386432978249,small,small,7239.911121943613,1222.2111219436129,20.31027006902326,-170.08461817029183,-2.8264057392407693,False
T22,S2403,0.0,3,2877.0,6243.189161526864,-3366.189161526864,3366.189161526864,117.00344669888301,small,small,6281.862295516574,3404.862295516574,118.34766407773981,-38.67313398970964,-1.344217378856797,False
T22,S2404,3.0,1,2374.2,948.9269316617418,1425.2730683382579,1425.2730683382579,60.031718824793955,small,small,958.9365155471671,1415.2634844528327,59.610120649180054,10.009583885425172,0.42159817561390156,True
T22,S2406,0.0,1,2009.9,1020.511973200407,989.388026799593,989.388026799593,49.22573395689303,small,small,1002.6601447187259,1007.2398552812742,50.113928816422415,-17.851828481681196,-0.8881948595293849,False
T22,S2407,18.0,4,5109.3,12562.517854422862,-7453.217854422862,7453.217854422862,145.87551825930873,medium,large,12395.480483291081,7286.180483291081,142.60623731804907,167.03737113178067,3.269280941259666,True
T22,S2408,0.0,2,9936.5,6599.961481521148,3336.538518478852,3336.538518478852,33.57860935418761,small,small,6458.750178572729,3477.749821427271,34.99974660521583,-141.21130294841896,-1.4211372510282203,False
T3,S241,10.5,11,7100.3,15720.641983752514,-8620.341983752514,8620.341983752514,121.40813745549504,medium,small,15507.60242411377,8407.302424113768,118.4077070562338,213.03955963874614,3.0004303992612336,True
T22,S2410,0.0,2,9957.9,6599.961481521148,3357.9385184788516,3357.9385184788516,33.721352077032826,small,small,6458.750178572729,3499.1498214272706,35.13943523661887,-141.21130294841896,-1.4180831595860468,False
T22,S2411,3.0,3,1127.0,6631.585565159674,-5504.585565159674,5504.585565159674,488.428177920113,small,small,6669.64578110301,5542.64578110301,491.80530444569746,-38.060215943336516,-3.3771265255844582,False
T22,S2412,3.0,1,802.5,1060.7689873924332,-258.26898739243325,258.26898739243325,32.1830513884652,small,small,1098.0835255216718,295.58352552167185,36.83283807123637,-37.3145381292386,-4.649786682771165,False
T22,S2413,0.0,6,5924.7,6409.931426680226,-485.2314266802259,485.2314266802259,8.189974626229613,small,small,6019.298439670237,94.59843967023698,1.5966789823997332,390.63298700998894,6.59329564382988,True
T22,S2414,0.0,1,500.0,1026.0418213036457,-526.0418213036457,526.0418213036457,105.20836426072916,small,small,982.2314714418975,482.2314714418975,96.44629428837949,43.81034986174825,8.762069972349664,True
T22,S2416,0.0,1,7724.3,1019.1081312121274,6705.191868787872,6705.191868787872,86.80646620131108,small,small,978.6308625071076,6745.669137492892,87.33049127419821,-40.477268705019924,-0.5240250728871274,False
T22,S2417,2.0,5,66304.7,6964.471286677315,59340.22871332268,59340.22871332268,89.49626303010598,small,small,6495.613259402375,59809.086740597624,90.20338941371823,-468.8580272749459,-0.7071263836122483,False
T22,S2418,2.0,6,13666.3,6808.1451471907585,6858.154852809241,6858.154852809241,50.18296724650594,small,small,6230.208372645765,7436.091627354234,54.41188637271416,-577.9367745449936,-4.228919126208218,False
T22,S2419,0.0,1,537.6,1055.0582192105899,-517.4582192105898,517.4582192105898,96.25338899006508,small,small,1013.1530165207938,475.5530165207938,88.45852241830241,41.905202689796056,7.794866571762668,True
T3,S242,3.5,7,8075.8,6151.891290763048,1923.9087092369518,1923.9087092369518,23.823134664515614,small,small,6446.098308816224,1629.7016911837763,20.18006502369767,294.2070180531755,3.643069640817945,True
T22,S2424,3.0,1,789.0,1167.678190198182,-378.67819019818194,378.67819019818194,47.9947009123171,small,small,1230.510976202668,441.51097620266796,55.958298631516854,-62.832786004486024,-7.963597719199754,False
T22,S2425,0.0,1,2223.5,1055.0582192105899,1168.4417807894101,1168.4417807894101,52.54966407867821,small,small,1013.1530165207938,1210.3469834792063,54.434314525712004,-41.90520268979617,-1.884650447033792,False
T22,S2428,0.0,3,3390.4,2745.7611221216284,644.6388778783717,644.6388778783717,19.013652603774528,small,small,2669.6687375340293,720.7312624659708,21.25800089859517,-76.0923845875991,-2.244348294820643,False
T3,S243,2.0,5,4339.5,5164.872179145856,-825.3721791458556,825.3721791458556,19.01998338854374,small,small,4978.966715164157,639.466715164157,14.735953800303193,185.90546398169863,4.284029588240546,True
T22,S2430,0.0,1,791.5,1055.0582192105899,-263.55821921058987,263.55821921058987,33.29857475812885,small,small,1013.1530165207938,221.6530165207938,28.004171386076287,41.905202689796056,5.294403372052564,True
T22,S2432,0.0,5,7292.7,7115.282547613696,177.41745238630392,177.41745238630392,2.4328088689553105,small,small,6744.0030085129465,548.6969914870533,7.523921064722988,-371.2795391007494,-5.091112195767678,False
T22,S2433,0.5,1,1631.6,1105.4139776881339,526.186022311866,526.186022311866,32.24969491982508,small,small,1063.8373818614166,567.7626181385833,34.7979050097195,-41.576595826717266,-2.548210089894418,False
T22,S2434,0.0,3,3777.2,7589.322331611052,-3812.122331611052,3812.122331611052,100.92455606298454,small,small,6522.6690073977325,2745.4690073977326,72.68529618229728,1066.6533242133191,28.239259880687257,True
T22,S2436,0.0,1,4452.1,1055.0582192105899,3397.0417807894105,3397.0417807894105,76.30200985578513,small,small,1013.1530165207938,3438.9469834792067,77.24325562047586,-41.90520268979617,-0.9412457646907342,False
T22,S2437,0.0,1,1054.8,1055.0582192105899,-0.25821921058991393,0.25821921058991393,0.02448039539153526,small,small,1019.3747922067145,35.425207793285495,3.358476279226915,-35.16698858269558,-3.33399588383538,False
T3,S244,9.0,6,9766.4,13950.422784337445,-4184.022784337445,4184.022784337445,42.840993450375215,medium,small,15678.484415518109,5912.084415518109,60.53494036203831,-1728.0616311806643,-17.693946911663097,False
T22,S2446,5.0,2,3339.9,30397.753923710006,-27057.853923710005,27057.853923710005,810.1396426153478,medium,small,37035.845059624786,33695.945059624784,1008.8908368401684,-6638.091135914779,-198.75119422482055,False
T22,S2448,3.0,1,783.4,1227.5484193092257,-444.1484193092257,444.1484193092257,56.69497310559429,small,small,1343.2986121797746,559.8986121797747,71.4703359943547,-115.75019287054897,-14.775362888760405,False
T22,S2449,11.0,6,5669.1,14039.599950413867,-8370.499950413867,8370.499950413867,147.65130180123595,medium,small,16604.555025981612,10935.455025981611,192.8957863855217,-2564.9550755677446,-45.24448458428574,False
T3,S245,8.0,12,10533.9,24256.66303521561,-13722.76303521561,13722.76303521561,130.27238757929743,medium,small,25046.859799827518,14512.959799827519,137.77385203796808,-790.1967646119083,-7.501464458670654,False
T22,S2451,0.0,6,24958.4,7420.627110697896,17537.772889302105,17537.772889302105,70.2680175383923,small,small,7352.949085950592,17605.45091404941,70.53918085313725,-67.67802474730343,-0.27116331474495325,False
T22,S2454,0.0,3,5623.4,7589.322331611052,-1965.922331611052,1965.922331611052,34.95967442492179,small,small,6513.515692057512,890.1156920575122,15.828781378836865,1075.8066395535398,19.13089304608493,True
T22,S2458,0.0,1,632.4,1076.024309067072,-443.624309067072,443.624309067072,70.14932148435673,small,small,1029.5140380454102,397.1140380454102,62.79475617416354,46.510271021661765,7.354565310193195,True
T3,S246,20.0,22,11468.2,17543.049815919265,-6074.849815919264,6074.849815919264,52.97125805199825,medium,large,19479.213315340538,8011.013315340537,69.85414725362774,-1936.1634994212727,-16.882889201629496,False
T22,S2460,0.0,3,11392.5,2758.3826896237783,8634.117310376221,8634.117310376221,75.78773149331772,small,small,2682.5570789671306,8709.942921032869,76.4533063070693,-75.82561065664777,-0.6655748137515758,False
T22,S2464,0.0,7,20732.9,14892.010493754698,5840.889506245303,5840.889506245303,28.17208160095936,small,small,15574.584162998455,5158.315837001546,24.87985683142033,682.5736692437567,3.292224769539029,True
T22,S2465,0.0,1,514.6,1076.024309067072,-561.4243090670719,561.4243090670719,109.09916616149862,small,small,1029.5140380454102,514.9140380454102,100.06102565981543,46.510271021661765,9.038140501683188,True
T22,S2467,0.0,6,34261.6,17232.6720964272,17028.9279035728,17028.9279035728,49.702663925715086,small,small,17262.024572845738,16999.57542715426,49.616992280437174,29.352476418538572,0.08567164527791249,True
T3,S247,9.5,11,6295.1,14432.826271405858,-8137.726271405858,8137.726271405858,129.27080223357623,medium,small,15932.372623590378,9637.272623590377,153.0916526121964,-1499.5463521845195,-23.82085037862018,False
T22,S2470,0.0,7,32645.4,14892.010493754698,17753.3895062453,17753.3895062453,54.38251486042536,small,small,15574.584162998455,17070.815837001544,52.291642427421756,682.5736692437567,2.0908724330036037,True
T22,S2471,0.0,4,10763.3,12216.504070897456,-1453.2040708974564,1453.2040708974564,13.5014732553906,small,small,11114.391974517333,351.09197451733417,3.261936158216664,1102.1120963801222,10.239537097173937,True
T22,S2476,0.0,1,644.5,1076.024309067072,-431.52430906707195,431.52430906707195,66.95489667448751,small,small,1029.5140380454102,385.0140380454102,59.7384077649977,46.510271021661765,7.2164889094898115,True
T22,S2477,1.0,1,1538.2,1259.1351131900067,279.06488680999337,279.06488680999337,18.14230183396134,small,small,1236.994607797479,301.2053922025211,19.581679378658244,-22.140505392527757,-1.439377544696903,False
T3,S248,4.5,6,4904.0,7984.260340651296,-3080.2603406512962,3080.2603406512962,62.811181497783366,medium,small,9076.38819593299,4172.38819593299,85.08132536568087,-1092.1278552816939,-22.270143867897502,False
T22,S2480,0.0,4,12581.3,4904.049805804633,7677.250194195366,7677.250194195366,61.02112018786109,small,small,5571.668172245271,7009.631827754728,55.714686302327486,667.618366440638,5.3064338855336,True
T22,S2483,1.0,9,91629.9,10847.468240068869,80782.43175993112,80782.43175993112,88.16165002900922,small,small,9537.716081115836,82092.18391888415,89.59104388292923,-1309.752158953037,-1.4293938539200042,False
T22,S2484,0.0,3,15971.2,2770.2591405122917,13200.94085948771,13200.94085948771,82.65465875756179,small,small,2725.5868483769445,13245.613151623056,82.93436405293939,-44.67229213534665,-0.27970529537759603,False
T22,S2485,0.0,6,11480.5,7049.768998155207,4430.731001844793,4430.731001844793,38.59353688293013,small,small,6394.468051609369,5086.031948390631,44.30148467741502,-655.3009465458381,-5.7079477944848875,False
T22,S2486,5.0,6,74689.3,13199.34849085625,61489.95150914375,61489.95150914375,82.327658056969,medium,small,15442.423264397627,59246.876735602375,79.32445040401018,2243.074773541375,3.003207652958821,True
T22,S2487,0.0,3,15369.8,7449.671493596993,7920.128506403006,7920.128506403006,51.530459123755726,small,small,6317.266968560958,9052.533031439041,58.89818365521374,-1132.404525036035,-7.367724531458016,False
T22,S2488,0.0,8,8124.5,9726.335476084754,-1601.8354760847542,1601.8354760847542,19.716111466364136,small,small,10195.69457160265,2071.1945716026494,25.493194308605442,-469.3590955178952,-5.777082842241306,False
T3,S249,10.0,9,8809.2,11273.822207156152,-2464.6222071561515,2464.6222071561515,27.977820995733456,medium,small,16333.768562944539,7524.568562944538,85.41716118313283,-5059.946355788386,-57.43934018739938,False
T22,S2493,0.0,4,10820.8,11644.561416309583,-823.7614163095841,823.7614163095841,7.612758911629308,small,small,10358.261211085228,462.53878891477143,4.274534127927431,361.22262739481266,3.338224783701877,True
T22,S2494,5.0,1,4947.5,1406.0267088641767,3541.4732911358233,3541.4732911358233,71.58106702649467,medium,small,1986.4297405838636,2961.0702594161367,59.84982838637972,580.4030317196866,11.731238640114945,True
T22,S2497,0.0,1,500.0,1076.024309067072,-576.024309067072,576.024309067072,115.20486181341438,small,small,1029.5140380454102,529.5140380454102,105.90280760908203,46.510271021661765,9.30205420433235,True
T3,S250,1.0,8,4415.3,10123.228125135123,-5707.928125135123,5707.928125135123,129.2761109128513,small,small,9325.2047450393,4909.9047450393,111.2020643000317,798.0233800958231,18.0740466128196,True
T22,S2503,0.0,8,14490.2,18450.688684858666,-3960.488684858665,3960.488684858665,27.332187857025193,small,small,19487.57724740642,4997.377247406421,34.48797978914315,-1036.888562547756,-7.155791932117953,False
T22,S2505,0.0,2,1668.9,6061.860815972688,-4392.960815972689,4392.960815972689,263.22492755543703,small,small,5139.375569542166,3470.475569542166,207.94988133154567,922.4852464305227,55.275046223891366,True
T22,S2506,0.0,2,1578.0,6061.860815972688,-4483.860815972688,4483.860815972688,284.1483406826799,small,small,5162.992684825511,3584.992684825511,227.1858482145444,898.8681311471773,56.96249246813548,True
T3,S251,0.0,3,3534.6,4886.843558221308,-1352.243558221308,1352.243558221308,38.25732920899983,small,small,5024.380382708495,1489.780382708495,42.14848590246407,-137.536824487187,-3.8911566934642394,False
T22,S2510,0.0,2,2273.6,6025.147944814837,-3751.5479448148367,3751.5479448148367,165.0047477487173,small,small,5182.062850716101,2908.462850716101,127.92324290623245,843.0850940987357,37.08150484248486,True
T22,S2512,0.0,1,500.0,1076.024309067072,-576.024309067072,576.024309067072,115.20486181341438,small,small,1029.5140380454102,529.5140380454102,105.90280760908203,46.510271021661765,9.30205420433235,True
T22,S2513,0.0,1,1510.6,1079.0503576052397,431.5496423947602,431.5496423947602,28.568094955299895,small,small,1049.1175546291197,461.4824453708802,30.54961243021847,-29.93280297612,-1.9815174749185758,False
T22,S2517,0.0,1,2647.9,1079.0503576052397,1568.8496423947604,1568.8496423947604,59.248825197128305,small,small,1056.1474728447693,1591.7525271552308,60.113770427706136,-22.902884760470442,-0.8649452305778311,False
T3,S252,3.0,10,15242.7,15734.039066478661,-491.33906647866024,491.33906647866024,3.22343854093212,small,small,15927.040114430518,684.3401144305171,4.489625292307249,-193.0010479518569,-1.266186751375129,False
T22,S2524,0.0,1,500.0,1079.0503576052397,-579.0503576052397,579.0503576052397,115.81007152104794,small,small,1056.1474728447693,556.1474728447693,111.22949456895385,22.902884760470442,4.580576952094091,True
T3,S253,0.0,13,11122.5,12417.014442224901,-1294.5144422249014,1294.5144422249014,11.638700312204103,small,small,13140.103605191198,2017.6036051911979,18.13983911163136,-723.0891629662965,-6.501138799427258,False
T3,S254,0.0,3,6196.1,2853.795181970586,3342.3048180294145,3342.3048180294145,53.94207353059851,small,small,2772.1595319855055,3423.940468014495,55.25960633324986,-81.63564998508036,-1.3175328026513498,False
T3,S255,21.0,18,29661.1,21453.265181247796,8207.834818752202,8207.834818752202,27.672051335763687,medium,large,23605.382378438404,6055.717621561595,20.41636224402195,2152.117197190608,7.255689091741736,True
T27,S2550,80.0,27,322790.0,45144.282261460205,277645.7177385398,277645.7177385398,86.01434918632542,large,large,45842.64313697348,276947.3568630265,85.79799772701338,698.3608755132882,0.2163514593120368,True
T27,S2551,92.0,36,115000.0,62937.96714457047,52062.03285542953,52062.03285542953,45.27133291776481,large,large,64112.564071154484,50887.435928845516,44.24994428595262,1174.5969265840104,1.0213886318121865,True
T27,S2552,83.0,50,108145.0,147048.91739653816,-38903.91739653816,38903.91739653816,35.97384751633285,large,large,146279.73018308674,38134.730183086736,35.26259205981482,769.1872134514269,0.7112554565180318,True
T27,S2553,100.0,51,181412.0,194414.90351206687,-13002.90351206687,13002.90351206687,7.16760937097153,large,large,178794.54543455786,2617.454565442138,1.4428232781966672,10385.448946624732,5.724786092774862,True
T27,S2554,143.0,65,206097.0,322249.28449112433,-116152.28449112433,116152.28449112433,56.35806658569719,large,large,279327.10366437875,73230.10366437875,35.53186298897061,42922.18082674558,20.82620359672658,True
T3,S256,1.0,3,1973.4,4462.558084545659,-2489.1580845456588,2489.1580845456588,126.13550646324407,small,small,4018.756469514528,2045.3564695145278,103.64631952541438,443.80161503113095,22.489186937829686,True
T3,S257,9.0,13,16893.7,14656.459667549798,2237.240332450203,2237.240332450203,13.24304523254351,medium,small,19206.595280692698,2312.8952806926973,13.690874590484603,-75.65494824249436,-0.44782935794109235,False
T3,S258,22.0,11,18203.4,14382.679619285615,3820.720380714387,3820.720380714387,20.989048093841735,medium,large,22655.66192359449,4452.261923594488,24.458408448940787,-631.5415428801007,-3.4693603550990524,False
T3,S259,16.0,19,7932.7,20291.74068099605,-12359.040680996048,12359.040680996048,155.7986647799116,medium,large,21918.446076309418,13985.746076309417,176.30499169651463,-1626.705395313369,-20.50632691660303,False
T3,S260,29.0,14,10926.5,21876.522089160793,-10950.022089160793,10950.022089160793,100.21527560665166,large,large,24284.921094069676,13358.421094069676,122.25709142058001,-2408.3990049088825,-22.041815813928352,False
T3,S261,40.0,47,26810.0,45993.57845029958,-19183.57845029958,19183.57845029958,71.55381741999098,large,large,46744.67450513401,19934.67450513401,74.35536928434917,-751.0960548344301,-2.8015518643581885,False
T26,S2615,14.0,12,24190.7,23552.500997359246,638.1990026407548,638.1990026407548,2.6381998149733357,medium,large,24789.695516576063,598.9955165760621,2.4761396593569516,39.2034860646927,0.1620601556163841,True
T26,S2616,16.0,5,13605.8,8819.74612010036,4786.053879899639,4786.053879899639,35.17657087344838,medium,large,9012.032090616085,4593.767909383914,33.76330615901979,192.28597051572433,1.4132647144285855,True
T26,S2617,27.0,10,13830.0,15445.63810723651,-1615.6381072365093,1615.6381072365093,11.682126588839546,medium,large,14772.496111963595,942.4961119635955,6.814867042397653,673.1419952729138,4.867259546441893,True
T26,S2618,61.0,22,69263.5,28768.34261146464,40495.15738853536,40495.15738853536,58.46536399190823,large,large,28289.48918925676,40974.01081074324,59.15671430225622,-478.8534222078815,-0.6913503103479925,False
T26,S2619,29.0,15,9859.9,24924.039955136115,-15064.139955136116,15064.139955136116,152.7818736005042,large,large,22782.443334274925,12922.543334274926,131.06160644910116,2141.59662086119,21.72026715140305,True
T3,S262,25.0,29,12186.9,17260.38183467508,-5073.481834675082,5073.481834675082,41.63061840726585,medium,large,20526.38393462569,8339.48393462569,68.42990370500857,-3266.0020999506087,-26.79928529774272,False
T26,S2620,42.0,17,31037.6,42172.13006345751,-11134.53006345751,11134.53006345751,35.87432682764618,large,large,35288.21293898791,4250.612938987913,13.695043878998097,6883.917124469597,22.17928294864808,True
T26,S2621,26.0,15,27372.1,23937.970475088714,3434.1295249112845,3434.1295249112845,12.546094471784352,medium,large,22785.34374017523,4586.756259824768,16.75704918447897,-1152.6267349134832,-4.210954712694617,False
T26,S2622,16.0,8,105877.0,10863.376796179993,95013.62320382001,95013.62320382001,89.73962541800393,medium,large,11086.669561859735,94790.33043814027,89.52872714389363,223.2927656797401,0.21089827411029205,True
T26,S2623,61.0,15,16636.0,29828.94103656322,-13192.941036563221,13192.941036563221,79.3035647785719,large,large,28374.407530728655,11738.407530728655,70.56027609238191,1454.5335058345663,8.743288686189985,True
T26,S2624,39.0,27,19045.8,39713.97042986266,-20668.17042986266,20668.17042986266,108.5182582504419,large,large,33749.74518648107,14703.945186481073,77.20308512365494,5964.225243381588,31.31517312678696,True
T26,S2625,36.0,13,8035.4,30060.909101036304,-22025.509101036303,22025.509101036303,274.1059449565212,large,large,29805.334187514327,21769.93418751433,270.9253327465257,255.57491352197394,3.180612209995502,True
T26,S2626,43.0,15,18614.3,29653.154142150954,-11038.854142150954,11038.854142150954,59.30308495162835,large,large,27513.862081757277,8899.562081757278,47.81035054639325,2139.2920603936764,11.492734405235097,True
T26,S2627,70.0,20,16604.2,29149.774988821635,-12545.574988821634,12545.574988821634,75.55663620542774,large,large,30666.746569448955,14062.546569448954,84.69270768509747,-1516.9715806273198,-9.136071479669738,False
T26,S2628,59.0,19,14798.0,28384.702219430015,-13586.702219430015,13586.702219430015,91.81444938120026,large,large,29176.415654010874,14378.415654010874,97.16458747135339,-791.713434580859,-5.3501380901531235,False
T26,S2629,67.0,16,13681.5,30181.98550661086,-16500.48550661086,16500.48550661086,120.60435995037724,large,large,30798.149634323992,17116.649634323992,125.10798987189995,-616.1641277131312,-4.503629921522702,False
T3,S263,0.0,12,33778.3,12652.194236229465,21126.105763770538,21126.105763770538,62.54342510952456,small,small,13886.577081146714,19891.722918853287,58.88905871181582,1234.3828449172506,3.654366397708742,True
T23,S2668,71.0,20,19157.9,53686.3308054811,-34528.4308054811,34528.4308054811,180.23077062455224,large,large,52800.792693468815,33642.89269346881,175.60845757347522,885.5381120122838,4.622313051077015,True
T23,S2669,32.0,9,25531.3,14647.5728878738,10883.7271121262,10883.7271121262,42.62895783656218,large,large,16362.241929480173,9169.058070519826,35.91300901450309,1714.6690416063739,6.71594882205909,True
T23,S2670,28.0,16,64980.3,28064.622098253443,36915.67790174656,36915.67790174656,56.81056859039826,medium,large,27932.92231884538,37047.37768115463,57.01324506220289,-131.69977940806712,-0.20267647180462944,False
T23,S2671,26.0,10,5179.7,15481.182986128322,-10301.482986128321,10301.482986128321,198.88184617117443,medium,large,16447.022019207623,11267.322019207622,217.5284672704524,-965.8390330793009,-18.64662109927798,False
T23,S2672,21.0,11,9376.4,12014.085598972715,-2637.6855989727155,2637.6855989727155,28.131112142962284,medium,large,13609.389730441082,4232.989730441082,45.14514878248669,-1595.304131468367,-17.01403663952441,False
T23,S2673,22.0,9,26687.6,15510.100835930572,11177.499164069426,11177.499164069426,41.882743911289985,medium,large,15736.221086774924,10951.378913225075,41.03545808999339,226.12025084435118,0.8472858212965946,True
T23,S2674,26.0,12,8242.3,21051.98072043821,-12809.68072043821,12809.68072043821,155.41391020028647,medium,large,20771.98991630555,12529.68991630555,152.016911739509,279.99080413265983,3.3969984607774677,True
T23,S2675,0.0,24,19641.3,39513.17949509347,-19871.87949509347,19871.87949509347,101.1739523101499,small,small,40801.49338730357,21160.19338730357,107.73316118232282,-1288.3138922100989,-6.559208872172917,False
T23,S2676,0.0,5,8475.1,6287.8585843097,2187.2414156903005,2187.2414156903005,25.807853779781954,small,small,6815.480049873985,1659.6199501260153,19.582305225024076,527.6214655642852,6.225548554757879,True
T25,S2732,26.0,12,13866.8,14366.626490041903,-499.8264900419035,499.8264900419035,3.6044832985397033,medium,large,14862.9655261766,996.1655261766009,7.18381693091846,-496.3390361346974,-3.5793336323787566,False
T25,S2733,4.0,5,4831.3,5770.350443139965,-939.050443139965,939.050443139965,19.436806721585597,small,small,6688.804129403677,1857.5041294036764,38.44729429767715,-918.4536862637115,-19.010487576091556,False
T25,S2734,4.0,10,24327.6,12697.639272603452,11629.960727396547,11629.960727396547,47.80562294429597,small,small,13134.68520691497,11192.914793085029,46.00912047668093,437.04593431151807,1.796502467615042,True
T25,S2735,67.0,35,76712.4,49551.90292221794,27160.497077782056,27160.497077782056,35.40561509975188,large,large,57327.30333825885,19385.096661741147,25.269834683494647,7775.4004160409095,10.13578041625723,True
T25,S2736,64.0,25,85749.0,39640.400051817145,46108.599948182855,46108.599948182855,53.77158911262272,large,large,44656.04408698644,41092.95591301356,47.922373337314205,5015.6440351692945,5.849215775308515,True
T25,S2737,3.0,49,77416.3,59172.05275357893,18244.247246421073,18244.247246421073,23.56641591812199,small,small,70371.76613639093,7044.533863609075,9.09954862685129,11199.713382811999,14.4668672912707,True
T25,S2738,5.0,12,22793.3,13383.653514697211,9409.646485302788,9409.646485302788,41.28251058557905,medium,small,14504.724956305026,8288.575043694973,36.3640852517844,1121.0714416078154,4.918425333794644,True
T25,S2739,29.0,24,167940.0,50785.69833959104,117154.30166040896,117154.30166040896,69.75961751840477,large,large,51804.26977460118,116135.73022539882,69.15310838716138,1018.571435010148,0.606509131243385,True
T25,S2740,6.0,29,168956.0,40415.46756276501,128540.532437235,128540.532437235,76.07929427616361,medium,small,38848.92041281127,130107.07958718872,77.00648665166595,-1566.5471499537234,-0.9271923755023437,False
T25,S2741,0.0,15,139474.0,14236.256592258329,125237.74340774167,125237.74340774167,89.79289574239046,small,small,15108.226817682167,124365.77318231783,89.16771095854268,871.9702254238364,0.6251847838477715,True
T25,S2742,0.0,20,15798.8,50059.58372993036,-34260.783729930365,34260.783729930365,216.85687349628054,small,small,49303.51061822307,33504.710618223064,212.07123717132356,756.073111707301,4.785636324956982,True
T25,S2743,0.0,26,58824.1,48411.82961465396,10412.27038534604,10412.27038534604,17.700687958415074,small,small,47222.811413012794,11601.288586987204,19.72199929448509,-1189.0182016411636,-2.021311336070017,False
T25,S2744,0.0,32,36236.8,37417.49038029115,-1180.6903802911474,1180.6903802911474,3.258263368429738,small,small,44704.85043455781,8468.050434557808,23.368648541145486,-7287.360054266661,-20.11038517271575,False
T25,S2745,0.0,34,115018.0,54247.68665377464,60770.31334622536,60770.31334622536,52.835480834500125,small,small,61561.71428966571,53456.28571033429,46.47645212952259,7314.0276358910705,6.359028704977533,True
T25,S2746,0.0,42,43917.6,37407.70305861774,6509.896941382256,6509.896941382256,14.822979719707488,small,small,43282.73389952817,634.8661004718306,1.4455846869406128,5875.0308409104255,13.377395032766875,True
T25,S2747,0.0,24,16507.9,49284.83963487235,-32776.939634872346,32776.939634872346,198.55305420357735,small,small,51305.10478166024,34797.204781660235,210.79122590796064,-2020.2651467878895,-12.23817170438329,False
T24,S2863,3.0,5,7719.6,11702.730504656582,-3983.1305046565813,3983.1305046565813,51.59762817576793,small,small,12243.713206703202,4524.113206703201,58.605539233939595,-540.98270204662,-7.007911058171665,False
T24,S2865,0.0,5,7712.3,18720.26652431002,-11007.96652431002,11007.96652431002,142.7326027814014,small,small,18091.384597045464,10379.084597045465,134.57833068015333,628.881927264556,8.154272101248068,True
T24,S2866,8.0,7,3369.6,19627.77810229351,-16258.178102293508,16258.178102293508,482.49578888572853,medium,small,23682.757632877972,20313.157632877974,602.8358746699304,-4054.9795305844655,-120.34008578420185,False
T24,S2867,24.0,4,9787.1,12668.85432396269,-2881.7543239626903,2881.7543239626903,29.444414831387135,medium,large,14533.15866550331,4746.058665503309,48.49300268213576,-1864.3043415406191,-19.048587850748625,False
T24,S2868,14.0,7,109885.0,14072.466666488714,95812.53333351128,95812.53333351128,87.19345982937733,medium,large,15520.919046926005,94364.080953074,85.87530686906675,1448.4523804372875,1.3181529603105844,True
T24,S2869,23.0,12,24892.4,61988.170279905244,-37095.77027990524,37095.77027990524,149.02448249226768,medium,large,64033.91290766675,39141.51290766675,157.24282474838404,-2045.7426277615086,-8.218342256116358,False
T24,S2870,0.0,12,18228.7,51911.02672521072,-33682.32672521072,33682.32672521072,184.7763511671744,small,small,52846.99039099838,34618.29039099837,189.91091186424907,-935.9636657876545,-5.134560697074676,False
T24,S2871,12.0,11,3781.8,39834.57979764018,-36052.77979764018,36052.77979764018,953.3232798572155,medium,small,38370.53893409898,34588.738934098976,914.610474750092,1464.0408635412023,38.712805107123586,True
T24,S2872,31.0,11,47084.6,32803.09017157491,14281.509828425085,14281.509828425085,30.331594254650323,large,large,28795.62164592132,18288.978354078678,38.842802857152186,-4007.468525653592,-8.511208602501863,False
T24,S2873,14.0,3,1900.7,12550.06434908079,-10649.36434908079,10649.36434908079,560.2864391582465,medium,large,14621.912198280963,12721.212198280962,669.2909032609545,-2071.8478492001723,-109.00446410270797,False
T24,S2874,12.0,3,42815.8,6576.384787926865,36239.41521207314,36239.41521207314,84.64028515658504,medium,small,7818.6396866509185,34997.160313349086,81.73889151516282,1242.2548987240516,2.9013936414222172,True
T24,S2875,0.0,11,47130.7,36461.23551780685,10669.46448219315,10669.46448219315,22.638035255561984,small,small,38157.394794131134,8973.305205868863,19.039193574185962,1696.159276324288,3.5988416813760224,True
T24,S2876,13.0,26,130061.0,130377.93482530088,-316.9348253008793,316.9348253008793,0.24368167652169315,medium,large,129643.83545805227,417.16454194772814,0.32074529793537504,-100.22971664684883,-0.0770636214136819,False
T24,S2877,9.0,2,8268.0,5649.591456216137,2618.408543783863,2618.408543783863,31.66918896690691,medium,small,6620.049641879721,1647.950358120279,19.93166857910352,970.4581856635841,11.73752038780339,True
T24,S2878,9.0,3,5058.3,6822.378308635623,-1764.0783086356232,1764.0783086356232,34.87492455243111,medium,small,8397.50550935876,3339.2055093587596,66.01438248737243,-1575.1272007231364,-31.13945793494132,False
T24,S2879,2.0,15,16533.7,65834.70261295782,-49301.00261295782,49301.00261295782,298.18493508989405,small,small,61017.28075424784,44483.58075424784,269.0479490631126,4817.421858709975,29.13698602678147,True
T24,S2880,13.0,11,27000.7,43014.31246599599,-16013.612465995986,16013.612465995986,59.308138181587836,medium,large,48515.32513941252,21514.625139412517,79.68173098998366,-5501.0126734165315,-20.373592808395827,False
T24,S2881,45.0,20,60757.8,77710.81762983133,-16953.01762983133,16953.01762983133,27.90261930127709,large,large,80251.18818007079,19493.38818007079,32.08376238124288,-2540.3705502394587,-4.181143079965789,False
T24,S2882,0.0,5,11166.0,22039.253113185296,-10873.253113185296,10873.253113185296,97.37822956461845,small,small,23606.091992557056,12440.091992557056,111.41046025933241,-1566.8388793717604,-14.03223069471396,False
T24,S2883,48.0,20,347037.0,46357.30417273054,300679.69582726946,300679.69582726946,86.64197069109906,large,large,50577.30265349732,296459.6973465027,85.42596246120809,4219.998480766779,1.2160082298909742,True
T24,S2885,21.0,27,460349.0,111177.09264851303,349171.90735148697,349171.90735148697,75.84938977851303,medium,large,116413.65326916195,343935.34673083806,74.71187006615374,5236.560620648903,1.1375197123592926,True
T24,S2886,4.0,2,5332.1,12558.282215450912,-7226.182215450912,7226.182215450912,135.5222560614188,small,small,12573.655356085876,7241.555356085875,135.81056912071932,-15.37314063496342,-0.28831305930052054,False
T24,S2887,18.0,26,45037.9,61202.8317999401,-16164.931799940096,16164.931799940096,35.89184175980695,medium,large,60507.66407079275,15469.76407079275,34.348324568402944,695.1677291473461,1.543517191404007,True
T24,S2888,26.0,3,22663.5,7024.776655300013,15638.723344699987,15638.723344699987,69.0040079630242,medium,large,12201.199390382591,10462.300609617409,46.16365790640196,5176.422735082579,22.840350056622235,True
T24,S2889,8.0,5,13557.4,10953.267874871985,2604.132125128015,2604.132125128015,19.208197184770054,medium,small,13338.804894261695,218.59510573830448,1.6123674579071539,2385.5370193897106,17.5958297268629,True
T28,S3205,74.6,22,135441.0,65438.50870690088,70002.49129309913,70002.49129309913,51.684860044668255,large,large,66370.99143271889,69070.00856728111,50.996381130736715,932.4827258180158,0.6884789139315401,True
T28,S3206,140.0,30,161498.0,66195.96820624408,95302.03179375592,95302.03179375592,59.01127679213112,large,large,67340.6756958342,94157.3243041658,58.30247080717148,1144.707489590117,0.7088059849596391,True
T28,S3207,39.0,9,6868.7,18485.137083663554,-11616.437083663553,11616.437083663553,169.12133422137455,large,large,18512.22530638721,11643.525306387208,169.51570612178733,-27.088222723654326,-0.3943719004127786,False
T28,S3208,122.0,23,31372.5,71769.3643523736,-40396.864352373595,40396.864352373595,128.7652063188257,large,large,66197.45406274768,34824.95406274768,111.00471451987468,5571.910289625914,17.760491798951023,True
T28,S3209,74.80000000000001,23,29911.3,56449.842570953246,-26538.542570953246,26538.542570953246,88.72413626607084,large,large,51194.70460621262,21283.404606212618,71.15506382608785,5255.137964740628,17.56907243998299,True
T28,S3210,73.0,16,36571.6,51534.884601436745,-14963.284601436746,14963.284601436746,40.91503954280575,large,large,48668.6794902722,12097.079490272205,33.07779667904113,2866.2051111645414,7.837242863764622,True
T28,S3211,235.59999999999997,67,562235.0,280993.28280186676,281241.71719813324,281241.71719813324,50.02209346592319,large,large,272848.53788542066,289386.46211457934,51.47073058677943,-8144.7449164460995,-1.4486371208562403,False
T28,S3212,136.5,30,106895.0,108877.49555797389,-1982.495557973889,1982.495557973889,1.854619540646325,large,large,108351.41397813645,1456.4139781364502,1.3624715638116378,526.0815798374388,0.49214797683468725,True
T28,S3213,127.0,26,24287.8,66639.80341461705,-42352.00341461705,42352.00341461705,174.37562650638202,large,large,62374.3564612675,38086.55646126751,156.81352967855264,4265.446953349543,17.56209682782938,True
T28,S3214,58.0,13,7514.5,40551.73171976438,-33037.23171976438,33037.23171976438,439.64643981321944,large,large,40105.44377723388,32590.94377723388,433.7074160254692,446.2879425305,5.939023787750273,True
T28,S3215,70.85,16,25287.5,58630.177476281766,-33342.677476281766,33342.677476281766,131.85438448356607,large,large,53911.63773469376,28624.13773469376,113.19481061668317,4718.539741588007,18.659573866882894,True
T28,S3216,182.25,30,300013.0,119398.06224306118,180614.9377569388,180614.9377569388,60.20237048292534,large,large,119076.50235138116,180936.49764861882,60.30955246893262,-321.5598916800227,-0.10718198600728357,False
T28,S3217,108.0,18,20824.8,34112.31616474289,-13287.516164742894,13287.516164742894,63.806212615453184,large,large,38537.43495800488,17712.63495800488,85.05548652570437,-4425.118793261987,-21.249273910251183,False
T28,S3218,29.0,9,17342.5,19711.899252150022,-2369.399252150022,2369.399252150022,13.662385769929491,large,large,22292.0638107164,4949.563810716401,28.540082518185965,-2580.164558566379,-14.877696748256474,False
T28,S3219,141.75,34,73080.7,114454.92060840745,-41374.22060840746,41374.22060840746,56.61442844472953,large,large,118273.36903849259,45192.66903849259,61.83940361612928,-3818.4484300851327,-5.224975171399748,False
T28,S3220,54.75,23,75504.5,62615.55546047679,12888.94453952321,12888.94453952321,17.070432278239327,large,large,55074.68596448647,20429.814035513533,27.057743625232316,-7540.869495990322,-9.987311346992989,False
T28,S3221,160.0,27,96847.5,107445.33373551242,-10597.833735512424,10597.833735512424,10.942805684723327,large,large,114272.09337523715,17424.59337523715,17.991784377745578,-6826.759639724725,-7.048978693022251,False
T28,S3222,124.35,33,70493.2,128395.70195078015,-57902.50195078015,57902.50195078015,82.13913108041649,large,large,134060.21343956256,63567.013439562565,90.17467420909048,-5664.511488782417,-8.035543128673993,False
T28,S3223,151.25,34,87655.4,113320.43212647225,-25665.03212647226,25665.03212647226,29.27946495763211,large,large,116444.7749309249,28789.37493092491,32.843812167789906,-3124.3428044526518,-3.564347210157795,False
T28,S3224,25.35,15,35639.7,23580.97243631254,12058.727563687458,12058.727563687458,33.83509839781889,medium,large,22427.61971768738,13212.080282312618,37.071244377232745,-1153.3527186251595,-3.2361459794138554,False
T28,S3225,189.0,40,104610.0,105927.33488115441,-1317.3348811544129,1317.3348811544129,1.2592819817937224,large,large,104970.2513902528,360.2513902528008,0.3443756717835778,957.0834909016121,0.9149063100101447,True
T28,S3226,4.0,1,500.0,775.4336803739423,-275.43368037394225,275.43368037394225,55.08673607478845,small,small,788.6119539374082,288.6119539374082,57.722390787481636,-13.17827356346595,-2.6356547126931886,False
T28,S3227,104.2,28,65612.9,72579.25449580974,-6966.354495809748,6966.354495809748,10.617354964968397,large,large,68532.61362303968,2919.7136230396864,4.449907903841602,4046.640872770062,6.167447061126795,True
T28,S3228,67.85,24,38756.3,49310.55247603477,-10554.252476034766,10554.252476034766,27.232353129774424,large,large,46973.82637531294,8217.52637531294,21.203072469025525,2336.726100721826,6.029280660748899,True
T28,S3229,87.6,34,90616.4,60171.03676347444,30445.363236525554,30445.363236525554,33.59807191250762,large,large,60721.230215228956,29895.16978477104,32.99090427866373,550.193451754516,0.6071676338438934,True
T28,S3230,129.1,25,60444.8,89963.76038113084,-29518.960381130833,29518.960381130833,48.83622806449989,large,large,86718.10654233875,26273.306542338745,43.466611755417745,3245.653838792088,5.369616309082147,True
T28,S3231,165.5,41,95961.5,130402.07875330956,-34440.57875330956,34440.57875330956,35.889996251944325,large,large,134693.99678104927,38732.49678104927,40.36253787305249,-4291.91802773971,-4.472541621108164,False
T28,S3232,98.9,27,41075.1,77857.33745183983,-36782.237451839836,36782.237451839836,89.54874717734062,large,large,78467.86380705482,37392.76380705482,91.03511326096545,-610.5263552149845,-1.48636608362483,False
T28,S3233,63.0,15,50681.1,59122.77055403696,-8441.670554036958,8441.670554036958,16.65644698721409,large,large,57733.58890938615,7052.488909386149,13.915421941090761,1389.1816446508092,2.741025046123328,True
T28,S3234,148.0,44,55688.1,126066.80374344699,-70378.703743447,70378.703743447,126.38014897877106,large,large,124251.1774365057,68563.0774365057,123.1198001664731,1815.6263069412962,3.2603488122979627,True
T28,S3235,78.7,31,68347.9,73099.79671662496,-4751.896716624964,4751.896716624964,6.952513122751341,large,large,77218.59165825546,8870.69165825547,12.978733301616394,-4118.7949416305055,-6.026220178865053,False
T28,S3236,177.2,35,109636.0,96115.5183765433,13520.481623456697,13520.481623456697,12.33215515292121,large,large,95749.67918856686,13886.320811433136,12.66584042780942,-365.83918797643855,-0.3336852748882091,False
T28,S3237,164.5,46,232294.0,115163.48055170116,117130.51944829884,117130.51944829884,50.42339425396215,large,large,123430.65172147608,108863.34827852392,46.864468423000126,8267.171169774927,3.558925830962025,True
T28,S3239,72.1,21,67502.8,47432.71994469074,20070.080055309263,20070.080055309263,29.73221859731635,large,large,46347.09388816939,21155.706111830616,31.340486782519562,-1085.6260565213524,-1.6082681852032117,False
T28,S3240,108.7,23,31160.1,42377.45049168487,-11217.350491684869,11217.350491684869,35.99908373748759,large,large,44002.84154064588,12842.741540645882,41.21534122369916,-1625.3910489610134,-5.216257486211575,False
T28,S3241,41.0,7,72027.3,14722.602059535204,57304.6979404648,57304.6979404648,79.55969186747913,large,large,12841.54687257357,59185.75312742643,82.1712782895186,-1881.055186961632,-2.6115864220394656,False
T28,S3242,15.0,6,9447.4,7284.06931998668,2163.3306800133196,2163.3306800133196,22.89868831650316,medium,large,6919.195114267681,2528.204885732319,26.760853628853642,-364.8742057189993,-3.8621653123504807,False
T28,S3243,119.0,34,73191.2,54763.07149121444,18428.128508785558,18428.128508785558,25.17806581772885,large,large,63410.20772298768,9780.992277012316,13.363617862546748,8647.136231773242,11.814447955182102,True
T28,S3244,70.0,8,2500.0,28899.685353541794,-26399.685353541794,26399.685353541794,1055.9874141416717,large,large,26302.221040571887,23802.221040571887,952.0888416228754,2597.464312969907,103.8985725187963,True
T28,S3245,11.0,4,222351.0,5747.827237900606,216603.1727620994,216603.1727620994,97.41497576448921,medium,small,4904.580263745089,217446.4197362549,97.79421713248642,-843.2469741555105,-0.37924136799721,False
T28,S3246,18.0,4,500.9,3501.1728664498614,-3000.2728664498613,3000.2728664498613,598.9764157416373,medium,large,2991.5986713662614,2490.6986713662614,497.2446938243684,509.5741950836,101.73172191726889,True
T28,S3247,14.0,10,42885.2,8927.98232290333,33957.21767709667,33957.21767709667,79.18167031306062,medium,large,10442.298910691667,32442.901089308332,75.6505766308851,1514.3165877883366,3.5310936821755234,True
T28,S3248,2.0,1,13779.1,1063.1931230332034,12715.906876966797,12715.906876966797,92.28401620546187,small,small,1125.8523078342548,12653.247692165745,91.8292754400922,62.659184801052106,0.4547407653696638,True
T28,S3249,76.0,21,71070.7,59662.79869745423,11407.901302545768,11407.901302545768,16.051482963507844,large,large,60524.70332066512,10545.99667933488,14.838740408262307,861.9046232108885,1.212742555245537,True
T28,S3250,4.0,1,20100.5,701.7562299342551,19398.743770065747,19398.743770065747,96.50876231967239,small,small,684.9144155168,19415.5855844832,96.59255035687272,-16.84181441745386,-0.08378803720033545,False
T28,S3251,72.0,24,50112.4,49671.05749641234,441.3425035876644,441.3425035876644,0.8807051819263584,large,large,47954.161031484306,2158.238968515696,4.306796259041067,-1716.8964649280315,-3.426091077114709,False
T28,S3252,25.0,11,19553.8,21079.21493298983,-1525.4149329898319,1525.4149329898319,7.80111759857333,medium,large,19896.68953640768,342.8895364076816,1.7535698248303737,1182.5253965821503,6.047547773742957,True
T28,S3253,82.0,12,153362.0,42329.724092742545,111032.27590725746,111032.27590725746,72.39881842128915,large,large,38664.75531884773,114697.24468115227,74.78856866834826,-3664.9687738948123,-2.389750247059112,False
T28,S3254,54.0,18,65094.5,42227.166522837906,22867.333477162094,22867.333477162094,35.12944024020784,large,large,39143.69088384512,25950.80911615488,39.86636215986739,-3083.475638992786,-4.736921919659551,False
T28,S3255,84.5,24,64529.8,54158.51229229043,10371.287707709576,10371.287707709576,16.072090271021413,large,large,56306.5166847215,8223.283315278502,12.743388814591865,2148.004392431074,3.328701456429547,True
T28,S3256,139.0,11,13417.9,25827.625091890535,-12409.725091890536,12409.725091890536,92.48634355518028,large,large,25064.13279147828,11646.232791478282,86.79624077894664,763.4923004122538,5.690102776233644,True
T28,S3257,94.0,24,38548.5,56855.595142706254,-18307.095142706254,18307.095142706254,47.49107006162692,large,large,55921.442706269874,17372.942706269874,45.06775284711434,934.1524364363795,2.423317214512579,True
T28,S3258,68.3,16,21764.0,18794.753952945455,2969.2460470545448,2969.2460470545448,13.642924311039078,large,large,17635.074169668664,4128.925830331336,18.97135558873064,-1159.6797832767916,-5.3284312776915606,False
T28,S3259,51.0,27,43661.1,18192.012988648046,25469.087011351952,25469.087011351952,58.33358988058467,large,large,20786.20355501629,22874.896444983708,52.391938006563535,2594.1905663682446,5.941651874021133,True
T28,S3260,31.5,12,26959.0,12142.845171539015,14816.154828460985,14816.154828460985,54.95810240906928,large,large,14890.449921431315,12068.550078568685,44.76631209825545,2747.6047498923,10.191790310813829,True
T28,S3261,148.2,30,146809.0,82618.9749173955,64190.025082604494,64190.025082604494,43.72349452867637,large,large,80610.64877546736,66198.35122453264,45.091480239312745,-2008.326141928148,-1.3679857106363755,False
T28,S3262,0.0,3,4528.0,6511.746902459635,-1983.7469024596348,1983.7469024596348,43.810664806970735,small,small,7626.09317379206,3098.09317379206,68.42078564028401,-1114.3462713324252,-24.610120833313275,False
T28,S3263,23.0,12,25053.3,7467.3215765529185,17585.97842344708,17585.97842344708,70.1942595324651,medium,large,8394.167647918488,16659.132352081513,66.49476257451718,926.8460713655659,3.6994969579479147,True
T28,S3264,35.0,10,24125.4,14258.607304086187,9866.792695913815,9866.792695913815,40.897944473102264,large,large,15916.517751247724,8208.882248752278,34.02589075726113,1657.9104471615374,6.872053715841133,True
T28,S3265,0.0,8,8500.6,10051.541816769894,-1550.9418167698932,1550.9418167698932,18.245086426486285,small,small,11584.065692784985,3083.4656927849846,36.27350649112985,-1532.5238760150914,-18.028420064643566,False
T28,S3266,11.0,5,2378.0,10328.047552898768,-7950.047552898768,7950.047552898768,334.31654974343013,medium,small,7141.789263377366,4763.789263377366,200.327555230335,3186.258289521402,133.98899451309512,True
T28,S3267,38.5,7,28973.5,8466.62383174486,20506.87616825514,20506.87616825514,70.77804258462092,large,large,8320.112769753378,20653.387230246622,71.28371522338213,-146.51106199148126,-0.5056726387612116,False
T28,S3268,4.0,11,12354.8,11134.213001968776,1220.5869980312236,1220.5869980312236,9.879455742150611,small,small,10391.3849318231,1963.4150681768988,15.89192110092352,-742.8280701456752,-6.012465358772909,False
T28,S3269,64.0,5,27187.0,2360.9583546783533,24826.041645321646,24826.041645321646,91.3158555387562,large,large,8766.63073892174,18420.36926107826,67.75432839621239,6405.672384243386,23.56152714254381,True
T28,S3270,21.0,3,8616.3,6572.368362270721,2043.931637729278,2043.931637729278,23.721686080211672,medium,large,6718.59972910617,1897.700270893829,22.024538037136928,146.23136683544908,1.697148043074744,True
T28,S3271,29.0,10,200662.0,8976.726176578668,191685.27382342133,191685.27382342133,95.52644438081018,large,large,9060.537285019884,191601.46271498012,95.48467707636729,83.81110844120849,0.041767304442885234,True
T28,S3272,7.0,3,2548.8,6495.5190687866425,-3946.7190687866423,3946.7190687866423,154.8461655989737,medium,small,5811.753498135192,3262.9534981351917,128.0192050429689,683.7655706514506,26.826960556004792,True
T28,S3273,145.0,20,435239.0,38626.959516771356,396612.04048322863,396612.04048322863,91.12511527763564,large,large,44373.11626975295,390865.88373024703,89.80488507009873,5746.156752981595,1.320230207536909,True
T28,S3274,8.0,2,1032.8,2945.0255428003575,-1912.2255428003575,1912.2255428003575,185.14964589468994,medium,small,2773.000434165787,1740.2004341657869,168.49345799436358,172.02510863457064,16.65618790032636,True
T28,S3275,4.0,2,5949.4,4565.585837732196,1383.814162267804,1383.814162267804,23.25972639707877,small,small,4025.2958132524755,1924.1041867475242,32.34114678366767,-540.2900244797202,-9.0814203865889,False
T28,S3276,6.0,2,3284.2,2976.1699042682867,308.0300957317131,308.0300957317131,9.379151566034746,medium,small,3410.890925581772,126.69092558177226,3.857588623767501,181.33917014994086,5.521562942267245,True
T28,S3277,156.6,48,135394.0,52573.60993302928,82820.39006697072,82820.39006697072,61.169911566960664,large,large,52297.82058351039,83096.17941648961,61.373605489526575,-275.78934951889096,-0.20369392256591112,False
T28,S3278,14.0,6,4658.2,4856.219964479944,-198.01996447994406,198.01996447994406,4.250997477135891,medium,large,5180.939156150831,522.7391561508311,11.221913102718457,-324.7191916708871,-6.970915625582566,False
T28,S3279,158.25,28,143665.0,41021.76067139387,102643.23932860613,102643.23932860613,71.44623904820668,large,large,38127.24057278869,105537.7594272113,73.4610095898175,-2894.5200986051786,-2.0147705416108153,False
T28,S3280,10.0,5,2160.3,8195.690710211291,-6035.390710211291,6035.390710211291,279.37743416244456,medium,small,5477.736596905145,3317.436596905145,153.56369934292204,2717.9541133061457,125.81373481952252,True
T28,S3282,0.0,3,500.0,5333.457587026478,-4833.457587026478,4833.457587026478,966.6915174052956,small,small,5675.440557384301,5175.440557384301,1035.0881114768604,-341.98297035782343,-68.39659407156478,False
T28,S3283,42.0,11,20389.5,5613.872024244837,14775.627975755164,14775.627975755164,72.46684801370884,large,large,4997.855263885868,15391.644736114133,75.48809306807,-616.0167603589689,-3.0212450543611595,False
T28,S3284,9.0,25,136511.0,31230.735951231585,105280.26404876841,105280.26404876841,77.12218359602406,medium,small,32831.088781543694,103679.91121845631,75.94985841320943,1600.3528303120984,1.1723251828146317,True
T29,S3291,5.0,5,7273.3,4610.686630810433,2662.6133691895675,2662.6133691895675,36.608050942344846,medium,small,4703.83860321638,2569.4613967836203,35.327312179940606,93.15197240594716,1.2807387624042406,True
T29,S3292,28.0,13,26280.2,9558.715330007832,16721.48466999217,16721.48466999217,63.6276918364098,medium,large,10033.21924695378,16246.98075304622,61.82213511710801,474.50391694594873,1.8055567193017907,True
T30,S3359,16.0,6,4454.7,7862.163584296757,-3407.4635842967573,3407.4635842967573,76.49142667961384,medium,large,7799.300571049088,3344.600571049088,75.08026513680132,62.86301324766919,1.411161542812522,True
T30,S3360,10.0,9,13883.1,19112.196923011285,-5229.096923011284,5229.096923011284,37.665196699665664,medium,small,19271.144633024815,5388.044633024814,38.81009740637764,-158.94771001353,-1.1449007067119794,False
T30,S3361,8.0,8,10586.8,13954.280707916978,-3367.4807079169786,3367.4807079169786,31.808296254930468,medium,small,15752.158991794071,5165.358991794072,48.79055986505906,-1797.878283877093,-16.98226361012859,False
T30,S3362,39.0,22,41297.5,30193.439855564593,11104.060144435407,11104.060144435407,26.887971776585523,large,large,31454.074465385776,9843.425534614224,23.835402953239843,1260.6346098211834,3.0525688233456805,True
T30,S3363,36.0,17,24866.1,35421.416731757185,-10555.316731757186,10555.316731757186,42.44862174509548,large,large,35971.974892517756,11105.874892517757,44.66271306122696,-550.5581607605709,-2.21409131613148,False
T30,S3364,37.0,24,31054.9,32015.509051018784,-960.6090510187823,960.6090510187823,3.0932608091437497,large,large,35502.68651310778,4447.786513107778,14.322334037809743,-3487.1774620889955,-11.229073228665992,False
T30,S3365,5.0,9,6834.3,18755.043796200796,-11920.743796200797,11920.743796200797,174.4252344234347,medium,small,17847.21268457013,11012.912684570132,161.14178020528996,907.831111630665,13.283454218144726,True
T30,S3366,8.0,5,1281.1,4382.382197193152,-3101.282197193152,3101.282197193152,242.07963446984252,medium,small,4531.997728903988,3250.897728903988,253.75831152166018,-149.61553171083597,-11.678677051817658,False
T30,S3367,39.0,17,14633.0,19894.614519942163,-5261.614519942163,5261.614519942163,35.95718253223647,large,large,20190.163509682927,5557.163509682927,37.97692550866484,-295.5489897407642,-2.0197429764283683,False
T30,S3368,37.0,12,19057.4,25224.818089874912,-6167.418089874911,6167.418089874911,32.36232691697142,large,large,20736.30755499481,1678.9075549948102,8.809740861790223,4488.510534880101,23.552586055181195,True
T30,S3369,43.0,14,9137.4,29005.863594248323,-19868.463594248322,19868.463594248322,217.44110572206887,large,large,24455.622650548135,15318.222650548136,167.64312222895063,4550.240943700186,49.79798349311824,True
T30,S3370,26.0,12,7102.7,25402.36720071978,-18299.667200719778,18299.667200719778,257.6438143342641,medium,large,22427.265421056378,15324.565421056377,215.756901193298,2975.1017796634005,41.8869131409661,True
T30,S3371,22.0,9,11296.6,10670.041264623305,626.558735376695,626.558735376695,5.546436408978764,medium,large,10750.743321437885,545.8566785621151,4.832043965105564,80.70205681457992,0.7143924438731997,True
T30,S3372,8.0,5,10697.3,5870.388069649075,4826.911930350924,4826.911930350924,45.12271255691552,medium,small,5685.108443884532,5012.191556115467,46.85473489680076,-185.2796257645432,-1.7320223398852335,False
T30,S3373,5.0,2,2022.1,2853.348975969466,-831.2489759694663,831.2489759694663,41.10820315362575,medium,small,2813.056228920567,790.9562289205669,39.115584240174414,40.2927470488994,1.992618913451338,True
T30,S3375,6.0,2,1876.7,4803.858410170958,-2927.1584101709586,2927.1584101709586,155.97369905530763,medium,small,4227.502204343523,2350.802204343523,125.26254618977583,576.3562058274356,30.7111528655318,True
T31,S3430,0.0,1,1536.2,2834.765083090251,-1298.5650830902512,1298.5650830902512,84.53099095757396,small,small,2523.387389397157,987.1873893971572,64.26164492886063,311.377693693094,20.26934602871333,True
T31,S3431,0.0,2,3542.8,2412.9868719658793,1129.8131280341208,1129.8131280341208,31.890401039689532,small,small,2315.6657302430826,1227.1342697569175,34.63741305625261,-97.32114172279671,-2.7470120165630796,False
T31,S3432,0.0,2,1422.6,2412.9868719658793,-990.3868719658794,990.3868719658794,69.61808463137069,small,small,2315.6657302430826,893.0657302430827,62.77700901469723,97.32114172279671,6.841075616673464,True
T31,S3433,0.0,10,21074.3,26772.616421003062,-5698.316421003063,5698.316421003063,27.03917293102529,small,small,26682.74546025307,5608.445460253071,26.612724789212795,89.87096074999135,0.4264481418124966,True
T31,S3434,0.0,7,3850.0,14291.02099938434,-10441.02099938434,10441.02099938434,271.1953506333595,small,small,14277.290985262609,10427.290985262609,270.8387268899379,13.730014121731074,0.35662374342160774,True
T31,S3435,0.0,1,775.4,2779.0753559093887,-2003.6753559093886,2003.6753559093886,258.40538507987986,small,small,2476.781892753224,1701.3818927532238,219.4198984721723,302.29346315616476,38.98548660770757,True
T31,S3436,0.0,9,9103.5,28011.073158724674,-18907.573158724674,18907.573158724674,207.6956462758793,small,small,27435.024771990684,18331.524771990684,201.36787798089398,576.0483867339899,6.327768294985333,True
T31,S3437,0.0,25,18484.8,39580.23235070204,-21095.43235070204,21095.43235070204,114.12313008905718,small,small,33126.5074140276,14641.707414027598,79.20944459246299,6453.724936674444,34.9136854965942,True
T31,S3438,0.0,18,19368.2,36445.669060661385,-17077.469060661384,17077.469060661384,88.1727215779545,small,small,33994.287442617984,14626.087442617983,75.51598725032777,2451.3816180434005,12.656734327626737,True
T31,S3439,0.0,6,7726.7,16337.217996694237,-8610.517996694238,8610.517996694238,111.43849245724873,small,small,15645.553224633484,7918.853224633484,102.486873110558,691.6647720607534,8.951619346690734,True
T32,S3477,0.0,3,14538.9,6157.266166404488,8381.633833595512,8381.633833595512,57.649711006991666,small,small,6431.560077809921,8107.339922190079,55.76309020758159,274.2939114054325,1.8866207994100748,True
T32,S3478,5.0,24,26514.3,16969.143112040125,9545.156887959874,9545.156887959874,36.00003352138233,medium,small,17028.014846440816,9486.285153559184,35.777995849632774,58.87173440069091,0.22203767174955402,True
T32,S3479,0.0,31,10482.2,29829.629030758188,-19347.429030758187,19347.429030758187,184.5741259540763,small,small,30053.139584062108,19570.939584062107,186.70641262389677,-223.51055330392046,-2.1322866698204734,False
T32,S3480,3.0,17,168472.0,13824.085122146407,154647.9148778536,154647.9148778536,91.79443164315352,small,small,12496.231521230504,155975.7684787695,92.58260629586489,-1327.8536009158997,-0.7881746527113762,False
T32,S3481,0.0,17,37157.9,13177.70515740397,23980.19484259603,23980.19484259603,64.5359259877335,small,small,13404.35209807525,23753.54790192475,63.92596971821537,226.64694067127857,0.6099562695181362,True
T32,S3482,0.0,9,15796.5,11848.049376279465,3948.450623720535,3948.450623720535,24.995730850001806,small,small,11766.655423051714,4029.844576948286,25.51099659385488,-81.3939532277509,-0.5152657438530746,False
T32,S3483,0.0,20,62821.8,25226.328785921734,37595.471214078265,37595.471214078265,59.84462593252384,small,small,24178.374452840017,38643.42554715999,61.512763956397286,-1047.954333081725,-1.6681380238734462,False
T32,S3484,0.0,5,19923.4,4598.972458008782,15324.42754199122,15324.42754199122,76.91672878118804,small,small,4859.74084654336,15063.659153456641,75.60787392441371,260.76838853457775,1.3088548567743317,True
T32,S3485,0.0,10,21798.9,8398.122062773922,13400.77793722608,13400.77793722608,61.474560354999916,small,small,7223.480111130329,14575.419888869674,66.86309808692032,-1174.6419516435944,-5.388537731920401,False
T34,S4046,245.0,18,147385.0,60200.91919717517,87184.08080282483,87184.08080282483,59.153971437273015,large,large,61338.94395356915,86046.05604643085,58.381827218801675,1138.0247563939774,0.7721442184713396,True
T34,S4047,259.0,17,137754.0,64112.41961548449,73641.58038451552,73641.58038451552,53.45876009735871,large,large,64333.920505151356,73420.07949484864,53.29796557257767,221.50088966687326,0.16079452478104628,True
T34,S4048,0.0,8,178575.0,35933.66726216609,142641.3327378339,142641.3327378339,79.87754878221133,small,small,34611.52012060214,143963.47987939787,80.61793637373533,-1322.147141563968,-0.7403875915239979,False
T34,S4049,761.0,33,122734.0,41092.30399296376,81641.69600703624,81641.69600703624,66.51921717456959,large,large,43521.457674907055,79212.54232509295,64.54001525664685,2429.153681943295,1.9792019179227367,True
T34,S4050,826.0,75,123595.0,117084.72664172709,6510.273358272912,6510.273358272912,5.267424538430286,large,large,121812.24294622931,1782.7570537706924,1.4424184261262125,4727.51630450222,3.8250061123040737,True
T34,S4051,532.0,32,151869.0,39928.5432430367,111940.4567569633,111940.4567569633,73.70856248277352,large,large,43681.840408699594,108187.15959130041,71.23715807129857,3753.2971656628943,2.47140441147495,True
T34,S4052,410.0,29,79287.7,68003.39322258244,11284.306777417558,11284.306777417558,14.232102554895096,large,large,67160.24620834028,12127.453791659718,15.295504588554994,-843.1470142421604,-1.063402033659898,False
T34,S4053,597.0,48,76271.7,110919.8753252051,-34648.1753252051,34648.1753252051,45.42730177143698,large,large,125269.82383898343,48998.12383898343,64.24155202910573,-14349.948513778334,-18.814250257668753,False
T34,S4054,0.0,1,84667.5,4671.266240947204,79996.23375905279,79996.23375905279,94.48281071137424,small,small,3126.3700574937097,81541.12994250629,96.30747328373495,-1544.8961834535003,-1.8246625723607082,False
T34,S4055,441.0,23,99622.5,42381.11471227281,57241.38528772719,57241.38528772719,57.45829033373705,large,large,42254.041274957366,57368.458725042634,57.58584529101623,-127.07343731544097,-0.12755495727918031,False
T34,S4056,303.0,26,75534.2,43785.47363424026,31748.726365759736,31748.726365759736,42.0322534239586,large,large,45251.602315245895,30282.597684754102,40.09124037158546,1466.1286810056336,1.941013052373144,True
T34,S4057,385.0,29,94368.1,85164.39835386079,9203.70164613922,9203.70164613922,9.752979710452175,large,large,91801.59418852656,2566.505811473442,2.7196751990062764,6637.1958346657775,7.033304511445898,True
T34,S4058,350.0,38,198729.0,71412.43978723523,127316.56021276477,127316.56021276477,64.06541582394355,large,large,77863.53342993192,120865.46657006808,60.81923955238947,6451.093642696695,3.2461762715540843,True
T34,S4059,337.0,45,87052.1,101329.05894589302,-14276.958945893013,14276.958945893013,16.400476204356945,large,large,104234.98726848382,17182.887268483813,19.738624649472918,-2905.9283225908002,-3.338148445115973,False
T34,S4060,612.0,87,224473.0,101518.5524280447,122954.4475719553,122954.4475719553,54.77471569941833,large,large,98378.45908104157,126094.54091895843,56.173589215165485,-3140.0933470031305,-1.3988735157471552,False
T34,S4061,528.0,46,139427.0,58893.31943398737,80533.68056601263,80533.68056601263,57.760462870184845,large,large,59082.148739015305,80344.8512609847,57.625030489779384,188.8293050279317,0.13543238040546157,True
T34,S4062,546.0,48,112536.0,61473.73773508299,51062.26226491701,51062.26226491701,45.374157838306864,large,large,61618.31464704486,50917.68535295514,45.245686138617984,144.5769119618708,0.1284716996888804,True
T34,S4063,240.0,36,74671.6,96213.48931370745,-21541.88931370745,21541.88931370745,28.848838532598,large,large,97574.50710414999,22902.907104149985,30.67150978973262,-1361.0177904425364,-1.8226712571346226,False
T34,S4064,386.0,47,353865.0,110228.7886346957,243636.2113653043,243636.2113653043,68.85004489432532,large,large,110040.65023840778,243824.34976159222,68.90321160939686,-188.13839628791902,-0.05316671507154069,False
T34,S4065,642.0,55,249357.0,119902.71344674012,129454.28655325988,129454.28655325988,51.91524062017905,large,large,113872.65106112011,135484.3489388799,54.333485299742904,-6030.062385620025,-2.4182446795638555,False
T34,S4066,187.5,24,157125.0,37976.77428527255,119148.22571472745,119148.22571472745,75.83021525201428,large,large,39001.710650423345,118123.28934957666,75.17790889392309,1024.9363651507883,0.6523063580911952,True
T34,S4067,284.0,32,78117.7,83252.51062165671,-5134.81062165671,5134.81062165671,6.573171792892918,large,large,86826.46109853486,8708.761098534858,11.148255899155837,-3573.950476878148,-4.575084106262919,False
T34,S4068,286.0,53,210071.0,107501.25225701921,102569.74774298079,102569.74774298079,48.82622910491253,large,large,109846.47262132903,100224.52737867097,47.70983495040771,2345.2203643098183,1.1163941545048175,True
T34,S4069,152.0,10,28827.9,28621.876422740246,206.02357725975526,206.02357725975526,0.7146673093071477,large,large,27933.043350632037,894.8566493679646,3.104134013812885,-688.8330721082093,-2.389466704505737,False
T34,S4070,156.0,9,91749.0,23258.164325530783,68490.83567446921,68490.83567446921,74.6502258056973,large,large,23630.89598441879,68118.10401558121,74.24397433822844,372.73165888800577,0.40625146746886287,True
T34,S4071,241.0,21,56862.3,63255.007909224776,-6392.707909224773,6392.707909224773,11.242436393224988,large,large,68731.15948611998,11868.859486119982,20.87298523999202,-5476.151576895209,-9.63054884676703,False
T35,S4164,5.0,3,3455.7,3907.058357935998,-451.35835793599836,451.35835793599836,13.061271462684793,medium,small,4200.950047775505,745.2500477755048,21.56582017465361,-293.8916898395064,-8.504548711968816,False
T35,S4166,2.0,1,3496.4,851.422340405422,2644.977659594578,2644.977659594578,75.64860026297272,small,small,850.1733409899101,2646.22665901009,75.68432270364059,-1.248999415511662,-0.03572244066786823,False
T35,S4167,0.0,5,5297.4,4625.820673871779,671.5793261282206,671.5793261282206,12.677527204444077,small,small,4615.742346567161,681.6576534328387,12.86777765380826,-10.078327304618142,-0.19025044936418212,False
T35,S4168,30.0,8,5832.0,19427.05613300108,-13595.056133001079,13595.056133001079,233.11138774007335,large,large,21004.188936333656,15172.188936333656,260.15413128144127,-1577.1328033325772,-27.042743541367912,False
T35,S4171,8.0,4,4393.7,3219.9819576495415,1173.7180423504583,1173.7180423504583,26.713659156302395,medium,small,3397.7784797622303,995.9215202377695,22.667035078356957,177.79652211268876,4.046624077945438,True
T35,S4172,8.0,6,11180.0,10429.203644478992,750.7963555210081,750.7963555210081,6.7155309080591055,medium,small,9939.4119162317,1240.5880837682998,11.09649448808855,-489.79172824729176,-4.380963580029445,False
T35,S4173,5.0,3,5230.5,3889.2827182228566,1341.2172817771434,1341.2172817771434,25.642238443306443,medium,small,4200.950047775505,1029.5499522244954,19.68358574179324,311.66732955264797,5.958652701513202,True
T35,S4174,0.0,1,503.2,649.3443257681656,-146.14432576816563,146.14432576816563,29.042990017520992,small,small,657.4311382831004,154.2311382831004,30.650067226371302,-8.086812514934763,-1.6070772088503098,False
T35,S4176,0.0,15,3672.5,17287.268522447102,-13614.768522447102,13614.768522447102,370.722083660915,small,small,18680.756584532817,15008.256584532817,408.6659383126703,-1393.4880620857148,-37.94385465175526,False
T35,S4179,1.0,1,6560.0,589.432445181075,5970.567554818925,5970.567554818925,91.0147493112641,small,small,574.6264620278158,5985.373537972184,91.24045027396622,-14.805983153259149,-0.22570096270212048,False
T35,S4181,15.0,5,11055.4,6501.829120246913,4553.570879753087,4553.570879753087,41.18865784822881,medium,large,6010.964606865303,5044.435393134697,45.628700844245316,-490.86451338160987,-4.440042996016508,False
T35,S4184,34.0,5,6121.6,5291.260005427243,830.339994572757,830.339994572757,13.564100799999295,large,large,5226.919197717905,894.6808022820951,14.615146404242275,-64.34080770933815,-1.0510456042429794,False
T35,S4185,0.0,4,1000.1,3207.2433658023915,-2207.1433658023916,2207.1433658023916,220.6922673535038,small,small,3226.470575528852,2226.370575528852,222.6147960732779,-19.227209726460387,-1.9225287197740784,False
T35,S4186,9.0,7,2334.8,4498.138320748223,-2163.338320748223,2163.338320748223,92.65625838393964,medium,small,4468.519376587081,2133.7193765870807,91.38767245961455,29.61894416114228,1.2685859243250945,True
T35,S4187,3.0,2,1000.4,1936.6165125825628,-936.2165125825628,936.2165125825628,93.5842175712278,small,small,2024.0704041217618,1023.6704041217619,102.32610996818892,-87.45389153919905,-8.74189239696112,False
T35,S4189,18.0,15,42641.6,13988.774771217044,28652.825228782953,28652.825228782953,67.19453591981294,medium,large,13058.084854877112,29583.51514512289,69.37712268095683,-930.6899163399357,-2.182586761143895,False
T35,S4190,20.0,13,1655.5,8604.43985926597,-6948.939859265971,6948.939859265971,419.74870789888075,medium,large,8677.93720380519,7022.43720380519,424.1882937967496,-73.49734453921883,-4.439585897868824,False
T35,S4191,14.0,8,1256.0,5200.00278047443,-3944.0027804744304,3944.0027804744304,314.01296022885595,medium,large,5620.605008420102,4364.605008420102,347.5003987595623,-420.602227945672,-33.487438530706356,False
T35,S4193,12.0,4,2337.5,4839.286053152965,-2501.786053152965,2501.786053152965,107.02828034878995,medium,small,4759.992775422015,2422.4927754220153,103.63605456350868,79.29327773094974,3.392225785281269,True
T35,S4195,18.0,15,972.8,6699.417435592682,-5726.617435592681,5726.617435592681,588.673667310103,medium,large,6163.207459680256,5190.407459680256,533.5533984046316,536.2099759124258,55.12026890547145,True
T36,S4442,90.0,20,13154.9,16456.60851957814,-3301.708519578142,3301.708519578142,25.09869721227939,large,large,17373.33384758814,4218.4338475881395,32.0673957809496,-916.7253280099976,-6.968698568670213,False
T36,S4443,48.0,12,9860.8,11061.610469096826,-1200.8104690968266,1200.8104690968266,12.177617121296718,large,large,11483.903635791465,1623.1036357914654,16.46016181031423,-422.2931666946388,-4.282544689017511,False
T36,S4444,91.0,27,7466.6,12276.710296744575,-4810.110296744575,4810.110296744575,64.42169523939376,large,large,12405.756863957946,4939.1568639579455,66.15001291026633,-129.0465672133705,-1.7283176708725705,False
T36,S4445,141.0,25,21425.3,18789.244756807104,2636.0552431928954,2636.0552431928954,12.30346946457177,large,large,18868.22170426984,2557.07829573016,11.93485410113352,78.97694746273555,0.3686153634382485,True
T36,S4446,69.0,16,6775.8,12315.418835468658,-5539.618835468657,5539.618835468657,81.75593782975675,large,large,12471.136712919155,5695.336712919155,84.05408531714565,-155.71787745049733,-2.2981474873889027,False
T36,S4447,138.0,36,14204.3,24155.028129740484,-9950.728129740484,9950.728129740484,70.05433657230898,large,large,24183.694752603136,9979.394752603137,70.2561530846514,-28.66662286265273,-0.20181651234241826,False
T36,S4448,99.0,22,12180.0,13203.859597656065,-1023.8595976560646,1023.8595976560646,8.406072230345357,large,large,13375.219108845442,1195.219108845442,9.812964768845992,-171.35951118937737,-1.4068925385006352,False
T36,S4449,85.0,16,15199.0,13435.383673479342,1763.6163265206578,1763.6163265206578,11.603502378581867,large,large,13367.648720057252,1831.351279942748,12.049156391491204,-67.73495342209026,-0.4456540129093369,False
T36,S4450,74.0,15,5747.9,9808.648261784754,-4060.7482617847545,4060.7482617847545,70.64751060012796,large,large,9836.21165571518,4088.3116557151807,71.12704910863413,-27.563393930426173,-0.47953850850616675,False
T36,S4452,95.0,17,8596.8,12857.517080040718,-4260.717080040718,4260.717080040718,49.56166341011445,large,large,13144.875158707693,4548.075158707694,52.904280182250304,-287.3580786669754,-3.3426167721358553,False
T36,S4453,55.0,8,14401.3,8906.21943605855,5495.080563941448,5495.080563941448,38.15683697958829,large,large,9293.31736476288,5107.98263523712,35.468899580156794,387.0979287043283,2.6879373994314975,True
T36,S4454,94.0,14,10489.9,13814.613282428978,-3324.7132824289783,3324.7132824289783,31.694423039580727,large,large,14068.613994490075,3578.7139944900755,34.11580658052103,-254.00071206109715,-2.4213835409403046,False
T36,S4455,53.0,14,6561.2,12810.325591972445,-6249.125591972445,6249.125591972445,95.24363823648793,large,large,12910.81496539403,6349.614965394031,96.77520827583417,-100.4893734215857,-1.5315700393462492,False
T36,S4456,84.0,15,15979.8,14135.483278577694,1844.316721422305,1844.316721422305,11.541550716669201,large,large,14221.82566622519,1757.9743337748096,11.001228637247085,86.34238764749534,0.5403220794221166,True
T36,S4457,50.0,10,9419.6,10721.490536057307,-1301.8905360573062,1301.8905360573062,13.821080895763155,large,large,10569.18332434836,1149.5833243483594,12.204162855624011,152.30721170894685,1.6169180401391436,True
T36,S4458,47.0,4,5356.7,5921.3051140013995,-564.6051140013997,564.6051140013997,10.540166781813424,large,large,6457.357313251352,1100.6573132513522,20.547301757637207,-536.0521992499525,-10.007134975823783,False
T36,S4459,22.0,4,4317.3,6209.292106410878,-1891.9921064108776,1891.9921064108776,43.82350326386578,medium,large,6726.941729692163,2409.6417296921627,55.81362725991158,-517.6496232812851,-11.990123996045796,False
T36,S4460,60.0,13,12412.0,12622.367185172337,-210.36718517233749,210.36718517233749,1.6948693616849622,large,large,12358.174369858023,53.825630141976944,0.4336579934094179,156.54155503036054,1.2612113682755441,True
T36,S4462,14.0,7,4966.8,6859.4581703870535,-1892.6581703870534,1892.6581703870534,38.106188499376934,medium,large,6891.924923101995,1925.1249231019947,38.75986395872583,-32.46675271494132,-0.6536754593488965,False
T36,S4464,60.0,16,9903.1,11656.478233899308,-1753.3782338993078,1753.3782338993078,17.705347152904725,large,large,11625.852918950373,1722.752918950373,17.39609737304857,30.62531494893483,0.309249779856156,True
T36,S4465,23.0,8,2955.0,7802.887684274353,-4847.887684274353,4847.887684274353,164.0571128350035,medium,large,7965.346707402724,5010.346707402724,169.5548801151514,-162.45902312837097,-5.497767280147912,False
T36,S4466,40.0,11,8856.2,9717.813532936689,-861.613532936688,861.613532936688,9.728930387036064,large,large,9179.868071519395,323.6680715193943,3.6547059858561717,537.9454614172937,6.074224401179892,True
T36,S4467,86.0,24,15080.7,12948.640649032663,2132.059350967338,2132.059350967338,14.137668350722036,large,large,12809.06676552196,2271.6332344780403,15.063181645931822,-139.57388351070222,-0.925513295209786,False
T36,S4470,58.0,14,13606.8,13234.110422939311,372.68957706068795,372.68957706068795,2.7389950396910954,large,large,13014.022435205114,592.7775647948856,4.356480324506023,-220.08798773419767,-1.617485284814928,False
T36,S4472,66.0,12,17821.6,13581.567271586784,4240.0327284132145,4240.0327284132145,23.791537956262147,large,large,13697.543403148798,4124.0565968512,23.140776343601026,115.97613156201442,0.6507616126611211,True
T36,S4473,30.0,5,9569.1,6519.340923944061,3049.7590760559397,3049.7590760559397,31.870908194667624,large,large,7228.75036715504,2340.34963284496,24.45736414965838,709.4094432109796,7.413544045009246,True
T36,S4474,25.0,5,1179.2,6109.343777249499,-4930.143777249499,4930.143777249499,418.0922470530444,medium,large,6555.827020541282,5376.627020541282,455.9554800323339,-446.48324329178286,-37.863232979289535,False
T36,S4475,21.0,2,2545.9,2745.052983594821,-199.15298359482085,199.15298359482085,7.822498275455471,medium,large,2896.039709160034,350.1397091600338,13.753081784831839,-150.98672556521296,-5.930583509376367,False
T36,S4476,5.0,4,3451.8,4309.782506716659,-857.9825067166585,857.9825067166585,24.856089771037094,medium,small,4559.886614347217,1108.0866143472167,32.10170387470933,-250.10410763055825,-7.245614103672235,False
T36,S4477,1.0,1,500.0,670.9484957844728,-170.9484957844728,170.9484957844728,34.18969915689456,small,small,676.2023555444111,176.20235554441115,35.24047110888223,-5.2538597599383365,-1.0507719519876701,False
T36,S4478,7.0,7,1548.6,4597.787090289255,-3049.1870902892547,3049.1870902892547,196.89959255387154,medium,small,4855.687859615175,3307.0878596151747,213.55339400847052,-257.90076932592,-16.653801454598977,False
T36,S4479,12.0,5,4112.2,5391.136482560674,-1278.9364825606744,1278.9364825606744,31.101028222379128,medium,small,5372.6374658105005,1260.4374658105007,30.651171290562246,18.499016750173723,0.4498569318168819,True
T4,S448,55.0,17,30711.7,57382.163839060406,-26670.463839060405,26670.463839060405,86.84137914560381,large,large,57174.17238195732,26462.472381957323,86.16414064332916,207.9914571030822,0.6772385022746477,True
T36,S4480,8.0,1,1792.8,1157.276274727264,635.5237252727359,635.5237252727359,35.44866829946095,medium,small,1130.8912208286479,661.9087791713521,36.920391520044184,-26.385053898616206,-1.471723220583236,False
T36,S4481,16.0,3,18729.7,5662.682860117599,13067.017139882402,13067.017139882402,69.76629171787269,medium,large,5830.756402749001,12898.943597251,68.86892794466009,168.07354263140223,0.8973637732126036,True
T36,S4482,36.0,7,5044.4,7226.51796837455,-2182.1179683745504,2182.1179683745504,43.258226317789045,large,large,7897.677496859587,2853.2774968595877,56.563268116318845,-671.1595284850373,-13.3050417985298,False
T36,S4483,0.0,2,1000.0,3474.8341032722583,-2474.8341032722583,2474.8341032722583,247.48341032722584,small,small,3388.6280732329683,2388.6280732329683,238.86280732329683,86.20603003929,8.620603003929006,True
T36,S4484,0.0,1,1629.6,890.845938573291,738.7540614267089,738.7540614267089,45.33345983227227,small,small,863.2761896165267,766.3238103834732,47.025270642088444,-27.56974895676433,-1.6918108098161753,False
T36,S4486,0.0,11,2874.4,4693.5939504788275,-1819.1939504788274,1819.1939504788274,63.28951956856482,small,small,4406.743051512657,1532.343051512657,53.31001431647151,286.85089896617046,9.979505252093311,True
T36,S4487,27.0,5,6626.7,6742.5021108423525,-115.8021108423527,115.8021108423527,1.747507972933024,medium,large,6857.271362909259,230.57136290925882,3.4794296242361784,-114.76925206690612,-1.7319216513031543,False
T36,S4489,5.0,1,500.0,1238.4008487878891,-738.4008487878891,738.4008487878891,147.68016975757783,medium,small,1173.3436069284437,673.3436069284437,134.66872138568874,65.05724185944541,13.011448371889088,True
T4,S449,40.0,18,101581.0,22883.176516387433,78697.82348361256,78697.82348361256,77.47297573720732,large,large,22644.40673927952,78936.59326072049,77.7080293172153,-238.76977710792562,-0.23505358000798537,False
T36,S4490,17.0,4,12025.7,3280.9610629236117,8744.738937076389,8744.738937076389,72.71708871064793,medium,large,3164.796144535116,8860.903855464885,73.68306090676539,-116.16491838849652,-0.9659721961174625,False
T36,S4491,3.0,1,1229.3,965.1823734752464,264.1176265247535,264.1176265247535,21.485205118746727,small,small,915.9773936886411,313.32260631135887,25.48788792901317,-49.20497978660535,-4.0026828102664425,False
T36,S4492,6.0,2,500.0,4860.878057122193,-4360.878057122193,4360.878057122193,872.1756114244388,medium,small,5250.90336832842,4750.90336832842,950.1806736656839,-390.02531120622643,-78.00506224124513,False
T36,S4494,8.0,1,500.0,1157.276274727264,-657.2762747272641,657.2762747272641,131.45525494545282,medium,small,1130.8912208286479,630.8912208286479,126.17824416572958,26.385053898616206,5.277010779723241,True
T36,S4495,5.0,1,1343.6,1238.4008487878891,105.19915121211079,105.19915121211079,7.829648050916255,medium,small,1173.3436069284437,170.2563930715562,12.671657715953872,-65.05724185944541,-4.842009665037617,False
T36,S4496,10.0,3,664.8,3581.5457579610043,-2916.7457579610045,2916.7457579610045,438.74033663673356,medium,small,3107.0506836950944,2442.2506836950943,367.36622799264353,474.49507426591026,71.37410864409003,True
T36,S4497,21.0,3,10579.6,6133.994208544708,4445.605791455292,4445.605791455292,42.02054700986135,medium,large,6225.254518256658,4354.345481743342,41.157940581339005,91.26030971194996,0.8626064285223478,True
T36,S4498,3.0,1,500.9,965.1823734752464,-464.28237347524646,464.28237347524646,92.68963335501029,small,small,915.9773936886411,415.0773936886411,82.86631936287505,49.20497978660535,9.82331399213524,True
T4,S450,32.0,11,40399.6,37080.92527649927,3318.674723500728,3318.674723500728,8.214622727702075,large,large,33740.640098713644,6658.959901286355,16.482737208502943,-3340.2851777856267,-8.268114480800868,False
T36,S4500,14.0,6,4862.8,6635.834085545829,-1773.034085545829,1773.034085545829,36.46117639108803,medium,large,6173.514063524201,1310.7140635242013,26.953896181710153,462.32002202162766,9.507280209377878,True
T36,S4501,21.0,13,285391.0,6879.537893262636,278511.46210673737,278511.46210673737,97.58943418213516,medium,large,6551.6217549611165,278839.3782450389,97.7043348406358,-327.9161383015453,-0.11490065850063047,False
T36,S4502,16.0,3,3903.1,3278.4978046242522,624.6021953757477,624.6021953757477,16.00272079566877,medium,large,3394.3866723647957,508.7133276352042,13.033571459486156,115.88886774054345,2.9691493361826122,True
T36,S4503,0.0,2,1002.9,3497.4317777867573,-2494.531777786757,2494.531777786757,248.73185539802148,small,small,3377.2318191099175,2374.3318191099174,236.74661672249653,120.19995867683974,11.985238675524954,True
T36,S4504,0.0,3,1002.1,3406.4506114326687,-2404.3506114326688,2404.3506114326688,239.93120561148277,small,small,3391.3358510786557,2389.2358510786557,238.42289702411495,15.114760354013015,1.5083085873678215,True
T36,S4505,0.0,1,500.0,890.845938573291,-390.84593857329105,390.84593857329105,78.16918771465821,small,small,863.2761896165267,363.2761896165267,72.65523792330535,27.56974895676433,5.513949791352857,True
T4,S451,60.0,17,35622.6,51769.780386600214,-16147.180386600216,16147.180386600216,45.32847233666329,large,large,54427.77911659775,18805.17911659775,52.79002407628233,-2657.998729997533,-7.46155173961904,False
T4,S452,21.0,4,4604.2,9139.252593869016,-4535.052593869016,4535.052593869016,98.49816675793875,medium,large,8298.81511945147,3694.6151194514705,80.24445331331113,840.4374744175457,18.25371344462762,True
T4,S453,39.0,11,327197.0,33722.195586339716,293474.8044136603,293474.8044136603,89.69361100916583,large,large,27372.29138199623,299824.70861800376,91.63430857190126,-6349.904204343446,-1.9406975627354228,False
T4,S454,24.0,8,14743.7,19607.020556799846,-4863.320556799845,4863.320556799845,32.98575362222403,medium,large,18383.644579637257,3639.9445796372565,24.68813513322474,1223.3759771625882,8.29761848899929,True
T4,S455,31.0,9,25380.9,23453.62753153348,1927.2724684665227,1927.2724684665227,7.593396879017382,large,large,25577.21814618075,196.31814618074714,0.7734877257337097,1730.9543222857756,6.819909153283672,True
T4,S456,9.0,2,18068.3,3791.788110553148,14276.51188944685,14276.51188944685,79.01414017614746,medium,small,3862.6594684551947,14205.640531544805,78.62189874833165,70.87135790204593,0.3922414278158186,True
T4,S457,4.0,7,172968.0,24831.132369308027,148136.86763069197,148136.86763069197,85.64408886654871,small,small,18787.20177634701,154180.798223653,89.13833670022952,-6043.930592961027,-3.4942478336808023,False
T4,S458,2.0,1,6569.0,981.5745105269519,5587.425489473048,5587.425489473048,85.05747434119422,small,small,1023.3079576596035,5545.692042340396,84.42216535759471,41.733447132652145,0.6353089835995149,True
T4,S459,3.0,10,14800.7,21926.658110770575,-7125.958110770574,7125.958110770574,48.14608843345635,small,small,19755.544128437683,4954.844128437682,33.47709316746966,2171.113982332892,14.668995265986688,True
T4,S460,31.0,12,5390.6,23456.765622263563,-18066.165622263565,18066.165622263565,335.14201799917566,large,large,23109.565068223947,17718.965068223944,328.70116625651957,347.20055403962033,6.440851742656093,True
T4,S461,12.0,8,101956.0,27763.395286711035,74192.60471328897,74192.60471328897,72.76923840998957,medium,small,31024.861711544287,70931.13828845571,69.57034239128222,3261.4664248332556,3.1988960187073445,True
T4,S462,29.0,9,81596.2,24674.1529914723,56922.0470085277,56922.0470085277,69.76065920781568,large,large,19660.941715352936,61935.25828464706,75.90458659183523,-5013.211276119364,-6.143927384019548,False
T4,S463,8.0,10,69365.6,30549.491492624664,38816.10850737534,38816.10850737534,55.9587295538067,medium,small,30644.948538687062,38720.65146131294,55.82111516560505,95.45704606240179,0.13761438820164784,True
T4,S464,33.0,10,22607.0,23504.735986463093,-897.7359864630926,897.7359864630926,3.971053153727131,large,large,24436.741433086605,1829.741433086605,8.093694134943181,-932.0054466235124,-4.12264098121605,False
T13,S4640,88.0,16,3052.0,7526.408954561897,-4474.408954561897,4474.408954561897,146.60579798695602,large,large,7850.464138954102,4798.464138954102,157.22359564069797,-324.05518439220486,-10.617797653741945,False
T13,S4641,67.0,11,6347.2,9652.392640323053,-3305.1926403230527,3305.1926403230527,52.07323922868434,large,large,9561.911936092725,3214.7119360927254,50.64771767224485,90.48070423032732,1.4255215564394916,True
T13,S4642,47.0,7,3591.5,6687.404610347211,-3095.904610347211,3095.904610347211,86.20088014331647,large,large,7261.989395483697,3670.489395483697,102.1993427671919,-574.5847851364861,-15.998462623875426,False
T13,S4643,52.0,12,11054.2,15411.614796214797,-4357.414796214796,4357.414796214796,39.41863541653666,large,large,17623.878174526504,6569.678174526503,59.431511774045184,-2212.263378311707,-20.012876357508524,False
T13,S4644,73.0,16,7454.7,28701.270920538656,-21246.570920538656,21246.570920538656,285.00906703876285,large,large,31301.260071128767,23846.560071128766,319.88624721489487,-2599.9891505901105,-34.877180176132015,False
T13,S4645,118.0,24,3514.1,16298.204192511477,-12784.104192511477,12784.104192511477,363.79454746624964,large,large,16544.479692524987,13030.379692524986,370.8027572500779,-246.27550001350937,-7.008209783828249,False
T13,S4646,143.0,34,5778.1,31605.324016961105,-25827.224016961103,25827.224016961103,446.9847184534899,large,large,33804.24827395723,28026.14827395723,485.040900537499,-2198.924256996128,-38.056182084009095,False
T13,S4647,166.0,39,4797.5,29319.976599664733,-24522.476599664733,24522.476599664733,511.15115371891056,large,large,30544.267954051546,25746.767954051546,536.6705149359364,-1224.2913543868126,-25.51936121702579,False
T13,S4648,61.0,11,5032.9,8794.244191099808,-3761.344191099808,3761.344191099808,74.73512668838659,large,large,8745.003416220394,3712.103416220394,73.75674891653708,49.24077487941395,0.9783777718495088,True
T13,S4649,97.0,20,9811.8,9556.158128895888,255.6418711041115,255.6418711041115,2.6054533429555384,large,large,9361.92516234467,449.8748376553285,4.585038806899127,-194.23296655121703,-1.9795854639435886,False
T4,S465,2.0,6,28306.4,27046.04499335201,1260.355006647991,1260.355006647991,4.452544324421301,small,small,19211.5930116234,9094.8069883766,32.12986105042181,-7834.451981728609,-27.67731672600051,False
T13,S4650,121.0,22,8684.9,16148.728036986686,-7463.828036986686,7463.828036986686,85.94028759095312,large,large,17111.004932778684,8426.104932778684,97.02017216984288,-962.276895791998,-11.07988457888976,False
T13,S4651,71.0,14,2954.0,6839.07453639953,-3885.07453639953,3885.07453639953,131.519110913999,large,large,7098.517786065485,4144.517786065485,140.30188849239963,-259.4432496659547,-8.78277757840064,False
T13,S4652,161.0,25,10866.4,25368.427623828018,-14502.027623828018,14502.027623828018,133.4575169681589,large,large,26229.35957767648,15362.959577676482,141.38039808654642,-860.9319538484633,-7.922881118387522,False
T13,S4653,53.0,10,4160.4,11268.213360721067,-7107.8133607210675,7107.8133607210675,170.84447074130057,large,large,12406.045978619986,8245.645978619987,198.19358664118803,-1137.8326178989191,-27.349115899887465,False
T13,S4654,10.0,2,1017.9,4151.911682905464,-3134.0116829054637,3134.0116829054637,307.8899383933062,medium,small,3639.809926971831,2621.909926971831,257.5803052335034,512.1017559336328,50.309633159802786,True
T13,S4655,13.0,3,1001.0,3756.3465958828624,-2755.3465958828624,2755.3465958828624,275.25940018809814,medium,large,3518.015093451035,2517.015093451035,251.45005928581773,238.33150243182718,23.80934090228041,True
T13,S4656,90.0,21,4000.0,13443.198393838045,-9443.198393838045,9443.198393838045,236.07995984595112,large,large,11814.96690128663,7814.966901286631,195.37417253216574,1628.2314925514147,40.70578731378538,True
T13,S4657,103.0,20,3130.1,10226.80830857554,-7096.70830857554,7096.70830857554,226.72465124358777,large,large,10175.565680095304,7045.4656800953035,225.0875588669788,51.24262848023682,1.6370923766089618,True
T13,S4658,230.0,53,4896.3,51595.06262232494,-46698.76262232494,46698.76262232494,953.756155103342,large,large,49035.30348889092,44139.003488890914,901.4766964624494,2559.759133434025,52.2794586408927,True
T13,S4659,238.0,56,9891.6,58465.2988582612,-48573.6988582612,48573.6988582612,491.0600798481662,large,large,56865.644269910415,46974.04426991042,474.88823112449364,1599.654588350786,16.171848723672554,True
T4,S466,28.0,10,133522.0,27015.768910833198,106506.2310891668,106506.2310891668,79.76680329021944,medium,large,22646.299723725228,110875.70027627477,83.03927463359953,-4369.46918710797,-3.27247134338009,False
T13,S4660,85.0,20,3799.3,12192.489390938272,-8393.18939093827,8393.18939093827,220.91409972727268,large,large,11491.65331191602,7692.353311916019,202.46764698539255,700.8360790222514,18.446452741880137,True
T13,S4661,74.0,17,3209.8,13369.419735232417,-10159.619735232416,10159.619735232416,316.5187779684845,large,large,11768.788171471982,8558.988171471981,266.65175934550376,1600.6315637604348,49.867018622980765,True
T13,S4662,174.0,36,17592.8,35165.939336034324,-17573.139336034325,17573.139336034325,99.88824596445322,large,large,32896.62625076219,15303.826250762188,86.98914471125795,2269.313085272137,12.89910125319527,True
T13,S4663,79.0,21,4467.0,15140.680205688004,-10673.680205688004,10673.680205688004,238.94515795137687,large,large,12912.852454798749,8445.852454798749,189.0721391269028,2227.827750889255,49.87301882447406,True
T13,S4664,97.0,17,2676.2,13865.172145352977,-11188.972145352978,11188.972145352978,418.0917773467222,large,large,13563.037389695595,10886.837389695596,406.80208466092205,302.1347556573819,11.289692685800162,True
T13,S4665,80.0,18,5465.5,12719.920820274481,-7254.420820274481,7254.420820274481,132.73114665217238,large,large,11766.419642992001,6300.919642992001,115.2853287529412,953.5011772824801,17.445817899231187,True
T13,S4666,83.0,18,5758.0,16050.80125984332,-10292.80125984332,10292.80125984332,178.75653455789023,large,large,12917.65069515555,7159.650695155549,124.34266577206581,3133.1505646877704,54.41386878582442,True
T13,S4667,57.0,13,3865.8,17990.687393008826,-14124.887393008827,14124.887393008827,365.3807075639926,large,large,17459.160686287054,13593.360686287055,351.63124544174696,531.5267067217719,13.749462122245632,True
T13,S4668,8.0,1,509.0,1143.3680688352927,-634.3680688352927,634.3680688352927,124.63026892638362,medium,small,1151.2366029088944,642.2366029088944,126.17614988386923,-7.868534073601722,-1.5458809574856076,False
T4,S467,15.5,13,55779.3,30178.67281495733,25600.627185042675,25600.627185042675,45.89628622991446,medium,large,26970.549106390223,28808.75089360978,51.64774547835806,-3208.1237085671055,-5.751459248443602,False
T4,S468,41.0,10,58555.6,29734.61977023731,28820.98022976269,28820.98022976269,49.21985297693592,large,large,25832.298414220102,32723.301585779896,55.88415383973505,-3902.321356017208,-6.664300862799131,False
T4,S469,29.0,14,44928.4,26935.730384416365,17992.669615583636,17992.669615583636,40.047430167964215,large,large,26359.593642479576,18568.806357520425,41.329774391076526,-576.1367419367889,-1.282344223112311,False
T4,S470,16.0,9,100303.0,25936.63853905664,74366.36146094336,74366.36146094336,74.14171207336108,medium,large,28966.129164689173,71336.87083531082,71.1213730748939,3029.490625632534,3.0203389984671816,True
T4,S471,18.0,4,6825.4,8371.519956673268,-1546.1199566732685,1546.1199566732685,22.652444643145728,medium,large,8711.299275514782,1885.8992755147829,27.630604440981966,-339.7793188415144,-4.978159797836238,False
T4,S472,61.1,33,115897.0,75615.3829459678,40281.617054032205,40281.617054032205,34.756393223320885,large,large,82610.404432564,33286.595567436,28.720843134365857,6995.021486596204,6.035550088955027,True
T4,S473,17.0,5,5295.2,8100.23089774151,-2805.0308977415098,2805.0308977415098,52.97308690401703,medium,large,8464.013259452333,3168.813259452333,59.84312697258524,-363.78236171082335,-6.870040068568208,False
T4,S474,9.0,32,207210.0,57795.71873082669,149414.2812691733,149414.2812691733,72.10765950927721,medium,small,56274.89960107187,150935.10039892813,72.84161015343281,-1520.8191297548183,-0.7339506441555983,False
T4,S475,64.0,19,130407.0,52133.92436466089,78273.0756353391,78273.0756353391,60.02214270348916,large,large,52984.5255248178,77422.4744751822,59.369876214606734,850.6011601569044,0.6522664888824252,True
T4,S476,0.0,1,12406.6,839.6961200555404,11566.90387994446,11566.90387994446,93.23185949369255,small,small,833.5829826949969,11573.017017305003,93.28113276244098,-6.113137360542169,-0.04927326874842208,False
T4,S477,2.0,24,73505.3,32483.621233495553,41021.678766504454,41021.678766504454,55.80778361084773,small,small,28651.52660548051,44853.77339451949,61.021141869388316,-3832.0946280150383,-5.2133582585405875,False
T4,S478,25.0,12,10854.7,17007.182468145853,-6152.482468145852,6152.482468145852,56.68035476011176,medium,large,16113.203660125668,5258.503660125667,48.444486352692074,893.9788080201852,8.235868407419687,True
T4,S479,26.0,13,12263.5,23087.08630143594,-10823.586301435938,10823.586301435938,88.25854202663137,medium,large,19546.115326537085,7282.615326537085,59.38447691553868,3540.9709748988535,28.874065111092698,True
T4,S480,17.0,9,110838.0,21846.55565565953,88991.44434434047,88991.44434434047,80.28965187421323,medium,large,24309.399752539863,86528.60024746014,78.06763045838083,2462.8440968803334,2.222021415832401,True
T4,S481,59.0,18,187337.0,19565.671283359727,167771.32871664027,167771.32871664027,89.55589590771726,large,large,21093.83811719851,166243.1618828015,88.74016445379263,1528.166833838768,0.8157314539246272,True
T4,S482,10.0,12,8963.5,18502.876209551767,-9539.376209551767,9539.376209551767,106.42468019804502,medium,small,17052.770161533244,8089.270161533244,90.24678040423099,1450.1060480185224,16.177899793814035,True
T4,S483,26.0,9,35840.1,17161.951124448246,18678.148875551753,18678.148875551753,52.1152253357322,medium,large,16369.807985931611,19470.292014068385,54.325439979431934,-792.1431385166325,-2.210214643699736,False
T4,S484,20.0,13,21699.0,14554.027992801206,7144.972007198794,7144.972007198794,32.927655685509905,medium,large,14731.483419034628,6967.516580965372,32.10985105749285,177.45542623342226,0.8178046280170577,True
T4,S485,41.0,27,310508.0,40966.72854056725,269541.2714594327,269541.2714594327,86.80654651713732,large,large,37657.464503865085,272850.5354961349,87.87230457705917,-3309.264036702167,-1.0657580599218477,False
T4,S486,1.0,13,3954.9,20385.890189072477,-16430.990189072476,16430.990189072476,415.4590555784591,small,small,19212.44188501222,15257.54188501222,385.78831032421095,1173.4483040602554,29.670745254248118,True
T4,S487,2.0,27,10354.9,22385.75596070452,-12030.855960704519,12030.855960704519,116.18514868037857,small,small,20070.540330853808,9715.640330853808,93.82650079531246,2315.2156298507107,22.35864788506612,True
T4,S488,35.0,27,42680.1,27229.835929726105,15450.264070273894,15450.264070273894,36.2001590208877,large,large,25671.251462599812,17008.848537400187,39.85194162478576,-1558.584467126293,-3.651782603898056,False
T4,S489,34.0,40,52505.0,35066.406605046606,17438.593394953394,17438.593394953394,33.213205208938945,large,large,32447.077095831326,20057.922904168674,38.20192915754437,-2619.3295092152803,-4.988723948605426,False
T4,S490,0.0,16,25752.2,21187.955969604438,4564.244030395563,4564.244030395563,17.723705277201805,small,small,18342.854187043322,7409.345812956679,28.77170033223056,-2845.101782561116,-11.047995055028753,False
T12,S4904,61.0,9,10122.8,10832.779570182402,-709.9795701824023,709.9795701824023,7.013667860497119,large,large,10228.540384251108,105.74038425110848,1.0445764437814486,604.2391859312938,5.969091416715671,True
T12,S4905,18.0,3,1545.3,6170.368736856566,-4625.068736856566,4625.068736856566,299.2990834696542,medium,large,5887.634521525961,4342.334521525961,281.0026869556695,282.73421533060537,18.29639651398469,True
T12,S4906,45.0,10,47089.1,11449.314734487252,35639.78526551275,35639.78526551275,75.6858493059174,large,large,12229.284755112694,34859.8152448873,74.02947867954006,779.9700206254493,1.6563706263773383,True
T12,S4907,39.0,6,5120.4,5454.869085467007,-334.46908546700706,334.46908546700706,6.532089006073882,large,large,5015.015286469033,105.38471353096702,2.058134394402137,229.08437193604004,4.473954611671745,True
T12,S4908,95.0,17,163743.0,35681.70765562057,128061.29234437943,128061.29234437943,78.20871264382565,large,large,32849.423626395546,130893.57637360445,79.93842568757408,-2832.2840292250185,-1.7297130437484327,False
T12,S4909,107.0,13,18034.5,35511.91941530601,-17477.41941530601,17477.41941530601,96.91102839172702,large,large,36264.56147032317,18230.06147032317,101.08437422896763,-752.6420550171606,-4.173345837240618,False
T12,S4910,81.0,12,6224.6,14546.146861931276,-8321.546861931276,8321.546861931276,133.68805805885157,large,large,14141.765002560496,7917.165002560496,127.19154648588658,404.38185937078015,6.496511572964991,True
T12,S4911,40.0,7,15486.1,4630.529183297853,10855.570816702148,10855.570816702148,70.09880355094018,large,large,4496.6731217249435,10989.426878275057,70.9631661830613,-133.8560615729093,-0.8643626321211286,False
T12,S4913,112.0,13,8758.5,12517.204812416812,-3758.7048124168123,3758.7048124168123,42.91493763106482,large,large,11637.885240902317,2879.3852409023166,32.87532386712698,879.3195715144957,10.039613763937837,True
T12,S4915,56.0,8,5612.1,14125.609554989322,-8513.509554989321,8513.509554989321,151.69917775858093,large,large,13808.31504738917,8196.215047389169,146.0454205625197,317.29450760015243,5.653757196061235,True
T12,S4916,26.0,4,11954.8,5407.859607552485,6546.940392447515,6546.940392447515,54.76411476936055,medium,large,5931.658161456771,6023.141838543228,50.38262320192081,523.7985539042866,4.381491567439745,True
T12,S4917,127.0,22,32911.4,33961.942764702115,-1050.5427647021133,1050.5427647021133,3.1920330484334096,large,large,33742.5626024212,831.1626024212019,2.5254550168671095,219.38016228091146,0.6665780315663001,True
T12,S4918,14.0,3,11687.3,2873.600572834174,8813.699427165826,8813.699427165826,75.41262248052011,medium,large,2623.7251974914902,9063.574802508509,77.55063019267503,-249.87537534268267,-2.1380077121549164,False
T12,S4919,66.0,11,53820.9,15157.437666943744,38663.46233305626,38663.46233305626,71.83726458133599,large,large,16427.329581336424,37393.57041866358,69.47778728832773,1269.8919143926832,2.359477293008254,True
T12,S4920,342.0,34,42616.9,44239.129930200615,-1622.229930200614,1622.229930200614,3.8065413725555213,large,large,47075.262611727245,4458.362611727243,10.461489718227378,-2836.1326815266293,-6.654948345671857,False
T12,S4921,13.0,3,10443.1,4606.099086276978,5837.000913723023,5837.000913723023,55.893373746521846,medium,large,4072.535870805412,6370.5641291945885,61.00261540342032,-533.5632154715659,-5.109241656898476,False
T12,S4922,67.0,12,11526.6,19504.51062626333,-7977.91062626333,7977.91062626333,69.21304310259166,large,large,20847.88997602927,9321.28997602927,80.86764506471353,-1343.379349765939,-11.654601962121873,False
T12,S4923,47.0,8,7252.8,9624.502245663,-2371.7022456629993,2371.7022456629993,32.7005052622849,large,large,7859.305155981625,606.5051559816247,8.362358757743557,1765.1970896813746,24.338146504541342,True
T12,S4924,58.0,8,19089.9,12348.564259036688,6741.335740963314,6741.335740963314,35.31362522047425,large,large,11766.094920952835,7323.805079047166,38.36481636387391,-582.4693380838526,-3.051191143399663,False
T12,S4925,118.0,16,27058.1,32400.104267449606,-5342.004267449607,5342.004267449607,19.742717587153596,large,large,32062.563648224863,5004.463648224864,18.49525150777351,337.54061922474284,1.2474660793800858,True
T12,S4928,123.0,13,28320.5,29421.1392157564,-1100.6392157564005,1100.6392157564005,3.886369293467278,large,large,30557.113019029162,2236.6130190291624,7.897505407846481,-1135.9738032727619,-4.011136114379203,False
T12,S4929,91.0,17,56070.3,26654.805995048457,29415.494004951546,29415.494004951546,52.46180955862827,large,large,26137.545010061378,29932.754989938625,53.3843317940846,-517.2609849870787,-0.9225222354563343,False
T12,S4930,0.0,1,615.7,1183.555677219442,-567.855677219442,567.855677219442,92.22928004213772,small,small,1145.395023116352,529.6950231163519,86.03135018943509,38.16065410309011,6.197929852702629,True
T12,S4931,130.0,20,26435.4,15544.133757449708,10891.266242550293,10891.266242550293,41.19955152012185,large,large,14985.631000511159,11449.768999488842,43.312259317009925,-558.5027569385493,-2.112707796888074,False
T12,S4932,100.0,22,44296.3,23273.620799723154,21022.67920027685,21022.67920027685,47.45922165119174,large,large,23326.7237329808,20969.5762670192,47.339340457372735,53.10293325764724,0.11988119381900475,True
T12,S4933,153.0,26,5772.8,31197.100931327328,-25424.30093132733,25424.30093132733,440.4154124744895,large,large,31637.612557982262,25864.812557982263,448.0462264062892,-440.51162665493393,-7.6308139317997075,False
T12,S4934,38.0,34,55504.3,49201.2283020311,6303.071697968902,6303.071697968902,11.356006107578875,large,large,48841.07068207851,6663.22931792149,12.00488848237252,-360.157619952588,-0.6488823747936454,False
T12,S4935,31.0,8,1149.9,3884.707949927221,-2734.8079499272208,2734.8079499272208,237.8300678256562,large,large,3426.622065696803,2276.722065696803,197.9930485865556,458.08588423041783,39.837019239100584,True
T12,S4936,76.0,10,1129.5,7820.417595692191,-6690.917595692191,6690.917595692191,592.3787158647358,large,large,5735.888602299059,4606.388602299059,407.82546279761476,2084.5289933931317,184.55325306712103,True
T12,S4937,131.0,27,12657.6,30369.889145359808,-17712.289145359806,17712.289145359806,139.93402497598126,large,large,29691.81850633458,17034.218506334582,134.57700121930367,678.0706390252235,5.357023756677592,True
T12,S4938,79.0,13,4224.4,8989.023046121383,-4764.623046121384,4764.623046121384,112.78816035700655,large,large,8943.50625995704,4719.10625995704,111.71068696044503,45.51678616434401,1.0774733965615155,True
T12,S4939,45.0,13,16549.7,18168.004361583255,-1618.304361583254,1618.304361583254,9.778451341010737,large,large,18597.26571441656,2047.5657144165598,12.372222544315363,-429.26135283330586,-2.5937712033046267,False
T12,S4940,81.0,15,15292.6,28782.13959344058,-13489.53959344058,13489.53959344058,88.20958890862627,large,large,28392.42443064011,13099.824430640108,85.6611984269523,389.71516280047217,2.5483904816739766,True
T12,S4941,13.0,11,4071.8,12039.704711764383,-7967.904711764383,7967.904711764383,195.6850707737213,medium,large,12888.22640442882,8816.426404428821,216.52405335303357,-848.521692664438,-20.838982579312272,False
T12,S4942,0.0,5,10678.5,2916.478295464863,7762.021704535136,7762.021704535136,72.68831488069614,small,small,2291.8512852170975,8386.648714782903,78.53770393578596,-624.6270102477665,-5.849389055089816,False
T12,S4943,0.0,4,701.6,959.6739394889146,-258.07393948891456,258.07393948891456,36.78362877550093,small,small,968.8394869332366,267.23948693323655,38.09000668945789,-9.165547444321987,-1.3063779139569576,False
T12,S4944,1.0,1,500.0,1029.5524534434965,-529.5524534434965,529.5524534434965,105.91049068869928,small,small,1006.9076899880389,506.9076899880389,101.38153799760778,22.644763455457564,4.528952691091504,True
T12,S4945,21.0,11,6046.1,14782.974059635942,-8736.874059635942,8736.874059635942,144.50429300931083,medium,large,15069.025484349877,9022.925484349877,149.23546557863543,-286.05142471393447,-4.731172569324599,False
T12,S4946,5.0,10,2532.2,7626.857359217742,-5094.657359217742,5094.657359217742,201.1949040051237,medium,small,7132.832414216481,4600.632414216481,181.6851913046553,494.0249450012607,19.509712700468413,True
T12,S4947,0.0,4,3783.8,957.1919540890121,2826.608045910988,2826.608045910988,74.70289248667974,small,small,968.8394869332366,2814.9605130667637,74.39506615219524,11.647532844224315,0.3078263344845027,True
T12,S4948,1.0,19,109307.0,23568.202478665768,85738.79752133423,85738.79752133423,78.43852408476513,small,small,20350.510169044523,88956.48983095548,81.3822443493605,-3217.692309621256,-2.9437202645953704,False
T12,S4949,0.0,14,3020.8,6748.625335944707,-3727.825335944707,3727.825335944707,123.4052349028306,small,small,5533.7429689212995,2512.9429689212993,83.18799552837987,1214.8823670234078,40.21723937445073,True
T12,S4950,43.0,46,90519.1,63652.063162140694,26867.036837859312,26867.036837859312,29.681069341011245,large,large,64486.09119465883,26033.008805341175,28.75968586225578,834.0280325181375,0.921383478755466,True
T12,S4952,0.0,26,29795.7,28867.3852370556,928.3147629443993,928.3147629443993,3.115599777633683,small,small,23965.957705226465,5829.742294773536,19.565716847644243,-4901.427531829137,-16.45011707001056,False
T12,S4953,8.0,29,72349.5,39194.44858621721,33155.05141378279,33155.05141378279,45.82623433995092,medium,small,36789.983564997885,35559.516435002115,49.14963674248214,-2404.465021219323,-3.323402402531215,False
T12,S4954,18.0,23,610029.0,24296.13235303521,585732.8676469647,585732.8676469647,96.01721682853844,medium,large,21923.598540511575,588105.4014594884,96.40613830809494,-2372.533812523703,-0.388921479556501,False
T12,S4956,42.0,5,3289.5,10089.27393246651,-6799.773932466511,6799.773932466511,206.7114738551911,large,large,9884.612276241352,6595.112276241352,200.4898092792629,204.66165622515837,6.221664575928202,True
T12,S4957,5.0,1,2669.8,940.996868208317,1728.8031317916832,1728.8031317916832,64.75403145522822,medium,small,982.246184508231,1687.5538154917692,63.20899750886843,41.24931629991397,1.545033946359787,True
T12,S4958,5.0,6,19139.7,11307.424620917342,7832.275379082659,7832.275379082659,40.921620396780824,medium,small,9580.616752747253,9559.083247252747,49.9437464915999,-1726.807868170088,-9.022126094819079,False
T12,S4959,21.0,6,5166.5,10268.614700185133,-5102.114700185133,5102.114700185133,98.75379270657376,medium,large,10093.528758857103,4927.028758857103,95.36492323346758,175.08594132803046,3.3888694731061832,True
T12,S4965,40.0,10,6835.1,5610.883309548209,1224.2166904517917,1224.2166904517917,17.910735621304614,large,large,4496.893526486275,2338.2064735137255,34.20881148064733,-1113.9897830619338,-16.298075859342713,False
T12,S4966,35.0,119,239840.0,321543.31812049507,-81703.31812049507,81703.31812049507,34.065759723355185,large,large,331408.86106993724,91568.86106993724,38.17914487572433,-9865.54294944217,-4.113385152369148,False
T12,S4968,0.0,5,1002.4,2678.5250720683084,-1676.1250720683083,1676.1250720683083,167.21120032604833,small,small,2204.5469938948486,1202.1469938948485,119.92687488974944,473.97807817345983,47.284325436298886,True
T12,S4969,34.0,8,3490.8,5103.344546693927,-1612.5445466939273,1612.5445466939273,46.19412589360397,large,large,5271.038490171899,1780.2384901718988,50.99800877082327,-167.69394347797152,-4.803882877219301,False
T12,S4970,21.0,9,12109.6,10398.34278255573,1711.2572174442703,1711.2572174442703,14.131409934632607,medium,large,9103.824027755685,3005.775972244315,24.821430701627758,-1294.518754800045,-10.69002076699515,False
T44,S5017,36.0,11,2000.0,3099.635929278035,-1099.6359292780348,1099.6359292780348,54.981796463901745,large,large,2986.8036563769124,986.8036563769124,49.34018281884562,112.83227290112245,5.641613645056125,True
T44,S5018,54.0,15,3500.0,15672.751375692935,-12172.751375692935,12172.751375692935,347.79289644836956,large,large,16272.852253149991,12772.852253149991,364.93863580428547,-600.1008774570564,-17.145739355915907,False
T44,S5019,38.0,10,4900.7,6192.642868520917,-1291.9428685209168,1291.9428685209168,26.362414930946944,large,large,5841.741008299338,941.0410082993385,19.202175368811364,350.9018602215783,7.16023956213558,True
T44,S5020,20.0,5,1500.0,1546.4426318372484,-46.44263183724843,46.44263183724843,3.096175455816562,medium,large,1555.7730863851757,55.7730863851757,3.7182057590117132,-9.330454547927275,-0.6220303031951513,False
T44,S5021,28.0,6,2000.0,2540.393992238785,-540.3939922387849,540.3939922387849,27.019699611939245,medium,large,2552.5178132529904,552.5178132529904,27.62589066264952,-12.123821014205532,-0.6061910507102759,False
T44,S5023,1.0,1,500.0,659.869881431342,-159.86988143134204,159.86988143134204,31.973976286268407,small,small,656.6642154636885,156.6642154636885,31.3328430927377,3.2056659676535446,0.6411331935307061,True
T44,S5024,8.0,3,1500.0,3038.6116096538353,-1538.6116096538353,1538.6116096538353,102.5741073102557,medium,small,3210.409362408161,1710.409362408161,114.02729082721075,-171.79775275432576,-11.45318351695505,False
T44,S5026,2.0,1,550.0,1881.3846621352682,-1331.3846621352682,1331.3846621352682,242.06993857004875,small,small,995.9638661953214,445.96386619532143,81.08433930824026,885.4207959399467,160.9855992618085,True
T44,S5027,5.0,1,500.0,1540.6796889597128,-1040.6796889597128,1040.6796889597128,208.13593779194255,medium,small,1635.914026104286,1135.914026104286,227.18280522085718,-95.23433714457315,-19.046867428914624,False
T5,S521,16.0,4,16385.1,3141.229130257107,13243.870869742892,13243.870869742892,80.82874605429868,medium,large,3217.0219306795834,13168.078069320414,80.36617456909273,75.79280042247774,0.4625714852059417,True
T5,S522,30.0,9,1711.6,10030.366285464497,-8318.766285464497,8318.766285464497,486.0228023758178,large,large,12438.531507776133,10726.931507776133,626.7195318868974,-2408.165222311636,-140.69672951107958,False
T5,S523,3.0,6,13108.9,2793.9810768750663,10314.918923124933,10314.918923124933,78.68638042188843,small,small,2088.131926026962,11020.768073973039,84.07088370475813,-705.8491508481056,-5.3845032828697015,False
T5,S524,8.0,10,5200.7,10730.510694594817,-5529.8106945948175,5529.8106945948175,106.32819994606145,medium,small,10225.299465577582,5024.599465577582,96.61390708130794,505.2112290172354,9.714292864753503,True
T5,S525,2.0,3,3390.8,1447.4496503130179,1943.3503496869823,1943.3503496869823,57.31244395679433,small,small,1496.2246920938433,1894.575307906157,55.87399162162784,48.775041780825404,1.4384523351664953,True
T5,S526,2.0,10,17645.1,17493.915122984567,151.184877015432,151.184877015432,0.8568094089318394,small,small,14280.606948443874,3364.4930515561246,19.067577126545753,-3213.3081745406926,-18.210767717613916,False
T5,S527,0.0,9,3097.2,19306.331257963924,-16209.131257963923,16209.131257963923,523.3479032017282,small,small,16087.795752962342,12990.595752962341,419.43031618759983,3218.5355050015824,103.91758701412834,True
T5,S528,8.0,12,15906.6,12266.415709142848,3640.1842908571525,3640.1842908571525,22.8847414963421,medium,small,11701.14327721852,4205.4567227814805,26.43843890448921,-565.272431924328,-3.5536974081471087,False
T6,S562,36.0,56,43644.5,69519.37741180559,-25874.877411805588,25874.877411805588,59.285539785781914,large,large,73369.18695265896,29724.686952658958,68.10637526528878,-3849.80954085337,-8.820835479506862,False
T6,S563,0.0,1,500.0,2848.3495705518667,-2348.3495705518667,2348.3495705518667,469.6699141103734,small,small,3146.060662557356,2646.060662557356,529.2121325114712,-297.71109200548926,-59.542218401097784,False
T6,S564,8.0,14,33578.6,13338.384385854793,20240.215614145207,20240.215614145207,60.277127736550085,medium,small,15898.556118860497,17680.0438811395,52.65271298130209,2560.171733005707,7.624414755247997,True
T6,S565,11.0,18,12830.3,24118.756456530893,-11288.456456530894,11288.456456530894,87.98279429577558,medium,small,31985.393197412188,19155.09319741219,149.29575456078337,-7866.636740881295,-61.31296026500779,False
T6,S567,36.0,45,112248.0,68797.58835708734,43450.41164291266,43450.41164291266,38.709296952206415,large,large,67294.17821182337,44953.82178817663,40.04866170281576,-1503.4101452639734,-1.3393647506093416,False
T6,S568,0.0,7,25500.2,4183.402875375643,21316.797124624358,21316.797124624358,83.59462719752926,small,small,15515.102303108608,9985.097696891393,39.15693875691717,11331.699427732965,44.43768844061209,True
T6,S569,0.0,5,10592.7,4547.7163862931175,6044.983613706883,6044.983613706883,57.06744846646165,small,small,19021.434685541517,8428.734685541516,79.57116396708597,-2383.751071834633,-22.503715500624317,False
T1,S57,66.0,29,21916.7,40377.245155794975,-18460.545155794975,18460.545155794975,84.23049617777755,large,large,43496.95548588372,21580.25548588372,98.46489428556178,-3119.7103300887466,-14.23439810778423,False
T1,S58,59.0,33,12144.8,28519.855395574883,-16375.055395574884,16375.055395574884,134.83182428343724,large,large,28650.91575535378,16506.11575535378,135.9109722297097,-131.0603597788977,-1.0791479462724567,False
T1,S59,108.0,24,13760.8,28991.01418955112,-15230.21418955112,15230.21418955112,110.67826136235625,large,large,28051.429262159858,14290.629262159859,103.85027950526029,939.5849273912609,6.827981857095963,True
T1,S6,41.0,16,17412.6,20888.38744317822,-3475.787443178222,3475.787443178222,19.961335143391697,large,large,20949.748854183104,3537.148854183106,20.313731747028623,-61.36141100488385,-0.35239660363692593,False
T1,S60,39.0,13,5837.9,15989.654678478664,-10151.754678478665,10151.754678478665,173.8939460846994,large,large,16238.471966891042,10400.571966891042,178.1560486971521,-248.81728841237782,-4.262102612452708,False
T1,S61,121.0,49,9925.7,30650.729716372407,-20725.029716372406,20725.029716372406,208.80169374827372,large,large,29289.779075854265,19364.079075854264,195.09031177503113,1360.9506405181419,13.711381973242595,True
T1,S62,95.0,33,15023.8,28467.713738501712,-13443.913738501713,13443.913738501713,89.48411013526348,large,large,28100.747043482224,13076.947043482225,87.04154104475715,366.9666950194878,2.442569090506325,True
T1,S63,62.0,30,8309.0,32015.480893958527,-23706.480893958527,23706.480893958527,285.310878492701,large,large,30923.694415137234,22614.694415137234,272.1710725133859,1091.7864788212937,13.1398059793151,True
T1,S64,72.0,15,10688.8,21207.503372934985,-10518.703372934986,10518.703372934986,98.40864618044108,large,large,21725.686925782662,11036.886925782663,103.25655757225005,-518.1835528476768,-4.847911391808964,False
T1,S65,12.0,10,2345.8,10651.7518577163,-8305.9518577163,8305.9518577163,354.07757940644126,medium,small,10428.4008558154,8082.6008558154,344.5562646353227,223.35100190089997,9.521314771118568,True
T1,S66,18.0,17,8953.9,16488.606534605464,-7534.706534605464,7534.706534605464,84.14999647757362,medium,large,15867.638294785178,6913.738294785178,77.21482588352761,620.9682398202858,6.9351705940460135,True
T7,S670,28.0,7,8176.2,7255.037797736765,921.1622022632346,921.1622022632346,11.266385390074053,medium,large,5463.437839367727,2712.7621606322728,33.178764715054335,-1791.5999583690382,-21.912379324980282,False
T7,S671,33.0,11,2630.4,7704.671934213763,-5074.2719342137625,5074.2719342137625,192.9087566230901,large,large,5702.132969929797,3071.7329699297966,116.77816947725807,2002.538964283966,76.13058714583204,True
T7,S672,42.0,8,3605.3,6103.329387443559,-2498.0293874435592,2498.0293874435592,69.28769831757576,large,large,5446.9629358804905,1841.6629358804903,51.082099572309936,656.366451563069,18.205598745265824,True
T7,S673,13.0,12,7047.7,5219.45050926635,1828.2494907336495,1828.2494907336495,25.9410799371944,medium,large,5735.54514760235,1312.1548523976498,18.61819958848489,516.0946383359997,7.322880348709507,True
T7,S674,5.0,15,9272.8,16800.98134340046,-7528.181343400462,7528.181343400462,81.1856326395529,medium,small,15546.290722100766,6273.490722100767,67.6547614755065,1254.6906212996946,13.530871164046403,True
T7,S675,0.0,15,3682.3,15309.761752403569,-11627.461752403568,11627.461752403568,315.76628065077716,small,small,14097.669297167415,10415.369297167414,282.8495586228013,1212.092455236154,32.91672202797588,True
T7,S676,0.0,8,5954.3,7633.169700077492,-1678.8697000774919,1678.8697000774919,28.19592059650155,small,small,6513.239928733981,558.9399287339811,9.38716438093447,1119.9297713435108,18.80875621556708,True
T7,S677,0.0,10,27730.2,11248.561227051006,16481.638772948994,16481.638772948994,59.43570105137718,small,small,3081.7130721741078,24648.486927825892,88.88679824821276,-8166.848154876898,-29.451097196835576,False
T7,S678,0.0,1,502.6,1234.1233302318287,-731.5233302318287,731.5233302318287,145.547817395907,small,small,1268.100173038019,765.5001730380189,152.30803283685214,-33.976842806190234,-6.760215440945132,False
T7,S679,0.0,1,555.0,1234.1233302318287,-679.1233302318287,679.1233302318287,122.3645640057349,small,small,1268.100173038019,713.100173038019,128.48651766450791,-33.976842806190234,-6.121953658773009,False
T7,S680,0.0,2,500.0,755.4824819332936,-255.48248193329357,255.48248193329357,51.09649638665872,small,small,765.9619546055104,265.9619546055104,53.19239092110208,-10.479472672216843,-2.09589453444336,False
T7,S681,0.0,2,535.2,755.4824819332936,-220.28248193329352,220.28248193329352,41.15890918036127,small,small,765.9619546055104,230.76195460551037,43.11695713854827,-10.479472672216843,-1.9580479581870023,False
T7,S682,0.0,6,5915.3,2240.146538098199,3675.153461901801,3675.153461901801,62.12962084597232,small,small,1872.6963548222884,4042.6036451777118,68.34148133108569,-367.4501832759106,-6.21186048511337,False
T7,S685,0.0,2,631.3,753.9558539764544,-122.65585397645441,122.65585397645441,19.429091394971394,small,small,764.4884902113421,133.18849021134213,21.097495677386686,-10.532636234887718,-1.6684042824152918,False
T8,S698,0.0,1,509.3,1029.7492216513056,-520.4492216513056,520.4492216513056,102.18912657594848,small,small,986.2889692468666,476.9889692468666,93.655796042974,43.46025240443902,8.533330532974475,True
T1,S7,80.0,29,32260.1,24202.435033639555,8057.664966360444,8057.664966360444,24.97718533532272,large,large,25054.10703520538,7205.992964794619,22.33716871551737,851.6720015658248,2.6400166198053476,True
T9,S783,5.0,1,9992.3,1054.015408285185,8938.284591714815,8938.284591714815,89.45172374443136,medium,small,1017.5455344294346,8974.754465570564,89.81670351741406,-36.46987385574903,-0.3649797729826929,False
T9,S784,3.0,1,7837.2,681.0759303828618,7156.124069617138,7156.124069617138,91.30970333304163,small,small,680.2527832415224,7156.947216758477,91.3202064099229,-0.8231471413391773,-0.010503076881278162,False
T9,S785,43.0,9,36653.6,18544.365074352165,18109.234925647834,18109.234925647834,49.40642917925616,large,large,17373.134286404507,19280.46571359549,52.601833690539245,-1171.2307879476575,-3.195404511283087,False
T9,S786,27.0,11,20380.7,22847.497868639864,-2466.7978686398637,2466.7978686398637,12.103597367312524,medium,large,24544.1050310887,4163.4050310887,20.42817484722654,-1696.6071624488359,-8.324577479914016,False
T9,S787,10.0,3,27006.8,3180.3215863392725,23826.478413660727,23826.478413660727,88.22399696987695,medium,small,3451.939268425781,23554.86073157422,87.21825885174927,271.61768208650756,1.005738118127681,True
T9,S788,0.0,1,500.0,569.4675319088503,-69.46753190885033,69.46753190885033,13.893506381770065,small,small,569.3197809447178,69.31978094471776,13.863956188943552,0.1477509641325696,0.0295501928265125,True
T9,S789,17.0,6,3858.0,30676.402346885094,-26818.402346885094,26818.402346885094,695.137437710863,medium,large,26721.67125374523,22863.67125374523,592.6301517300474,3954.7310931398642,102.5072859808156,True
T9,S790,13.0,3,6870.4,4028.0666192425456,2842.333380757454,2842.333380757454,41.37071175997692,medium,large,3994.471866243126,2875.9281337568736,41.85968988351295,-33.5947529994196,-0.4889781235360289,False
T9,S791,19.0,4,1543.0,4936.2823182524,-3393.2823182524,3393.2823182524,219.9146026087103,medium,large,5095.852490657796,3552.852490657796,230.2561562318727,-159.57017240539608,-10.341553623162383,False
T9,S792,19.0,4,4965.6,4936.2823182524,29.317681747600545,29.317681747600545,0.5904156949331509,medium,large,5095.852490657796,130.25249065779553,2.623096718579739,-100.93480891019499,-2.032681023646588,False
T9,S793,49.0,11,3897.9,21575.632432046048,-17677.732432046047,17677.732432046047,453.51939331553,large,large,20810.162552445243,16912.26255244524,433.88138619372586,765.4698796008051,19.63800712180415,True
T9,S794,17.0,9,2507.0,25123.91337314332,-22616.91337314332,22616.91337314332,902.1505134879666,medium,large,27986.852495032443,25479.852495032443,1016.348324492718,-2862.9391218891215,-114.19781100475143,False
T9,S795,60.0,21,237376.0,23494.864557284192,213881.1354427158,213881.1354427158,90.10225778626138,large,large,24681.79434382821,212694.20565617178,89.60223681255552,1186.9297865440312,0.5000209737058583,True
T9,S797,0.0,2,1036.8,3004.637515678799,-1967.837515678799,1967.837515678799,189.79914310173604,small,small,2849.2897379574792,1812.4897379574793,174.8157540468248,155.34777772131974,14.983389054911243,True
T1,S8,41.0,17,28958.9,21900.213189301543,7058.686810698458,7058.686810698458,24.374844385313178,large,large,21422.057503114025,7536.842496885976,26.0259971783665,-478.15568618751786,-1.6511527930533205,False
T10,S847,10.0,2,631.5,1919.7204167261573,-1288.2204167261573,1288.2204167261573,203.99373186479136,medium,small,1865.8055776642677,1234.3055776642677,195.45614848206932,53.91483906188955,8.537583382722033,True
T10,S848,125.0,6,22082.5,16417.913611321936,5664.586388678064,5664.586388678064,25.651925228928175,large,large,15619.702630694874,6462.797369305126,29.26660192145421,-798.2109806270619,-3.614676692526036,False
T10,S849,5.0,1,511.5,846.9889401701336,-335.48894017013356,335.48894017013356,65.58923561488437,medium,small,861.6955416035358,350.19554160353584,68.4644265109552,-14.706601433402284,-2.8751908960708334,False
T10,S851,45.0,5,2358.9,20903.346400370832,-18544.44640037083,18544.44640037083,786.1480520738832,large,large,19168.469214561246,16809.569214561245,712.6020269855121,1734.877185809586,73.54602508837104,True
T10,S852,5.0,1,500.0,914.8901647100024,-414.8901647100024,414.8901647100024,82.97803294200048,medium,small,927.2028519923291,427.2028519923291,85.44057039846582,-12.312687282326692,-2.4625374564653413,False
T10,S853,131.0,15,22487.6,18017.49950744964,4470.1004925503585,4470.1004925503585,19.8780683245449,large,large,17053.95218419344,5433.647815806558,24.16286226990234,-963.5473232561999,-4.284793945357443,False
T10,S855,5.0,1,501.5,863.3094135775733,-361.8094135775733,361.8094135775733,72.14544637638551,medium,small,861.5433084025896,360.04330840258956,71.79328183501288,1.7661051749837497,0.3521645413726304,True
T10,S857,8.0,1,500.0,2556.7882014486886,-2056.7882014486886,2056.7882014486886,411.3576402897377,medium,small,2601.1750780014995,2101.1750780014995,420.2350156002999,-44.38687655281092,-8.877375310562229,False
T10,S858,13.0,1,4834.0,2307.591730370409,2526.408269629591,2526.408269629591,52.26330719134445,medium,large,2095.9737672711512,2738.0262327288488,56.64100605562368,-211.61796309925785,-4.377698864279225,False
T1,S9,69.0,21,19307.4,29406.287464544337,-10098.887464544336,10098.887464544336,52.30578671672175,large,large,30455.000428103915,11147.600428103913,57.737450035239924,-1048.7129635595775,-5.431663318518176,False
T2,S90,3.0,2,563.4,1355.9246641536854,-792.5246641536854,792.5246641536854,140.66820450012167,small,small,1394.803682756884,831.403682756884,147.5689887747398,-38.879018603198574,-6.9007842746181325,False
T2,S91,22.0,28,38831.6,43112.06973889217,-4280.46973889217,4280.46973889217,11.023160876430975,medium,large,38888.93125027698,57.331250276984065,0.1476407108565809,4223.138488615186,10.875520165574393,True
T2,S92,54.0,35,54800.5,31226.246340259873,23574.253659740127,23574.253659740127,43.018318555013416,large,large,28132.98750693937,26667.51249306063,48.66289996087742,-3093.258833320502,-5.6445814058640025,False
T2,S93,1.0,4,5219.9,3078.9814129904025,2140.918587009597,2140.918587009597,41.01455175404888,small,small,3180.799658043996,2039.1003419560038,39.0639732936647,101.81824505359327,1.950578460384179,True
T2,S94,1.0,2,509.4,1364.5913932264618,-855.1913932264619,855.1913932264619,167.88209525450765,small,small,1299.4353076047105,790.0353076047105,155.0913442490598,65.15608562175134,12.790751005447845,True
T2,S95,16.0,6,1021.8,4303.316639243043,-3281.516639243043,3281.516639243043,321.1505812529891,medium,large,4480.959222826548,3459.159222826548,338.535840949946,-177.64258358350526,-17.385259696956894,False
T11,S957,52.0,10,3264.0,8558.274713274799,-5294.274713274799,5294.274713274799,162.20204391160536,large,large,7774.91774683761,4510.91774683761,138.20213685164248,783.3569664371889,23.99990705996288,True
T11,S958,19.0,5,4764.4,10811.223526694243,-6046.823526694243,6046.823526694243,126.91678966279581,medium,large,9852.333234611762,5087.933234611763,106.79063963168002,958.8902920824803,20.126150031115785,True
T11,S959,10.0,3,11573.7,4006.607790421484,7567.092209578517,7567.092209578517,65.38178983020569,medium,small,4553.5168766657025,7020.183123334298,60.65634259860112,546.909086244219,4.725447231604569,True
T2,S96,3.0,1,520.8,1537.6011430328283,-1016.8011430328283,1016.8011430328283,195.23831471444478,small,small,1499.6559733562947,978.8559733562947,187.95237583646212,37.945169676533624,7.285938877982659,True
T11,S962,75.0,8,9646.9,19149.49485068396,-9502.594850683961,9502.594850683961,98.50412931287732,large,large,14864.00478098411,5217.104780984111,54.080635032851085,4285.49006969985,44.42349428002624,True
T11,S964,39.0,8,26018.0,8352.401719231912,17665.59828076809,17665.59828076809,67.89760273951913,large,large,8675.430691020056,17342.569308979946,66.65604315850544,323.02897178814237,1.2415595810136892,True
T11,S965,24.0,1,17036.0,1334.8950808070451,15701.104919192954,15701.104919192954,92.16426930730779,medium,large,1294.0676282622717,15741.932371737728,92.40392329031303,-40.82745254477413,-0.23965398300524043,False
T11,S966,5.0,1,500.0,1710.313457598223,-1210.313457598223,1210.313457598223,242.0626915196446,medium,small,1711.1728149541964,1211.1728149541964,242.2345629908393,-0.8593573559733159,-0.1718714711946916,False
T11,S967,18.0,8,3374.6,10406.135880539607,-7031.535880539606,7031.535880539606,208.36649915662915,medium,large,10261.550397467037,6886.950397467037,204.08197704815495,144.58548307256933,4.284522108474192,True
T11,S968,6.0,2,3357.0,1663.8947252000082,1693.1052747999918,1693.1052747999918,50.43506925230836,medium,small,1847.7633237737239,1509.2366762262761,44.95789920245088,183.86859857371564,5.477170049857477,True
T11,S969,23.0,8,14890.2,8318.752635934534,6571.447364065467,6571.447364065467,44.13270046114536,medium,large,9295.325620876374,5594.874379123627,37.57420571331229,976.5729849418403,6.558494747833073,True
T2,S97,1.0,1,623.4,700.4805301596131,-77.08053015961309,77.08053015961309,12.36453804292799,small,small,619.8594247539233,3.540575246076628,0.5679459810838351,73.53995491353646,11.796592061844155,True
T11,S970,7.0,2,6528.3,1700.400441623209,4827.899558376791,4827.899558376791,73.9533961119555,medium,small,1911.2482442831988,4617.051755716801,70.72364560018384,210.8478026599896,3.2297505117716554,True
T11,S971,29.0,6,54506.3,5411.956779149743,49094.34322085026,49094.34322085026,90.07095183648543,large,large,5063.427323484991,49442.87267651501,90.71038150913749,-348.52945566474955,-0.6394296726520565,False
T11,S972,1.0,1,500.7,665.606842254861,-164.90684225486103,164.90684225486103,32.93525908824866,small,small,557.2504279262682,56.55042792626824,11.294273602210554,108.35641432859279,21.640985486038105,True
T11,S973,7.0,2,3819.3,1700.400441623209,2118.899558376791,2118.899558376791,55.47874108807349,medium,small,1911.2482442831988,1908.0517557168014,49.95815347620772,210.8478026599896,5.520587611865771,True
T11,S974,21.0,7,3223.7,8020.221466856126,-4796.521466856127,4796.521466856127,148.78932490170072,medium,large,8316.465268276277,5092.765268276277,157.97888352750806,-296.2438014201507,-9.189558625807337,False
T11,S975,16.0,1,500.0,1814.4083491635724,-1314.4083491635724,1314.4083491635724,262.8816698327145,medium,large,1874.4785279761056,1374.4785279761056,274.8957055952211,-60.070178812533186,-12.01403576250658,False
T11,S976,60.0,16,35094.0,8924.900573801462,26169.09942619854,26169.09942619854,74.56858558784562,large,large,13533.004528294361,21560.99547170564,61.437839721051,4608.103954492901,13.13074586679462,True
T11,S978,25.0,7,12078.2,6622.532183850879,5455.667816149122,5455.667816149122,45.16954360872582,medium,large,6884.157680739974,5194.0423192600265,43.00344686509601,261.6254968890953,2.166096743629808,True
T11,S979,39.0,3,23856.5,5240.608600109433,18615.891399890566,18615.891399890566,78.03278519435193,large,large,6010.053757649699,17846.4462423503,74.80747906168256,769.4451575402672,3.225306132669374,True
T11,S981,15.0,4,3528.4,4825.566798172342,-1297.1667981723417,1297.1667981723417,36.763598179694526,medium,large,5476.461554126939,1948.0615541269385,55.21090449288455,-650.8947559545968,-18.447306313190026,False
T11,S982,65.0,8,4144.2,10740.995966535691,-6596.795966535691,6596.795966535691,159.18140935610472,large,large,10925.284149311554,6781.084149311554,163.62830339538522,-184.28818277586288,-4.446894039280494,False
T11,S983,12.0,3,1089.6,5113.112772955503,-4023.512772955503,4023.512772955503,369.26512233438905,medium,small,5272.980890370746,4183.380890370747,383.93730638498045,-159.8681174152439,-14.672184050591397,False
T11,S984,18.0,8,711.4,9500.079873596897,-8788.679873596897,8788.679873596897,1235.4062234462885,medium,large,10391.21551482503,9679.81551482503,1360.6712840631194,-891.135641228133,-125.26506061683085,False
T11,S985,15.0,7,17288.5,5154.985357277322,12133.51464272268,12133.51464272268,70.1825759477264,medium,large,5674.6834323656685,11613.81656763433,67.17654260134964,519.6980750883486,3.0060333463767677,True
T11,S986,5.0,5,514.5,8780.814675278432,-8266.314675278432,8266.314675278432,1606.6695190045543,medium,small,5594.378588578618,5079.878588578618,987.342777177574,3186.436086699814,619.3267418269803,True
T11,S988,16.0,1,1665.7,1814.4083491635724,-148.7083491635724,148.7083491635724,8.927679003636452,medium,large,1874.4785279761056,208.77852797610558,12.533981387771242,-60.070178812533186,-3.606302384134789,False
T2,S99,4.0,2,506.4,1304.8807324163938,-798.4807324163938,798.4807324163938,157.67786975047272,small,small,1336.849218935286,830.449218935286,163.99076203303437,-31.968486518892178,-6.3128922825616485,False
T11,S990,126.0,34,568408.0,44966.41175499838,523441.5882450016,523441.5882450016,92.08906071782972,large,large,50883.01464476196,517524.985355238,91.04815297378609,5916.602889763599,1.0409077440436363,True
T11,S992,75.0,11,4618.0,9397.183724168055,-4779.183724168055,4779.183724168055,103.49033616648018,large,large,8837.838693369418,4219.838693369418,91.3780574571117,559.3450307986368,12.112278709368482,True
T11,S993,4.0,1,602.9,1810.2523169184801,-1207.35231691848,1207.35231691848,200.25747502379835,small,small,1807.3442681255237,1204.4442681255236,199.77513155175382,2.9080487929563787,0.48234347204453343,True
T11,S994,3.0,1,500.0,1546.7515277836778,-1046.7515277836778,1046.7515277836778,209.35030555673558,small,small,1496.945653152633,996.945653152633,199.38913063052658,49.805874631044844,9.961174926208997,True
T11,S995,7.0,1,500.0,1523.0558664126052,-1023.0558664126052,1023.0558664126052,204.61117328252107,medium,small,1505.6772928437508,1005.6772928437508,201.13545856875015,17.378573568854335,3.4757147137709126,True
T11,S996,28.0,8,24638.5,8217.311533445634,16421.188466554366,16421.188466554366,66.64849104675352,medium,large,7396.527970295545,17241.972029704455,69.97979596852267,-820.7835631500893,-3.3313049217691457,False
T11,S998,14.0,2,656.0,2445.0713798386428,-1789.0713798386428,1789.0713798386428,272.7242957071102,medium,large,2965.9496360893568,2309.9496360893568,352.1264689160605,-520.878256250714,-79.40217320895033,False
T11,S999,14.0,6,6464.5,12227.438841600528,-5762.938841600528,5762.938841600528,89.14747995360086,medium,large,13042.133751987705,6577.633751987705,101.75007737625037,-814.6949103871775,-12.60259742264951,False
