team_id,sprint_id,sprint_number,stage,split_mode,target_name,actual_target_value,predicted_target_value,actual_sprint_cost_reference,absolute_error,absolute_percentage_error,time_segment
T12,S4708,2883,initial,time,initial_planning_cost,9554.125922169324,9984.49381582584,13785.6,430.36789365651566,4.5045239843227645,segment_1
T12,S4709,2884,initial,time,initial_planning_cost,92601.78925354374,92474.8313301217,359336.0,126.95792342204368,0.1371009398905164,segment_1
T4,S471,2885,initial,time,initial_planning_cost,1763.8272573806598,1998.2153289850617,6825.4,234.38807160440183,13.288606955336185,segment_1
T12,S4710,2886,initial,time,initial_planning_cost,21606.974912695066,23135.080529889223,55116.7,1528.1056171941564,7.0722793142890445,segment_1
T12,S4711,2887,initial,time,initial_planning_cost,9921.576857928325,11729.89588690384,14634.2,1808.3190289755148,18.226125291066896,segment_1
T12,S4712,2888,initial,time,initial_planning_cost,30867.107018135808,32030.197901356012,32419.4,1163.090883220204,3.768059256531025,segment_1
T12,S4713,2889,initial,time,initial_planning_cost,28809.259763083857,31983.28969963987,67490.0,3174.029936556013,11.01739497181809,segment_1
T12,S4714,2890,initial,time,initial_planning_cost,20578.04268791704,26196.843937486567,76673.7,5618.801249569526,27.30483814609228,segment_1
T12,S4715,2891,initial,time,initial_planning_cost,30867.06403187556,36503.70291075154,76035.1,5636.63887887598,18.261013982590566,segment_1
T12,S4716,2892,initial,time,initial_planning_cost,73.49310963256899,75.21428032098068,500.0,1.7211706884116893,2.3419483772243876,segment_1
T12,S4717,2893,initial,time,initial_planning_cost,11023.974286587027,11152.843334049752,101548.0,128.86904746272558,1.1689890062563169,segment_1
T12,S4718,2894,initial,time,initial_planning_cost,11023.991448656912,10717.119394458974,125445.0,306.87205419793827,2.7836746393278946,segment_1
T12,S4719,2895,initial,time,initial_planning_cost,15433.564001221837,15689.595090846795,449998.0,256.03108962495753,1.6589239504542708,segment_1
T4,S472,2896,initial,time,initial_planning_cost,133390.64863100604,123643.33954156391,115897.0,9747.309089442133,7.307340649047879,segment_1
T12,S4720,2897,initial,time,initial_planning_cost,45271.69391341748,47647.76622401168,90109.4,2376.0723105941943,5.24847229073967,segment_1
T12,S4721,2898,initial,time,initial_planning_cost,16976.908859974694,18926.983128454824,118118.0,1950.0742684801298,11.486627421778104,segment_1
T12,S4722,2899,initial,time,initial_planning_cost,63497.7675364481,64398.84048184303,205935.0,901.0729453949316,1.4190624022769152,segment_1
T12,S4723,2900,initial,time,initial_planning_cost,21606.974912695066,24160.701069222065,19845.1,2553.7261565269982,11.818989779205832,segment_1
T12,S4724,2901,initial,time,initial_planning_cost,57618.519526167715,52964.21867172919,28852.7,4654.300854438523,8.077786261628523,segment_1
T12,S4725,2902,initial,time,initial_planning_cost,52914.80628037342,57290.80787119951,44248.3,4376.00159082609,8.269900049599517,segment_1
T12,S4726,2903,initial,time,initial_planning_cost,5144.529342706558,5587.557793839198,7327.2,443.02845113263993,8.611642030202919,segment_1
T12,S4727,2904,initial,time,initial_planning_cost,28809.259763083857,30861.35020050153,41925.0,2052.0904374176716,7.123023827384893,segment_1
T12,S4728,2905,initial,time,initial_planning_cost,24693.685614508646,26745.4032900844,60753.1,2051.7176755757537,8.308673349150755,segment_1
T12,S4729,2906,initial,time,initial_planning_cost,15433.553509067904,18551.579903056056,6069.9,3118.0263939881515,20.202906557820086,segment_1
T4,S473,2907,initial,time,initial_planning_cost,2204.784071725825,2193.7238097025797,5295.2,11.060262023245286,0.5016483094685873,segment_1
T12,S4730,2908,initial,time,initial_planning_cost,252229.24282133888,214412.06018193296,186744.0,37817.18263940592,14.993179306410914,segment_1
T12,S4731,2909,initial,time,initial_planning_cost,1186911.236365239,648588.9362097408,998184.0,538322.3001554981,45.35489122202937,segment_1
T12,S4732,2910,initial,time,initial_planning_cost,177854.19817467473,166382.74105512057,446345.0,11471.457119554165,6.449922035738387,segment_1
T12,S4733,2911,initial,time,initial_planning_cost,12126.37171524573,12421.599385216909,24278.6,295.22766997117833,2.4345919530077325,segment_1
T12,S4734,2912,initial,time,initial_planning_cost,49387.3024510009,49923.352802793226,38648.9,536.050351792328,1.0854011561456811,segment_1
T12,S4736,2913,initial,time,initial_planning_cost,126114.62141066944,156426.15400732384,279180.0,30311.532596654404,24.03490749732371,segment_1
T12,S4737,2914,initial,time,initial_planning_cost,26751.455494292153,32107.664055011748,25688.4,5356.208560719595,20.022120149172544,segment_1
T12,S4739,2915,initial,time,initial_planning_cost,79372.96221732322,87115.15402403426,46523.1,7742.191806711038,9.754192851607216,segment_1
T4,S474,2916,initial,time,initial_planning_cost,84663.69004859748,60745.82487810751,207210.0,23917.865170489968,28.250440249841418,segment_1
T12,S4740,2917,initial,time,initial_planning_cost,15433.564001221837,17224.72989116969,42118.6,1791.1658899478516,11.60565304168272,segment_1
T12,S4741,2918,initial,time,initial_planning_cost,66143.50785046678,67916.10510491612,153296.0,1772.5972544493416,2.679926287636153,segment_1
T12,S4742,2919,initial,time,initial_planning_cost,200636.35444030943,236040.14992982903,111749.0,35403.7954895196,17.645752978457576,segment_1
T12,S4744,2920,initial,time,initial_planning_cost,258697.0155267996,180524.06770791634,1336310.0,78172.94781888326,30.21795503117622,segment_1
T12,S4745,2921,initial,time,initial_planning_cost,1105925.6424019837,683659.0065306309,809056.0,422266.63587135286,38.18219052722413,segment_1
T12,S4746,2922,initial,time,initial_planning_cost,145517.07123382477,135203.96919522274,273184.0,10313.102038602025,7.087211109430844,segment_1
T12,S4747,2923,initial,time,initial_planning_cost,28809.259763083857,30958.989516506965,25925.8,2149.7297534231075,7.461940261921509,segment_1
T12,S4749,2924,initial,time,initial_planning_cost,41156.08537583408,42384.65304526489,354560.0,1228.5676694308058,2.9851421927319475,segment_1
T4,S475,2925,initial,time,initial_planning_cost,29323.75166722902,28655.420641157612,130407.0,668.3310260714061,2.2791457029637323,segment_1
T12,S4750,2926,initial,time,initial_planning_cost,12493.8569751445,11021.993411475596,65205.3,1471.8635636689032,11.780698039020734,segment_1
T12,S4752,2927,initial,time,initial_planning_cost,1102.3943205196178,1116.0659977965006,21635.1,13.671677276882747,1.240180307753994,segment_1
T12,S4753,2928,initial,time,initial_planning_cost,12126.37171524573,12208.718627274628,38443.8,82.34691202889735,0.6790729656206045,segment_1
T12,S4754,2929,initial,time,initial_planning_cost,28809.259763083857,31026.620293934964,27605.7,2217.360530851107,7.696693872337635,segment_1
T12,S4755,2930,initial,time,initial_planning_cost,16535.961429880543,15768.671165717624,36839.8,767.2902641629189,4.640130949848629,segment_1
T12,S4756,2931,initial,time,initial_planning_cost,58647.50333445804,44764.64196830832,153680.0,13882.861366149715,23.67170054448492,segment_1
T12,S4757,2932,initial,time,initial_planning_cost,220.47932889770695,204.67370520408866,600.4,15.805623693618287,7.168755353456026,segment_1
T12,S4758,2933,initial,time,initial_planning_cost,85987.37573543348,84632.33262422004,41578.5,1355.0431112134393,1.5758628515221176,segment_1
T12,S4759,2934,initial,time,initial_planning_cost,60852.02722242944,60115.9887118797,52636.1,736.0385105497407,1.2095546264372348,segment_1
T4,S476,2935,initial,time,initial_planning_cost,73.49310963256899,76.23090608047075,12406.6,2.737796447901758,3.7252423548131977,segment_1
T12,S4760,2936,initial,time,initial_planning_cost,76726.46910654147,71403.86335950723,125448.0,5322.605747034235,6.9371180624033775,segment_1
T12,S4761,2937,initial,time,initial_planning_cost,220.47932889770695,204.67370520408866,2101.9,15.805623693618287,7.168755353456026,segment_1
T12,S4762,2938,initial,time,initial_planning_cost,17638.358858539243,18545.36225566669,68803.6,907.0033971274461,5.14222102181768,segment_1
T12,S4764,2939,initial,time,initial_planning_cost,129641.27538691487,90651.46932321253,417589.0,38989.806063702345,30.07514847978556,segment_1
T12,S4766,2940,initial,time,initial_planning_cost,1322.8704430354949,1470.3173892270324,79198.6,147.44694619153756,11.145985381093084,segment_1
T12,S4767,2941,initial,time,initial_planning_cost,30867.107018135808,29846.678379336467,19779.2,1020.4286387993416,3.305877153306897,segment_1
T12,S4768,2942,initial,time,initial_planning_cost,27780.396316322225,28452.120908239613,56822.5,671.7245919173874,2.417980594188713,segment_1
T12,S4769,2943,initial,time,initial_planning_cost,2645.7408860709897,2696.0559795939744,2463.9,50.315093522984625,1.9017392741624128,segment_1
T4,S477,2944,initial,time,initial_planning_cost,49387.3024510009,42389.719279763296,73505.3,6997.583171237602,14.16879000058807,segment_1
T12,S4770,2945,initial,time,initial_planning_cost,1763.8309128313886,1803.6303131745512,22450.6,39.79940034316269,2.2564181211267424,segment_1
T12,S4771,2946,initial,time,initial_planning_cost,160068.5579443112,182237.91008373303,710644.0,22169.352139421826,13.849910578400209,segment_1
T12,S4772,2947,initial,time,initial_planning_cost,1763.8272573806598,2049.269956565516,7436.4,285.44269918485634,16.183143671832575,segment_1
T12,S4773,2948,initial,time,initial_planning_cost,45271.69391341748,43833.02971542212,38427.0,1438.6641979953638,3.1778448598517697,segment_1
T12,S4776,2949,initial,time,initial_planning_cost,146.98621926513798,131.08107340030912,2064.9,15.905145864828853,10.820841534905181,segment_1
T12,S4777,2950,initial,time,initial_planning_cost,59529.72166299241,70888.25123641064,50494.4,11358.52957341823,19.08043453944022,segment_1
T12,S4778,2951,initial,time,initial_planning_cost,32924.868300667265,36934.26695724747,50639.6,4009.3986565802043,12.177417446188992,segment_1
T12,S4779,2952,initial,time,initial_planning_cost,141474.93036621853,141459.00400387112,190594.0,15.926362347410759,0.011257374226079609,segment_1
T4,S478,2953,initial,time,initial_planning_cost,13228.769143904432,12611.04147507671,10854.7,617.7276688277216,4.669577812629369,segment_1
T12,S4780,2954,initial,time,initial_planning_cost,13890.198158161113,18599.775205686114,18155.9,4709.577047525001,33.905758534898325,segment_1
T12,S4781,2955,initial,time,initial_planning_cost,293.97243853027595,218.01637900492557,1139.0,75.95605952535038,25.837816601139547,segment_1
T12,S4782,2956,initial,time,initial_planning_cost,59529.72166299241,73620.24612463587,40530.1,14090.524461643465,23.669730124747186,segment_1
T12,S4783,2957,initial,time,initial_planning_cost,217833.7562494788,242464.61262805384,133643.0,24630.85637857503,11.30718066963231,segment_1
T12,S4784,2958,initial,time,initial_planning_cost,146.98621926513798,131.94303570136734,1496.6,15.04318356377064,10.234417647436263,segment_1
T12,S4785,2959,initial,time,initial_planning_cost,73.49310963256899,76.23090608047075,976.4,2.737796447901758,3.7252423548131977,segment_1
T12,S4786,2960,initial,time,initial_planning_cost,73.49310963256899,77.7983786818464,3365.8,4.305269049277413,5.858058082998169,segment_1
T12,S4787,2961,initial,time,initial_planning_cost,4409.596579462765,4961.454328764147,21291.3,551.8577493013827,12.514926010955344,segment_1
T12,S4789,2962,initial,time,initial_planning_cost,47329.498182209194,45732.16170939613,16381.0,1597.3364728130618,3.3749279712699103,segment_1
T4,S479,2963,initial,time,initial_planning_cost,14331.166572563136,13531.834388865234,12263.5,799.3321836979012,5.57757932440904,segment_1
T12,S4790,2964,initial,time,initial_planning_cost,16535.961429880543,16873.515826315965,134928.0,337.55439643542195,2.0413351704211156,segment_1
T12,S4791,2965,initial,time,initial_planning_cost,42331.84502429874,47181.550524338716,29506.0,4849.705500039978,11.456400015771145,segment_1
T12,S4792,2966,initial,time,initial_planning_cost,73.49310963256899,76.23090608047075,1646.2,2.737796447901758,3.7252423548131977,segment_1
T12,S4793,2967,initial,time,initial_planning_cost,5144.529342706558,5310.716038949549,38613.7,166.18669624299127,3.2303576318132103,segment_1
T12,S4794,2968,initial,time,initial_planning_cost,20063.619561788273,21881.072023670193,12582.2,1817.4524618819196,9.058447586114067,segment_1
T12,S4795,2969,initial,time,initial_planning_cost,73.49310963256899,76.23090608047075,729.1,2.737796447901758,3.7252423548131977,segment_1
T12,S4797,2970,initial,time,initial_planning_cost,11023.991448656912,11158.690592057534,21711.8,134.69914340062132,1.2218727130546907,segment_1
T12,S4798,2971,initial,time,initial_planning_cost,134932.75601495223,90651.46932321253,532736.0,44281.286691739704,32.81729951979398,segment_1
T12,S4799,2972,initial,time,initial_planning_cost,1102.3943205196178,1129.6994145431486,28911.7,27.305094023530728,2.476889939950014,segment_1
T1,S48,2973,initial,time,initial_planning_cost,395540.2416108958,274173.5726856933,78872.6,121366.66892520251,30.68377276378224,segment_1
T4,S480,2974,initial,time,initial_planning_cost,9921.576857928325,10148.870228023408,110838.0,227.29337009508345,2.290899655869253,segment_1
T12,S4800,2975,initial,time,initial_planning_cost,16535.961429880543,17448.343619949606,51659.8,912.3821900690637,5.517563607885452,segment_1
T12,S4801,2976,initial,time,initial_planning_cost,1102.3943205196178,1178.6925651015863,7118.5,76.29824458196845,6.921139120709999,segment_1
T12,S4802,2977,initial,time,initial_planning_cost,26237.040965415435,27838.730386785417,17687.4,1601.6894213699816,6.104687733198501,segment_1
T12,S4803,2978,initial,time,initial_planning_cost,73.49310963256899,77.7983786818464,596.5,4.305269049277413,5.858058082998169,segment_1
T12,S4804,2979,initial,time,initial_planning_cost,24693.685614508646,25946.25773107465,31545.0,1252.5721165660034,5.072438906527834,segment_1
T12,S4805,2980,initial,time,initial_planning_cost,46300.66052720371,40169.00000137697,75690.5,6131.660525826745,13.243138339730853,segment_1
T12,S4806,2981,initial,time,initial_planning_cost,3674.6638162189706,4071.7880622574517,13189.0,397.12424603848103,10.807090550315984,segment_1
T12,S4807,2982,initial,time,initial_planning_cost,73.49310963256899,76.47498306948881,571.1,2.9818734369198268,4.057351024916203,segment_1
T12,S4808,2983,initial,time,initial_planning_cost,26237.040965415435,27022.132131962684,17327.7,785.0911665472486,2.992300723172719,segment_1
T12,S4809,2984,initial,time,initial_planning_cost,367.465548162845,407.9933763575209,4759.0,40.52782819467592,11.029014392586193,segment_1
T4,S481,2985,initial,time,initial_planning_cost,27780.396316322225,28021.624632473682,187337.0,241.22831615145697,0.8683400819941671,segment_1
T12,S4810,2986,initial,time,initial_planning_cost,1102.3943205196178,1122.465737963988,5391.8,20.071417444370127,1.8207112528400353,segment_1
T12,S4811,2987,initial,time,initial_planning_cost,38583.88377266976,35943.196304491365,56496.7,2640.6874681783956,6.844016749938693,segment_1
T12,S4812,2988,initial,time,initial_planning_cost,3527.6545147613197,3698.0429101499794,3042.2,170.38839538865977,4.830076037085742,segment_1
T12,S4813,2989,initial,time,initial_planning_cost,45271.69391341748,44314.03234934027,12137.4,957.6615640772143,2.1153649914420045,segment_1
T12,S4814,2990,initial,time,initial_planning_cost,26751.455494292153,30658.02494574529,15603.2,3906.569451453135,14.603203374435697,segment_1
T12,S4815,2991,initial,time,initial_planning_cost,61734.12806375112,58660.17603912889,20988.6,3073.952024622231,4.97933982553029,segment_1
T12,S4816,2992,initial,time,initial_planning_cost,16535.961429880543,15091.354518800825,7777.1,1444.606911079718,8.736153124240529,segment_1
T12,S4817,2993,initial,time,initial_planning_cost,10142.006729938794,7788.415212763182,2109.1,2353.5915171756114,23.20636911261264,segment_1
T12,S4818,2994,initial,time,initial_planning_cost,92601.78925354374,88687.42972365713,16609.2,3914.359529886613,4.227088441206136,segment_1
T12,S4819,2995,initial,time,initial_planning_cost,232826.99337354358,206468.57147991878,35032.2,26358.421893624793,11.32103349001969,segment_1
T4,S482,2996,initial,time,initial_planning_cost,18520.264210881483,20565.591533744628,8963.5,2045.3273228631442,11.04372648021632,segment_1
T12,S4820,2997,initial,time,initial_planning_cost,146.98621926513798,338.49117474121044,4421.5,191.50495547607247,130.28769393042916,segment_1
T12,S4821,2998,initial,time,initial_planning_cost,99216.20277165402,99124.80208251733,17374.1,91.40068913668802,0.09212274465597782,segment_1
T12,S4822,2999,initial,time,initial_planning_cost,116412.57381682153,88856.7066380879,107725.0,27555.867178733635,23.670868425341723,segment_1
T12,S4823,3000,initial,time,initial_planning_cost,3674.6638162189706,4057.7120250672806,4897.9,383.04820884830997,10.424034088714155,segment_1
T12,S4824,3001,initial,time,initial_planning_cost,100538.1319327095,82184.65411168791,49418.1,18353.477821021588,18.2552405422707,segment_1
T12,S4825,3002,initial,time,initial_planning_cost,73.49310963256899,157.75755347712916,695.2,84.26444384456018,114.65625045101888,segment_1
T12,S4827,3003,initial,time,initial_planning_cost,73.49310963256899,77.7983786818464,637.8,4.305269049277413,5.858058082998169,segment_1
T12,S4828,3004,initial,time,initial_planning_cost,338215.5689136645,269472.1093371114,105058.0,68743.45957655308,20.325338599093605,segment_1
T12,S4829,3005,initial,time,initial_planning_cost,49387.3024510009,50199.23642007657,33361.0,811.9339690756751,1.644013600218856,segment_1
T4,S483,3006,initial,time,initial_planning_cost,18520.238419125337,25265.15758740934,35840.1,6744.919168284003,36.4191810906641,segment_1
T12,S4830,3007,initial,time,initial_planning_cost,95246.65130467215,81744.73864703797,23412.1,13501.91265763418,14.175734760946781,segment_1
T12,S4831,3008,initial,time,initial_planning_cost,67907.54087012623,65368.03790755765,18251.8,2539.5029625685856,3.739647953716079,segment_1
T12,S4832,3009,initial,time,initial_planning_cost,89294.58249448861,90166.4694738582,20378.7,871.8869793695922,0.9764164353681885,segment_1
T12,S4833,3010,initial,time,initial_planning_cost,1322.8704430354949,1484.001235226849,10148.2,161.1307921913542,12.180390985349938,segment_1
T12,S4834,3011,initial,time,initial_planning_cost,2204.784071725825,2326.760306535663,3463.7,121.97623480983793,5.532343796114209,segment_1
T12,S4835,3012,initial,time,initial_planning_cost,73.49310963256899,76.47498306948881,500.0,2.9818734369198268,4.057351024916203,segment_1
T12,S4836,3013,initial,time,initial_planning_cost,125673.85684409509,113025.0541845312,31034.7,12648.802659563895,10.064784337171563,segment_1
T12,S4837,3014,initial,time,initial_planning_cost,53502.910988584306,52233.381846957054,33409.2,1269.529141627252,2.372822558941001,segment_1
T12,S4838,3015,initial,time,initial_planning_cost,39686.104710280066,45074.2626734356,12270.7,5388.157963155536,13.576938332674956,segment_1
T12,S4839,3016,initial,time,initial_planning_cost,881.9154564156943,887.9085654811092,2654.9,5.993109065414956,0.6795559621749141,segment_1
T4,S484,3017,initial,time,initial_planning_cost,20063.619561788273,21530.81241168676,21699.0,1467.1928498984853,7.312702702421628,segment_1
T12,S4840,3018,initial,time,initial_planning_cost,117222.08516058107,125724.20078274462,35095.8,8502.115622163547,7.2529981108223796,segment_1
T12,S4841,3019,initial,time,initial_planning_cost,2939.731052975176,4176.188623348752,6015.4,1236.457570373576,42.06022755456524,segment_1
T12,S4842,3020,initial,time,initial_planning_cost,47623.325652336076,51077.495446803856,18977.3,3454.16979446778,7.253104958868704,segment_1
T12,S4843,3021,initial,time,initial_planning_cost,440.95772820784714,468.3258519044658,1019.6,27.36812369661868,6.206518662877048,segment_1
T12,S4844,3022,initial,time,initial_planning_cost,122366.65008503995,112227.18324282998,32940.2,10139.466842209964,8.286135834529619,segment_1
T12,S4845,3023,initial,time,initial_planning_cost,73.49310963256899,77.7983786818464,1685.3,4.305269049277413,5.858058082998169,segment_1
T12,S4846,3024,initial,time,initial_planning_cost,13890.198158161113,18454.542760700406,15753.5,4564.344602539293,32.860183494628814,segment_1
T12,S4847,3025,initial,time,initial_planning_cost,260827.78969052856,309260.58115420263,34378.4,48432.791463674075,18.568877005452315,segment_1
T12,S4849,3026,initial,time,initial_planning_cost,26751.455494292153,30327.146805008175,22194.4,3575.6913107160217,13.366343044321278,segment_1
T4,S485,3027,initial,time,initial_planning_cost,154776.61628252442,188088.28430423353,310508.0,33311.668021709105,21.52241651342411,segment_1
T12,S4850,3028,initial,time,initial_planning_cost,217833.7562494788,239713.61449752405,21997.2,21879.85824804523,10.044291860342733,segment_1
T12,S4851,3029,initial,time,initial_planning_cost,184321.3697540553,191165.6952512927,27586.9,6844.325497237383,3.7132566377788647,segment_1
T12,S4852,3030,initial,time,initial_planning_cost,220.47932889770695,216.22176561341487,5317.0,4.257563284292075,1.9310487316783354,segment_1
T12,S4853,3031,initial,time,initial_planning_cost,73.49310963256899,90.27888978971626,2365.8,16.785780157147272,22.839937296255776,segment_1
T12,S4854,3032,initial,time,initial_planning_cost,189171.93211600414,194204.0792011921,29492.8,5032.147085187957,2.6600918164234533,segment_1
T12,S4855,3033,initial,time,initial_planning_cost,7716.782000610919,9364.774244329601,3600.3,1647.9922437186824,21.355951789077558,segment_1
T12,S4856,3034,initial,time,initial_planning_cost,73.49310963256899,76.47498306948881,500.0,2.9818734369198268,4.057351024916203,segment_1
T12,S4857,3035,initial,time,initial_planning_cost,66144.13518110268,75636.69458858897,13549.1,9492.55940748629,14.351324394061024,segment_1
T12,S4858,3036,initial,time,initial_planning_cost,440.95772820784714,443.2496481924029,1099.3,2.2919199845557614,0.5197595683084288,segment_1
T4,S486,3037,initial,time,initial_planning_cost,26751.455494292153,28225.66331314661,3954.9,1474.2078188544583,5.510757420914925,segment_1
T12,S4860,3038,initial,time,initial_planning_cost,423320.9288205937,503426.68139588647,38065.1,80105.75257529278,18.92317320536782,segment_1
T12,S4861,3039,initial,time,initial_planning_cost,734.93109632569,575.0866926705911,1509.1,159.84440365509886,21.749576858870952,segment_1
T12,S4862,3040,initial,time,initial_planning_cost,5291.4817721419795,6339.565236964187,12820.5,1048.0834648222071,19.806993767606713,segment_1
T12,S4863,3041,initial,time,initial_planning_cost,734.93109632569,555.663862615627,6185.8,179.267233710063,24.392386525255894,segment_1
T12,S4864,3042,initial,time,initial_planning_cost,29323.75166722902,29210.792636574748,10821.7,112.95903065427046,0.3852134335884064,segment_1
T12,S4865,3043,initial,time,initial_planning_cost,1322.8731846235414,1372.5333117827652,1374.7,49.66012715922375,3.753959770025564,segment_1
T12,S4866,3044,initial,time,initial_planning_cost,26237.040965415435,27022.132131962684,4930.2,785.0911665472486,2.992300723172719,segment_1
T12,S4867,3045,initial,time,initial_planning_cost,3086.6977004161545,4159.7128118704895,7111.3,1073.015111454335,34.76255907112864,segment_1
T12,S4868,3046,initial,time,initial_planning_cost,55560.71525737601,57807.87350694692,16638.5,2247.158249570908,4.044509216919385,segment_1
T12,S4869,3047,initial,time,initial_planning_cost,2645.746369247083,2585.5951136433573,1697.9,60.15125560372553,2.273508009040306,segment_1
T4,S487,3048,initial,time,initial_planning_cost,55560.71525737601,46538.68387851665,10354.9,9022.031378859363,16.238148369880165,segment_1
T12,S4870,3049,initial,time,initial_planning_cost,3086.70409745493,3225.911639191752,8540.2,139.2075417368219,4.5099088653040065,segment_1
T12,S4871,3050,initial,time,initial_planning_cost,955.4104252233968,628.3053117157947,2199.6,327.10511350760214,34.23713043858795,segment_1
T12,S4872,3051,initial,time,initial_planning_cost,18520.264210881483,22161.163625762325,55766.9,3640.8994148808415,19.659003637440822,segment_1
T12,S4873,3052,initial,time,initial_planning_cost,1543.352048727465,2035.578640045114,7755.7,492.2265913176491,31.89334486085032,segment_1
T12,S4874,3053,initial,time,initial_planning_cost,2866.225233351007,3066.5862211246463,11733.1,200.3609877736394,6.9904132251110696,segment_1
T12,S4875,3054,initial,time,initial_planning_cost,8084.260395681735,8463.048073115842,6056.8,378.78767743410754,4.685495752170968,segment_1
T12,S4876,3055,initial,time,initial_planning_cost,7055.309029522639,7069.792388367972,8222.7,14.483358845332987,0.205283124874162,segment_1
T12,S4877,3056,initial,time,initial_planning_cost,73.49310963256899,77.7983786818464,9332.6,4.305269049277413,5.858058082998169,segment_1
T12,S4878,3057,initial,time,initial_planning_cost,25722.646713532795,14222.876214990927,22346.5,11499.770498541868,44.70679330401793,segment_1
T12,S4879,3058,initial,time,initial_planning_cost,4850.524957796814,4893.489113394147,3883.1,42.96415559733305,0.8857630044408235,segment_1
T4,S488,3059,initial,time,initial_planning_cost,55560.71525737601,46705.18188509352,42680.1,8855.533372282487,15.938479789651131,segment_1
T12,S4880,3060,initial,time,initial_planning_cost,52474.08193083087,44480.535767233516,8054.9,7993.546163597355,15.23332256509816,segment_1
T12,S4881,3061,initial,time,initial_planning_cost,8819.179429269621,10686.788411364598,9473.3,1867.6089820949765,21.17667518926584,segment_1
T12,S4882,3062,initial,time,initial_planning_cost,73.49310963256899,218.4089333762567,13249.1,144.91582374368772,197.1828712490174,segment_1
T12,S4883,3063,initial,time,initial_planning_cost,24987.713950289,14222.876214990927,41076.0,10764.837735298071,43.08052251884199,segment_2
T12,S4884,3064,initial,time,initial_planning_cost,23150.346001832757,22399.76850558777,7818.1,750.5774962449868,3.2421869469491535,segment_2
T12,S4885,3065,initial,time,initial_planning_cost,881.9154564156943,1148.3828661662126,3814.6,266.4674097505183,30.21462066596527,segment_2
T12,S4886,3066,initial,time,initial_planning_cost,24693.685614508646,29126.643512883784,25206.6,4432.957898375138,17.951787220335294,segment_2
T12,S4887,3067,initial,time,initial_planning_cost,44977.5853383174,49920.03645417075,137055.0,4942.45111585335,10.988698211957516,segment_2
T12,S4888,3068,initial,time,initial_planning_cost,73.49310963256899,90.27888978971626,533.8,16.785780157147272,22.839937296255776,segment_2
T12,S4889,3069,initial,time,initial_planning_cost,1763.8309128313886,2112.1734369456467,4560.1,348.34252411425814,19.749201671212436,segment_2
T4,S489,3070,initial,time,initial_planning_cost,82312.17075166816,55728.75904040527,52505.0,26583.411711262896,32.29584576436911,segment_2
T12,S4890,3071,initial,time,initial_planning_cost,52914.80628037342,60566.92134730959,29472.2,7652.115066936167,14.461198301267157,segment_2
T12,S4894,3072,initial,time,initial_planning_cost,6173.395400832309,6687.495945618343,20908.3,514.1005447860343,8.327678876955174,segment_2
T12,S4895,3073,initial,time,initial_planning_cost,1322.8704430354949,1489.6434405783787,20316.9,166.7729975428838,12.606903300386838,segment_2
T12,S4896,3074,initial,time,initial_planning_cost,4850.524957796814,6118.11307629623,18922.4,1267.588118499416,26.133008891375226,segment_2
T12,S4897,3075,initial,time,initial_planning_cost,8084.260395681735,8463.048073115842,11570.1,378.78767743410754,4.685495752170968,segment_2
T12,S4898,3076,initial,time,initial_planning_cost,2204.784071725825,2339.1058541006387,3225.2,134.32178237481367,6.092287407976031,segment_2
T12,S4899,3077,initial,time,initial_planning_cost,220.47932889770695,266.6199824919592,2973.7,46.14065359425226,20.92742835572561,segment_2
T1,S49,3078,initial,time,initial_planning_cost,169769.91643946222,157159.73016839378,35841.3,12610.186271068436,7.42780967060502,segment_2
T4,S490,3079,initial,time,initial_planning_cost,24693.685614508646,25580.428367039214,25752.2,886.7427525305684,3.5909696364222246,segment_2
T12,S4900,3080,initial,time,initial_planning_cost,12126.37171524573,11883.60881049775,9010.0,242.76290474798043,2.0019418045941126,segment_2
T12,S4901,3081,initial,time,initial_planning_cost,7055.309029522639,7069.792388367972,6530.3,14.483358845332987,0.205283124874162,segment_2
T12,S4902,3082,initial,time,initial_planning_cost,15433.553509067904,18438.898175768823,7609.9,3005.3446667009193,19.472797790444986,segment_2
T12,S4903,3083,initial,time,initial_planning_cost,73.49310963256899,74.44475910452793,500.0,0.9516494719589446,1.2948825770425891,segment_2
T12,S4904,3084,initial,time,initial_planning_cost,3968.611329106485,4840.303609995824,10122.8,871.6922808893396,21.96466745171534,segment_2
T12,S4905,3085,initial,time,initial_planning_cost,1322.8704430354949,1529.12034987604,1545.3,206.24990684054524,15.5910889026501,segment_2
T12,S4906,3086,initial,time,initial_planning_cost,7349.327632437941,7481.7280010246495,47089.1,132.40036858670828,1.8015303604418034,segment_2
T12,S4907,3087,initial,time,initial_planning_cost,2645.7408860709897,3150.4808511203014,5120.4,504.73996504931165,19.077452660107873,segment_2
T12,S4908,3088,initial,time,initial_planning_cost,34982.67256945897,39635.255968373305,163743.0,4652.583398914336,13.299679690499676,segment_2
T12,S4909,3089,initial,time,initial_planning_cost,26751.455494292153,32611.843229878206,18034.5,5860.387735586053,21.906799563995534,segment_2
T5,S491,3090,initial,time,initial_planning_cost,28662.33314512627,21889.981644055497,29463.7,6772.351501070774,23.628053818160094,segment_2
T12,S4910,3091,initial,time,initial_planning_cost,8819.19315892553,10211.45070280203,6224.6,1392.2575438765016,15.786677066568808,segment_2
T12,S4911,3092,initial,time,initial_planning_cost,1543.352048727465,1673.4049219816961,15486.1,130.05287325423114,8.42664986005385,segment_2
T12,S4913,3093,initial,time,initial_planning_cost,9554.125922169324,10669.959917552327,8758.5,1115.8339953830036,11.679079849615867,segment_2
T12,S4915,3094,initial,time,initial_planning_cost,8819.179429269621,10106.716992177075,5612.1,1287.5375629074533,14.599289800526073,segment_2
T12,S4916,3095,initial,time,initial_planning_cost,881.9154564156943,913.7251257204101,11954.8,31.80966930471584,3.60688420565817,segment_2
T12,S4917,3096,initial,time,initial_planning_cost,45271.69391341748,47647.76622401168,32911.4,2376.0723105941943,5.24847229073967,segment_2
T12,S4918,3097,initial,time,initial_planning_cost,661.4365923117707,661.7718895140806,11687.3,0.3352972023099028,0.050692266833622525,segment_2
T12,S4919,3098,initial,time,initial_planning_cost,8084.260395681735,8959.421782381865,53820.9,875.1613867001306,10.825497248549839,segment_2
T5,S492,3099,initial,time,initial_planning_cost,146.98621926513798,147.4947683918761,500.0,0.5085491267381315,0.3459842217050266,segment_2
T12,S4920,3100,initial,time,initial_planning_cost,112445.02980787455,107325.9867479382,42616.9,5119.043059936361,4.552484950809158,segment_2
T12,S4921,3101,initial,time,initial_planning_cost,1322.8704430354949,1470.3173892270324,10443.1,147.44694619153756,11.145985381093084,segment_2
T12,S4922,3102,initial,time,initial_planning_cost,18520.264210881483,21262.47591910029,11526.6,2742.211708218805,14.806547449834076,segment_2
T12,S4923,3103,initial,time,initial_planning_cost,5879.462105950352,6321.817018508228,7252.8,442.35491255787565,7.523730990802495,segment_2
T12,S4924,3104,initial,time,initial_planning_cost,5879.462105950352,6956.050758067907,19089.9,1076.5886521175544,18.311005883139973,segment_2
T12,S4925,3105,initial,time,initial_planning_cost,42331.84502429874,50510.859650406055,27058.1,8179.014626107317,19.321186263940334,segment_2
T12,S4928,3106,initial,time,initial_planning_cost,20063.619561788273,24524.677222745235,28320.5,4461.057660956962,22.234560654515057,segment_2
T12,S4929,3107,initial,time,initial_planning_cost,56222.51490393728,73322.40247498156,56070.3,17099.88757104428,30.41466145771215,segment_2
T5,S493,3108,initial,time,initial_planning_cost,1984.3097769353121,2020.7739629707069,1100.0,36.46418603539473,1.8376256801854913,segment_2
T12,S4930,3109,initial,time,initial_planning_cost,73.49310963256899,76.23090608047075,615.7,2.737796447901758,3.7252423548131977,segment_2
T12,S4931,3110,initial,time,initial_planning_cost,1469.86219265138,712.9502650564747,26435.4,756.9119275949053,51.495434835939655,segment_2
T12,S4932,3111,initial,time,initial_planning_cost,72758.54869921293,78853.92792694423,44296.3,6095.379227731304,8.377543720573472,segment_2
T12,S4933,3112,initial,time,initial_planning_cost,85987.37573543348,89990.38094879413,5772.8,4003.0052133606514,4.655340599854011,segment_2
T12,S4934,3113,initial,time,initial_planning_cost,164919.12030626004,178029.89937436132,55504.3,13110.779068101285,7.94982355214735,segment_2
T12,S4935,3114,initial,time,initial_planning_cost,587.9448770605519,488.87020907968645,1149.9,99.07466798086546,16.851013053501244,segment_2
T12,S4936,3115,initial,time,initial_planning_cost,734.93109632569,548.2749338191051,1129.5,186.6561625065849,25.397777212010485,segment_2
T12,S4937,3116,initial,time,initial_planning_cost,89294.58249448861,90555.56912010463,12657.6,1260.9866256160167,1.4121647589245927,segment_2
T12,S4938,3117,initial,time,initial_planning_cost,2866.225233351007,3066.5862211246463,4224.4,200.3609877736394,6.9904132251110696,segment_2
T12,S4939,3118,initial,time,initial_planning_cost,26751.455494292153,29039.713159749936,16549.7,2288.2576654577824,8.553768844263516,segment_2
T5,S494,3119,initial,time,initial_planning_cost,12493.8569751445,11000.824972839122,46801.7,1493.0320023053773,11.950128813509245,segment_2
T12,S4940,3120,initial,time,initial_planning_cost,39686.104710280066,46958.37754417495,15292.6,7272.272833894887,18.32448129385477,segment_2
T12,S4941,3121,initial,time,initial_planning_cost,8084.260395681735,7761.176896689964,4071.8,323.0834989917703,3.9964509204125545,segment_2
T12,S4942,3122,initial,time,initial_planning_cost,1102.3943205196178,1105.1556860346816,10678.5,2.761365515063744,0.2504880026742304,segment_2
T12,S4943,3123,initial,time,initial_planning_cost,293.97243853027595,215.29180910684477,701.6,78.68062942343118,26.764627941584372,segment_2
T12,S4944,3124,initial,time,initial_planning_cost,73.49310963256899,75.21428032098068,500.0,1.7211706884116893,2.3419483772243876,segment_2
T12,S4945,3125,initial,time,initial_planning_cost,22635.84695670874,27129.30729309711,6046.1,4493.460336388369,19.851081097085306,segment_2
T12,S4946,3126,initial,time,initial_planning_cost,4409.56814345165,4262.377062582873,2532.2,147.19108086877714,3.3379931113517456,segment_2
T12,S4947,3127,initial,time,initial_planning_cost,293.97243853027595,215.29180910684477,3783.8,78.68062942343118,26.764627941584372,segment_2
T12,S4948,3128,initial,time,initial_planning_cost,62836.928422047546,71441.64133515766,109307.0,8604.712913110117,13.69371980647448,segment_2
T12,S4949,3129,initial,time,initial_planning_cost,3086.70409745493,2878.9983873834276,3020.8,207.70571007150238,6.729045075709113,segment_2
T5,S495,3130,initial,time,initial_planning_cost,17638.38631785106,13450.13562200417,32224.9,4188.2506958468875,23.745089944016804,segment_2
T12,S4950,3131,initial,time,initial_planning_cost,307643.03399395675,304530.6456089744,90519.1,3112.3883849823615,1.0116882363874686,segment_2
T12,S4952,3132,initial,time,initial_planning_cost,68789.24816448544,62354.906458765516,29795.7,6434.341705719926,9.35370261691834,segment_2
T12,S4953,3133,initial,time,initial_planning_cost,12787.747616009785,7646.6338002227385,72349.5,5141.113815787046,40.20343511746011,segment_2
T12,S4954,3134,initial,time,initial_planning_cost,60852.02722242944,58455.941427687576,610029.0,2396.0857947418626,3.9375611694637014,segment_2
T12,S4956,3135,initial,time,initial_planning_cost,2204.784071725825,2876.734777095511,3289.5,671.9507053696861,30.47693939677764,segment_2
T12,S4957,3136,initial,time,initial_planning_cost,73.49310963256899,77.7983786818464,2669.8,4.305269049277413,5.858058082998169,segment_2
T12,S4958,3137,initial,time,initial_planning_cost,4409.596579462765,4756.476076364357,19139.7,346.8794969015926,7.866467842367884,segment_2
T12,S4959,3138,initial,time,initial_planning_cost,4409.596579462765,4567.867849305965,5166.5,158.27126984320057,3.58924602264825,segment_2
T5,S496,3139,initial,time,initial_planning_cost,7496.2658438678045,6029.6747088547445,35559.2,1466.59113501306,19.5642892816132,segment_2
T12,S4965,3140,initial,time,initial_planning_cost,2204.7886410392357,2182.348774704901,6835.1,22.43986633433451,1.017778571453334,segment_2
T12,S4966,3141,initial,time,initial_planning_cost,1661675.7309113345,648588.9362097408,239840.0,1013086.7947015937,60.9677794443067,segment_2
T12,S4968,3142,initial,time,initial_planning_cost,1102.3943205196178,1105.1556860346816,1002.4,2.761365515063744,0.2504880026742304,segment_2
T12,S4969,3143,initial,time,initial_planning_cost,3527.6545147613197,3684.468873151396,3490.8,156.81435839007645,4.445286740350946,segment_2
T5,S497,3144,initial,time,initial_planning_cost,26237.040965415435,26215.059251280803,15841.0,21.981714134632057,0.08378122427604329,segment_2
T12,S4970,3145,initial,time,initial_planning_cost,6614.394869194147,6381.976658816717,12109.6,232.4182103774301,3.513824242031477,segment_2
T44,S4971,3146,initial,time,initial_planning_cost,1322.8731846235414,1357.2522902575358,1000.0,34.37910563399441,2.598820962855778,segment_2
T44,S4972,3147,initial,time,initial_planning_cost,3086.6977004161545,3116.5521760366587,1600.0,29.854475620504218,0.9671979091596555,segment_2
T44,S4973,3148,initial,time,initial_planning_cost,661.4365923117707,660.3106105330359,1000.0,1.1259817787348538,0.17023276181311087,segment_2
T44,S4974,3149,initial,time,initial_planning_cost,73.49310963256899,76.92501909029217,500.0,3.4319094577231795,4.669702336560685,segment_2
T44,S4975,3150,initial,time,initial_planning_cost,1322.8704430354949,1447.2536060207594,11420.6,124.38316298526456,9.402520378326054,segment_2
T44,S4976,3151,initial,time,initial_planning_cost,440.95772820784714,442.0445381116614,16007.6,1.0868099038142418,0.24646577989035034,segment_2
T44,S4977,3152,initial,time,initial_planning_cost,12126.37171524573,12307.64320147812,4963.7,181.2714862323901,1.4948534523685164,segment_2
T44,S4978,3153,initial,time,initial_planning_cost,3086.6977004161545,3138.086718364198,1517.1,51.3890179480436,1.6648542531753348,segment_2
T44,S4979,3154,initial,time,initial_planning_cost,73.49310963256899,76.92501909029217,500.0,3.4319094577231795,4.669702336560685,segment_2
T5,S498,3155,initial,time,initial_planning_cost,13963.722501632088,12036.514762033583,13611.1,1927.2077395985052,13.801532788790755,segment_2
T44,S4980,3156,initial,time,initial_planning_cost,73.49310963256899,90.27888978971626,14555.5,16.785780157147272,22.839937296255776,segment_2
T5,S499,3157,initial,time,initial_planning_cost,23150.330263601856,23117.45313100014,12741.8,32.87713260171586,0.14201582537855617,segment_2
T44,S4990,3158,initial,time,initial_planning_cost,10803.487456347533,17380.337309892813,3000.0,6576.84985354528,60.877099919073686,segment_2
T44,S4991,3159,initial,time,initial_planning_cost,12346.842807254323,17659.105973925496,3000.0,5312.263166671173,43.02527576968892,segment_2
T44,S4992,3160,initial,time,initial_planning_cost,6614.384571952216,8922.1763321868,2500.0,2307.791760234584,34.89049865683039,segment_2
T44,S4994,3161,initial,time,initial_planning_cost,1322.8704430354949,1447.2536060207594,1500.0,124.38316298526456,9.402520378326054,segment_2
T44,S4995,3162,initial,time,initial_planning_cost,1322.8704430354949,1451.3915683218481,1500.0,128.52112528635325,9.715322158944389,segment_2
T44,S4996,3163,initial,time,initial_planning_cost,2204.784071725825,4023.029365192239,1500.0,1818.2452934664138,82.46817984507469,segment_2
T44,S4997,3164,initial,time,initial_planning_cost,13228.769143904432,12946.999495499444,2500.1,281.7696484049884,2.129976306486704,segment_2
T44,S4998,3165,initial,time,initial_planning_cost,5511.987143293513,8861.65201419049,2600.0,3349.664870896976,60.7705494192334,segment_2
T44,S4999,3166,initial,time,initial_planning_cost,440.95772820784714,445.73344791226026,1000.0,4.77571970441312,1.083033451714915,segment_2
T1,S5,3167,initial,time,initial_planning_cost,31748.88376822405,40918.662242769635,20650.0,9169.778474545587,28.88220745487494,segment_2
T1,S50,3168,initial,time,initial_planning_cost,52914.80628037342,58558.627981703234,57144.9,5643.821701329813,10.665864808094662,segment_2
T5,S500,3169,initial,time,initial_planning_cost,12126.37171524573,12051.806683008772,11799.2,74.56503223695836,0.6148997737155987,segment_2
T44,S5000,3170,initial,time,initial_planning_cost,2645.7408860709897,2648.3394255672497,1500.0,2.5985394962599457,0.09821594812781761,segment_2
T44,S5001,3171,initial,time,initial_planning_cost,4409.596579462765,4577.685893958272,2000.0,168.0893144955071,3.8118977885270846,segment_2
T44,S5003,3172,initial,time,initial_planning_cost,73.49310963256899,90.27888978971626,500.0,16.785780157147272,22.839937296255776,segment_2
T44,S5004,3173,initial,time,initial_planning_cost,2204.784071725825,2289.704984998548,1500.0,84.92091327272283,3.851665764541278,segment_2
T44,S5005,3174,initial,time,initial_planning_cost,2204.784071725825,2323.5767718180896,1500.0,118.79270009226457,5.38795166454908,segment_2
T44,S5006,3175,initial,time,initial_planning_cost,881.9154564156943,881.7151335520333,1000.0,0.20032286366097196,0.022714520105490587,segment_2
T44,S5007,3176,initial,time,initial_planning_cost,73.49310963256899,90.27888978971626,500.0,16.785780157147272,22.839937296255776,segment_2
T44,S5008,3177,initial,time,initial_planning_cost,7716.782000610919,9070.292822435624,2500.0,1353.510821824705,17.539834891248073,segment_2
T44,S5009,3178,initial,time,initial_planning_cost,2645.7408860709897,2676.129325474216,1500.0,30.38843940322613,1.148579574183243,segment_2
T5,S501,3179,initial,time,initial_planning_cost,17638.358858539243,16319.118481733698,6906.7,1319.2403768055447,7.479382789441671,segment_2
T44,S5010,3180,initial,time,initial_planning_cost,1543.352048727465,1584.9865261306254,1000.0,41.63447740316042,2.697665606333251,segment_2
T44,S5011,3181,initial,time,initial_planning_cost,8819.179429269621,9545.91950661854,2500.0,726.7400773489189,8.240450068823527,segment_2
T44,S5012,3182,initial,time,initial_planning_cost,1763.8272573806598,1881.923052368832,1500.0,118.0957949881722,6.695428619441353,segment_2
T44,S5013,3183,initial,time,initial_planning_cost,13890.198158161113,18273.66145697943,3000.0,4383.463298818317,31.557960864963153,segment_2
T44,S5014,3184,initial,time,initial_planning_cost,6614.384571952216,9030.434996491174,2500.0,2416.0504245389584,36.527214259419274,segment_2
T44,S5015,3185,initial,time,initial_planning_cost,6614.394869194147,6468.114584867736,2000.0,146.28028432641077,2.2115444756359484,segment_2
T44,S5016,3186,initial,time,initial_planning_cost,4409.596579462765,4627.563612054126,2000.0,217.9670325913612,4.943015277327633,segment_2
T44,S5017,3187,initial,time,initial_planning_cost,8084.260395681735,8008.487325303011,2000.0,75.77307037872379,0.937291312625191,segment_2
T44,S5018,3188,initial,time,initial_planning_cost,30867.06403187556,32496.95190481647,3500.0,1629.887872940908,5.280346298105217,segment_2
T44,S5019,3189,initial,time,initial_planning_cost,15433.553509067904,18254.75384051887,4900.7,2821.2003314509675,18.279654972481783,segment_2
T5,S502,3190,initial,time,initial_planning_cost,20063.619561788273,21509.24780237139,5088.1,1445.6282405831153,7.205221551032372,segment_2
T44,S5020,3191,initial,time,initial_planning_cost,2204.784071725825,2289.704984998548,1500.0,84.92091327272283,3.851665764541278,segment_2
T44,S5021,3192,initial,time,initial_planning_cost,4409.596579462765,4719.052121078073,2000.0,309.455541615308,7.017774438971693,segment_2
T44,S5023,3193,initial,time,initial_planning_cost,73.49310963256899,75.21428032098068,500.0,1.7211706884116893,2.3419483772243876,segment_2
T44,S5024,3194,initial,time,initial_planning_cost,1322.8704430354949,1447.2536060207594,1500.0,124.38316298526456,9.402520378326054,segment_2
T44,S5026,3195,initial,time,initial_planning_cost,73.49310963256899,76.60778304457621,550.0,3.114673412007221,4.238048202857553,segment_2
T44,S5027,3196,initial,time,initial_planning_cost,73.49310963256899,77.7983786818464,500.0,4.305269049277413,5.858058082998169,segment_2
T5,S503,3197,initial,time,initial_planning_cost,18520.264210881483,19687.859801272392,10307.1,1167.595590390909,6.304421886729317,segment_2
T5,S504,3198,initial,time,initial_planning_cost,5879.462105950352,5692.044003353691,2793.7,187.4181025966618,3.1876743011403024,segment_2
T5,S505,3199,initial,time,initial_planning_cost,18520.264210881483,20321.24035061316,12445.1,1800.976139731676,9.724354465059532,segment_2
T5,S506,3200,initial,time,initial_planning_cost,29323.75166722902,27823.973801264707,45780.5,1499.7778659643118,5.114549744466701,segment_2
T5,S507,3201,initial,time,initial_planning_cost,15433.564001221837,14620.598235964202,4492.0,812.9657652576352,5.267518022365247,segment_2
T5,S508,3202,initial,time,initial_planning_cost,6173.395400832309,5390.722187940133,3883.3,782.6732128921758,12.678164317591811,segment_2
T5,S509,3203,initial,time,initial_planning_cost,5879.462105950352,5871.2689939717775,4977.5,8.193111978574962,0.13935138675837475,segment_2
T1,S51,3204,initial,time,initial_planning_cost,267515.6817338754,295166.3794251933,39771.8,27650.69769131788,10.336103480776424,segment_2
T5,S510,3205,initial,time,initial_planning_cost,7349.327632437941,7047.476432250859,7193.8,301.8512001870822,4.107194770509247,segment_2
T5,S511,3206,initial,time,initial_planning_cost,30867.128002443675,23476.564479247823,11339.6,7390.563523195851,23.943152477971903,segment_2
T5,S512,3207,initial,time,initial_planning_cost,2204.784071725825,2362.1675838511815,3722.2,157.38351212535645,7.138273273271715,segment_2
T5,S513,3208,initial,time,initial_planning_cost,3674.6638162189706,4071.7880622574517,3080.8,397.12424603848103,10.807090550315984,segment_2
T5,S514,3209,initial,time,initial_planning_cost,22635.84695670874,27331.54255996152,6828.2,4695.695603252778,20.744510299231735,segment_2
T5,S515,3210,initial,time,initial_planning_cost,27780.396316322225,27356.295721849874,9083.3,424.1005944723511,1.526618229788079,segment_2
T5,S516,3211,initial,time,initial_planning_cost,73.49310963256899,75.21428032098068,507.0,1.7211706884116893,2.3419483772243876,segment_2
T5,S517,3212,initial,time,initial_planning_cost,10289.058685413116,9981.944380547364,7309.8,307.1143048657523,2.9848629914138867,segment_2
T5,S518,3213,initial,time,initial_planning_cost,5291.4817721419795,4903.197262988341,29047.4,388.2845091536383,7.3379164074198755,segment_2
T5,S519,3214,initial,time,initial_planning_cost,1322.8704430354949,1574.2142117654282,2785.5,251.34376872993334,18.999877883218332,segment_2
T1,S52,3215,initial,time,initial_planning_cost,79372.20942056013,72691.46971602831,16294.4,6680.739704531821,8.416975857549053,segment_2
T5,S520,3216,initial,time,initial_planning_cost,11023.991448656912,10233.367661098802,10516.8,790.62378755811,7.171846887221908,segment_2
T5,S521,3217,initial,time,initial_planning_cost,881.9154564156943,882.2645103157041,16385.1,0.34905390000983516,0.03957906593773398,segment_2
T5,S522,3218,initial,time,initial_planning_cost,1984.3097769353121,1965.4657299468404,1711.6,18.844046988471746,0.949652479038612,segment_2
T5,S523,3219,initial,time,initial_planning_cost,1322.8731846235414,1347.3718980744015,13108.9,24.498713450860123,1.8519321228687449,segment_2
T5,S524,3220,initial,time,initial_planning_cost,7349.327632437941,7045.48021917284,5200.7,303.84741326510084,4.134356616842072,segment_2
T5,S525,3221,initial,time,initial_planning_cost,220.47932889770695,179.7318278283499,3390.8,40.74750106935704,18.481324881146637,segment_2
T5,S526,3222,initial,time,initial_planning_cost,11023.974286587027,11368.45612397739,17645.1,344.4818373903636,3.1248425335089713,segment_2
T5,S527,3223,initial,time,initial_planning_cost,9921.576857928325,10884.01472120574,3097.2,962.4378632774151,9.700452630252334,segment_2
T5,S528,3224,initial,time,initial_planning_cost,8819.19315892553,8318.991332897649,15906.6,500.2018260278801,5.671741360167933,segment_2
T6,S529,3225,initial,time,initial_planning_cost,220.47932889770695,173.85485649135782,757.4,46.62447240634913,21.14686788981515,segment_2
T1,S53,3226,initial,time,initial_planning_cost,102523.40953070915,99456.31397758893,18527.4,3067.09555312022,2.991605104784896,segment_2
T6,S530,3227,initial,time,initial_planning_cost,146.98621926513798,131.08107340030912,500.0,15.905145864828853,10.820841534905181,segment_2
T6,S531,3228,initial,time,initial_planning_cost,293.97243853027595,215.29180910684477,783.8,78.68062942343118,26.764627941584372,segment_2
T6,S533,3229,initial,time,initial_planning_cost,73.49310963256899,76.23090608047075,2500.5,2.737796447901758,3.7252423548131977,segment_2
T6,S534,3230,initial,time,initial_planning_cost,73.49310963256899,76.23090608047075,3342.6,2.737796447901758,3.7252423548131977,segment_2
T6,S535,3231,initial,time,initial_planning_cost,3674.6638162189706,4779.614544850434,12750.9,1104.9507286314633,30.06943720278601,segment_2
T6,S537,3232,initial,time,initial_planning_cost,1763.8309128313886,1800.8450354126267,1000.0,37.0141225812381,2.0985074199556464,segment_2
T6,S539,3233,initial,time,initial_planning_cost,9921.576857928325,10352.486157914034,30323.9,430.90929998570937,4.343153373260119,segment_2
T1,S54,3234,initial,time,initial_planning_cost,59529.72166299241,70888.25123641064,11696.8,11358.52957341823,19.08043453944022,segment_2
T6,S540,3235,initial,time,initial_planning_cost,97231.3871071278,44742.68881464189,198812.0,52488.698292485904,53.98328652316232,segment_2
T6,S541,3236,initial,time,initial_planning_cost,34174.32028841978,24345.949151489283,54753.3,9828.371136930498,28.75952192752437,segment_2
T6,S543,3237,initial,time,initial_planning_cost,73.49310963256899,76.23090608047075,8559.6,2.737796447901758,3.7252423548131977,segment_2
T6,S544,3238,initial,time,initial_planning_cost,440.95772820784714,447.4728870302032,1726.2,6.515158822356057,1.4775019022424551,segment_2
T6,S545,3239,initial,time,initial_planning_cost,661.4365923117707,664.9132661567421,3901.8,3.476673844971401,0.5256246608341042,segment_2
T6,S546,3240,initial,time,initial_planning_cost,881.9154564156943,882.7152393108735,18366.8,0.7997828951791917,0.09068702553753756,segment_2
T6,S547,3241,initial,time,initial_planning_cost,11023.991448656912,9668.857235622674,18455.4,1355.1342130342382,12.292591293685541,segment_2
T6,S548,3242,initial,time,initial_planning_cost,881.9154564156943,893.9584520303351,1000.0,12.042995614640859,1.3655498978990959,segment_2
T6,S549,3243,initial,time,initial_planning_cost,220.47932889770695,256.5434516709359,18122.1,36.064122773228945,16.357144660015347,segment_3
T1,S55,3244,initial,time,initial_planning_cost,742356.0168115044,349976.9652347067,32435.7,392379.0515767977,52.85591315904007,segment_3
T6,S550,3245,initial,time,initial_planning_cost,661.4365923117707,664.9132661567421,2453.6,3.476673844971401,0.5256246608341042,segment_3
T6,S551,3246,initial,time,initial_planning_cost,4850.524957796814,5031.3495662188825,2255.5,180.8246084220682,3.727938934349935,segment_3
T6,S553,3247,initial,time,initial_planning_cost,146.98621926513798,147.4947683918761,10965.8,0.5085491267381315,0.3459842217050266,segment_3
T6,S554,3248,initial,time,initial_planning_cost,6173.395400832309,5445.2766428041905,20054.1,728.1187580281185,11.79446173057297,segment_3
T6,S555,3249,initial,time,initial_planning_cost,881.9154564156943,898.5126221674915,2362.5,16.597165751797206,1.8819452172039115,segment_3
T6,S556,3250,initial,time,initial_planning_cost,5144.529342706558,6002.672261634772,25147.1,858.1429189282144,16.680688587087385,segment_3
T6,S557,3251,initial,time,initial_planning_cost,1322.8704430354949,1687.8232695860677,11481.0,364.9528265505728,27.587949256250827,segment_3
T6,S558,3252,initial,time,initial_planning_cost,2204.7886410392357,2204.5868052539454,134716.0,0.20183578529031365,0.009154427845527068,segment_3
T6,S559,3253,initial,time,initial_planning_cost,1763.8272573806598,1859.441400679569,4785.3,95.61414329890908,5.420833752217843,segment_3
T1,S56,3254,initial,time,initial_planning_cost,72758.54869921293,74838.31302756998,9749.4,2079.7643283570505,2.8584466918861846,segment_3
T6,S560,3255,initial,time,initial_planning_cost,73.49310963256899,157.75755347712916,2510.1,84.26444384456018,114.65625045101888,segment_3
T6,S561,3256,initial,time,initial_planning_cost,7349.327632437941,7040.6868663797,12007.6,308.64076605824084,4.199578267486459,segment_3
T6,S562,3257,initial,time,initial_planning_cost,86427.89965078027,43316.153000958504,43644.5,43111.74664982176,49.88174747277056,segment_3
T6,S563,3258,initial,time,initial_planning_cost,73.49310963256899,76.23090608047075,500.0,2.737796447901758,3.7252423548131977,segment_3
T6,S564,3259,initial,time,initial_planning_cost,6173.395400832309,5618.709593233356,33578.6,554.685807598953,8.985100930424272,segment_3
T6,S565,3260,initial,time,initial_planning_cost,13228.789738388294,11343.340025604935,12830.3,1885.4497127833583,14.252624390211743,segment_3
T6,S567,3261,initial,time,initial_planning_cost,119058.3141308402,82191.87429625138,112248.0,36866.43983458882,30.965027603258445,segment_3
T6,S568,3262,initial,time,initial_planning_cost,1543.352048727465,1580.5205678225761,25500.2,37.16851909511115,2.4082981666922714,segment_3
T6,S569,3263,initial,time,initial_planning_cost,2204.784071725825,2487.621744773777,10592.7,282.8376730479522,12.828361592187898,segment_3
T1,S57,3264,initial,time,initial_planning_cost,166241.55082197068,204992.46964270383,21916.7,38750.918820733146,23.310008014922694,segment_3
T7,S571,3265,initial,time,initial_planning_cost,73.49310963256899,76.23090608047075,1416.2,2.737796447901758,3.7252423548131977,segment_3
T1,S58,3266,initial,time,initial_planning_cost,67907.54087012623,56934.5264048978,12144.8,10973.014465228436,16.158756928357075,segment_3
T7,S582,3267,initial,time,initial_planning_cost,73.49310963256899,75.21428032098068,500.0,1.7211706884116893,2.3419483772243876,segment_3
T7,S587,3268,initial,time,initial_planning_cost,73.49310963256899,76.47498306948881,38788.0,2.9818734369198268,4.057351024916203,segment_3
T7,S588,3269,initial,time,initial_planning_cost,440.95772820784714,451.9049233318607,2310.8,10.947195124013547,2.4825951386554546,segment_3
T1,S59,3270,initial,time,initial_planning_cost,79372.96221732322,83120.04263596055,13760.8,3747.080418637328,4.720852433827302,segment_3
T7,S590,3271,initial,time,initial_planning_cost,73.49310963256899,76.23090608047075,500.0,2.737796447901758,3.7252423548131977,segment_3
T7,S591,3272,initial,time,initial_planning_cost,73.49310963256899,75.21428032098068,638.2,1.7211706884116893,2.3419483772243876,segment_3
T7,S593,3273,initial,time,initial_planning_cost,146.98621926513798,146.7749737079328,19856.7,0.21124555720518856,0.14371793373645303,segment_3
T7,S595,3274,initial,time,initial_planning_cost,1543.352048727465,1598.570809228993,64287.5,55.218760501528095,3.577846062216164,segment_3
T7,S597,3275,initial,time,initial_planning_cost,73.49310963256899,76.23090608047075,500.0,2.737796447901758,3.7252423548131977,segment_3
T7,S598,3276,initial,time,initial_planning_cost,881.9154564156943,893.9584520303351,5756.7,12.042995614640859,1.3655498978990959,segment_3
T7,S599,3277,initial,time,initial_planning_cost,146.98621926513798,145.6380676359532,8620.7,1.3481516291847697,0.9171959357311824,segment_3
T1,S6,3278,initial,time,initial_planning_cost,42331.84502429874,46590.994085669445,17412.6,4259.1490613707065,10.061335760172819,segment_3
T1,S60,3279,initial,time,initial_planning_cost,26751.455494292153,29142.924707618484,5837.9,2391.4692133263306,8.93958541372296,segment_3
T7,S603,3280,initial,time,initial_planning_cost,146.98621926513798,131.94303570136734,2185.1,15.04318356377064,10.234417647436263,segment_3
T7,S604,3281,initial,time,initial_planning_cost,661.4365923117707,660.3106105330359,4894.6,1.1259817787348538,0.17023276181311087,segment_3
T7,S605,3282,initial,time,initial_planning_cost,73.49310963256899,77.7983786818464,18475.1,4.305269049277413,5.858058082998169,segment_3
T7,S606,3283,initial,time,initial_planning_cost,73.49310963256899,76.47498306948881,500.0,2.9818734369198268,4.057351024916203,segment_3
T7,S608,3284,initial,time,initial_planning_cost,440.95772820784714,444.60185935585486,1000.0,3.644131148007716,0.8264128089597833,segment_3
T7,S609,3285,initial,time,initial_planning_cost,73.49310963256899,76.23090608047075,500.0,2.737796447901758,3.7252423548131977,segment_3
T1,S61,3286,initial,time,initial_planning_cost,198064.90251270597,164516.53794049937,9925.7,33548.3645722066,16.938066334117146,segment_3
T7,S610,3287,initial,time,initial_planning_cost,220.47932889770695,237.26048178442417,27474.6,16.781152886717223,7.611213699994054,segment_3
T7,S612,3288,initial,time,initial_planning_cost,440.95772820784714,443.2496481924029,4716.5,2.2919199845557614,0.5197595683084288,segment_3
T7,S613,3289,initial,time,initial_planning_cost,146.98621926513798,147.56907280941033,625.0,0.5828535442723535,0.3965361835866977,segment_3
T7,S615,3290,initial,time,initial_planning_cost,73.49310963256899,74.44475910452793,1796.5,0.9516494719589446,1.2948825770425891,segment_3
T7,S617,3291,initial,time,initial_planning_cost,440.95772820784714,442.0445381116614,1259.0,1.0868099038142418,0.24646577989035034,segment_3
T1,S62,3292,initial,time,initial_planning_cost,109137.82304881941,98904.07901677706,15023.8,10233.744032042348,9.376899544225472,segment_3
T7,S621,3293,initial,time,initial_planning_cost,73.49310963256899,76.23090608047075,500.0,2.737796447901758,3.7252423548131977,segment_3
T7,S622,3294,initial,time,initial_planning_cost,73.49310963256899,76.23090608047075,500.0,2.737796447901758,3.7252423548131977,segment_3
T7,S624,3295,initial,time,initial_planning_cost,73.49310963256899,75.21428032098068,508.6,1.7211706884116893,2.3419483772243876,segment_3
T7,S626,3296,initial,time,initial_planning_cost,73.49310963256899,90.27888978971626,3845.9,16.785780157147272,22.839937296255776,segment_3
T7,S627,3297,initial,time,initial_planning_cost,1763.8272573806598,1867.590498889493,1642.0,103.76324150883306,5.882846014236383,segment_3
T7,S628,3298,initial,time,initial_planning_cost,440.9586577954139,398.00874941454856,2351.5,42.94990838086534,9.740121351873372,segment_3
T7,S629,3299,initial,time,initial_planning_cost,73.49310963256899,76.23090608047075,507.2,2.737796447901758,3.7252423548131977,segment_3
T1,S63,3300,initial,time,initial_planning_cost,99216.20277165402,90874.56850943729,8309.0,8341.634262216729,8.407532267098542,segment_3
T7,S630,3301,initial,time,initial_planning_cost,73.49310963256899,76.23090608047075,4872.6,2.737796447901758,3.7252423548131977,segment_3
T7,S632,3302,initial,time,initial_planning_cost,661.4365923117707,661.7718895140806,1705.5,0.3352972023099028,0.050692266833622525,segment_3
T7,S634,3303,initial,time,initial_planning_cost,73.49310963256899,74.44475910452793,500.0,0.9516494719589446,1.2948825770425891,segment_3
T7,S635,3304,initial,time,initial_planning_cost,146.98621926513798,145.6380676359532,1490.3,1.3481516291847697,0.9171959357311824,segment_3
T7,S636,3305,initial,time,initial_planning_cost,146.98621926513798,147.4947683918761,500.0,0.5085491267381315,0.3459842217050266,segment_3
T7,S638,3306,initial,time,initial_planning_cost,73.49310963256899,76.23090608047075,781.8,2.737796447901758,3.7252423548131977,segment_3
T7,S639,3307,initial,time,initial_planning_cost,220.47932889770695,271.81015764324445,876.7,51.3308287455375,23.281469969165602,segment_3
T1,S64,3308,initial,time,initial_planning_cost,30867.06403187556,33163.11297930288,10688.8,2296.04894742732,7.438507740989729,segment_3
T7,S640,3309,initial,time,initial_planning_cost,146.98621926513798,184.59976845086968,716.6,37.6135491857317,25.589847384184566,segment_3
T7,S641,3310,initial,time,initial_planning_cost,1102.3943205196178,1136.1240469118297,1779.7,33.72972639221189,3.059678897503141,segment_3
T7,S642,3311,initial,time,initial_planning_cost,1322.8731846235414,1355.5041785894546,14120.0,32.63099396591315,2.466675894953541,segment_3
T7,S645,3312,initial,time,initial_planning_cost,881.9154564156943,895.7393262807906,25969.5,13.823869865096299,1.5674824343457663,segment_3
T7,S646,3313,initial,time,initial_planning_cost,661.4365923117707,661.7718895140806,1575.4,0.3352972023099028,0.050692266833622525,segment_3
T7,S648,3314,initial,time,initial_planning_cost,1763.8272573806598,2006.829695404095,2630.5,243.00243802343516,13.776997549312261,segment_3
T1,S65,3315,initial,time,initial_planning_cost,7349.327632437941,7163.44643630024,2345.8,185.8811961377014,2.5292272359347834,segment_3
T7,S652,3316,initial,time,initial_planning_cost,146.98621926513798,142.69089378365285,690.9,4.295325481485122,2.9222640754757356,segment_3
T7,S655,3317,initial,time,initial_planning_cost,146.98621926513798,203.83996318252755,748.7,56.85374391738958,38.67964235125686,segment_3
T7,S656,3318,initial,time,initial_planning_cost,73.49310963256899,90.27888978971626,3075.1,16.785780157147272,22.839937296255776,segment_3
T7,S657,3319,initial,time,initial_planning_cost,367.465548162845,389.9452113469128,3531.5,22.479663184067817,6.117488645250028,segment_3
T7,S658,3320,initial,time,initial_planning_cost,73.49310963256899,157.75755347712916,500.0,84.26444384456018,114.65625045101888,segment_3
T7,S659,3321,initial,time,initial_planning_cost,220.47932889770695,248.90323325522562,2615.1,28.423904357518666,12.891868140031463,segment_3
T1,S66,3322,initial,time,initial_planning_cost,26237.040965415435,26438.213801534243,8953.9,201.17283611880703,0.7667512368638849,segment_3
T7,S661,3323,initial,time,initial_planning_cost,293.97243853027595,320.7677656203498,1416.9,26.79532709007384,9.114911324353358,segment_3
T7,S663,3324,initial,time,initial_planning_cost,2866.225233351007,2803.3586015300275,17462.4,62.866631820979364,2.193359792157008,segment_3
T7,S664,3325,initial,time,initial_planning_cost,3086.6977004161545,3116.5521760366587,2576.7,29.854475620504218,0.9671979091596555,segment_3
T7,S666,3326,initial,time,initial_planning_cost,808.4242059582589,585.8212068531334,7239.0,222.6029991051255,27.53541982841358,segment_3
T7,S667,3327,initial,time,initial_planning_cost,514.4517674279829,432.28110938121637,1646.6,82.1706580467665,15.97247074445505,segment_3
T7,S668,3328,initial,time,initial_planning_cost,3527.661825662777,3540.626608946621,10418.6,12.964783283844099,0.36751774757798034,segment_3
T7,S669,3329,initial,time,initial_planning_cost,1102.3943205196178,1129.6994145431486,3942.2,27.305094023530728,2.476889939950014,segment_3
T2,S67,3330,initial,time,initial_planning_cost,220.47932889770695,173.85485649135782,500.0,46.62447240634913,21.14686788981515,segment_3
T7,S670,3331,initial,time,initial_planning_cost,1543.352048727465,1585.6582853281318,8176.2,42.30623660066681,2.7411915923881027,segment_3
T7,S671,3332,initial,time,initial_planning_cost,2425.2675051431593,2342.2187670180824,2630.4,83.04873812507685,3.4243124912595833,segment_3
T7,S672,3333,initial,time,initial_planning_cost,1763.8309128313886,1914.8134615759811,3605.3,150.98254874459258,8.559921908967336,segment_3
T7,S673,3334,initial,time,initial_planning_cost,2645.746369247083,2631.528589490332,7047.7,14.217779756751042,0.5373825670522261,segment_3
T7,S674,3335,initial,time,initial_planning_cost,11023.991448656912,9652.89478216902,9272.8,1371.0966664878924,12.437388697856234,segment_3
T7,S675,3336,initial,time,initial_planning_cost,6614.352215177475,6455.837048165373,3682.3,158.5151670121022,2.3965335055543147,segment_3
T7,S676,3337,initial,time,initial_planning_cost,3527.6545147613197,3849.9180105417613,5954.3,322.26349578044164,9.135347422258722,segment_3
T7,S677,3338,initial,time,initial_planning_cost,2204.7886410392357,2204.5868052539454,27730.2,0.20183578529031365,0.009154427845527068,segment_3
T7,S678,3339,initial,time,initial_planning_cost,73.49310963256899,76.23090608047075,502.6,2.737796447901758,3.7252423548131977,segment_3
T7,S679,3340,initial,time,initial_planning_cost,73.49310963256899,76.23090608047075,555.0,2.737796447901758,3.7252423548131977,segment_3
T2,S68,3341,initial,time,initial_planning_cost,734.93109632569,303.743812026277,656.5,431.18728429941297,58.67043678722356,segment_3
T7,S680,3342,initial,time,initial_planning_cost,146.98621926513798,131.08107340030912,500.0,15.905145864828853,10.820841534905181,segment_3
T7,S681,3343,initial,time,initial_planning_cost,146.98621926513798,131.08107340030912,535.2,15.905145864828853,10.820841534905181,segment_3
T7,S682,3344,initial,time,initial_planning_cost,440.9586577954139,261.14521364025825,5915.3,179.81344415515565,40.77784639814952,segment_3
T7,S685,3345,initial,time,initial_planning_cost,146.98621926513798,131.08107340030912,631.3,15.905145864828853,10.820841534905181,segment_3
T8,S689,3346,initial,time,initial_planning_cost,146.98621926513798,131.08107340030912,500.0,15.905145864828853,10.820841534905181,segment_3
T2,S69,3347,initial,time,initial_planning_cost,1322.8731846235414,1337.9855527758402,1030.5,15.112368152298814,1.1423897867125818,segment_3
T8,S690,3348,initial,time,initial_planning_cost,73.49310963256899,77.7983786818464,589.8,4.305269049277413,5.858058082998169,segment_3
T8,S693,3349,initial,time,initial_planning_cost,73.49310963256899,76.23090608047075,5323.9,2.737796447901758,3.7252423548131977,segment_3
T8,S695,3350,initial,time,initial_planning_cost,73.49310963256899,76.23090608047075,500.0,2.737796447901758,3.7252423548131977,segment_3
T8,S698,3351,initial,time,initial_planning_cost,73.49310963256899,76.23090608047075,509.3,2.737796447901758,3.7252423548131977,segment_3
T1,S7,3352,initial,time,initial_planning_cost,117222.08516058107,113642.4595944966,32260.1,3579.6255660844763,3.053712584263274,segment_3
T2,S70,3353,initial,time,initial_planning_cost,146.98621926513798,131.08107340030912,502.5,15.905145864828853,10.820841534905181,segment_3
T9,S702,3354,initial,time,initial_planning_cost,73.49310963256899,75.21428032098068,502.4,1.7211706884116893,2.3419483772243876,segment_3
T9,S704,3355,initial,time,initial_planning_cost,73.49310963256899,77.7983786818464,656.0,4.305269049277413,5.858058082998169,segment_3
T9,S705,3356,initial,time,initial_planning_cost,73.49310963256899,74.44475910452793,952.0,0.9516494719589446,1.2948825770425891,segment_3
T2,S71,3357,initial,time,initial_planning_cost,220.47932889770695,173.85485649135782,500.5,46.62447240634913,21.14686788981515,segment_3
T9,S710,3358,initial,time,initial_planning_cost,1763.8272573806598,1872.0015793702437,2708.4,108.17432198958386,6.132931756039772,segment_3
T9,S711,3359,initial,time,initial_planning_cost,73.49310963256899,75.21428032098068,500.0,1.7211706884116893,2.3419483772243876,segment_3
T9,S713,3360,initial,time,initial_planning_cost,73.49310963256899,157.75755347712916,19458.7,84.26444384456018,114.65625045101888,segment_3
T9,S716,3361,initial,time,initial_planning_cost,73.49310963256899,76.47498306948881,500.4,2.9818734369198268,4.057351024916203,segment_3
T9,S718,3362,initial,time,initial_planning_cost,146.98621926513798,131.94303570136734,2429.5,15.04318356377064,10.234417647436263,segment_3
T2,S72,3363,initial,time,initial_planning_cost,587.9448770605519,277.6702878990385,6937.6,310.2745891615134,52.77273453129493,segment_3
T9,S720,3364,initial,time,initial_planning_cost,73.49310963256899,76.23090608047075,522.7,2.737796447901758,3.7252423548131977,segment_3
T9,S721,3365,initial,time,initial_planning_cost,73.49310963256899,75.21428032098068,5736.5,1.7211706884116893,2.3419483772243876,segment_3
T9,S724,3366,initial,time,initial_planning_cost,73.49310963256899,74.44475910452793,507.7,0.9516494719589446,1.2948825770425891,segment_3
T9,S725,3367,initial,time,initial_planning_cost,1102.3943205196178,1139.9136716784685,4442.0,37.51935115885067,3.403441986272732,segment_3
T9,S727,3368,initial,time,initial_planning_cost,73.49310963256899,75.21428032098068,3241.0,1.7211706884116893,2.3419483772243876,segment_3
T9,S732,3369,initial,time,initial_planning_cost,73.49310963256899,75.21428032098068,500.0,1.7211706884116893,2.3419483772243876,segment_3
T9,S733,3370,initial,time,initial_planning_cost,661.4365923117707,656.8387347150697,1016.5,4.597857596701033,0.6951320277928946,segment_3
T9,S734,3371,initial,time,initial_planning_cost,73.49310963256899,75.21428032098068,500.0,1.7211706884116893,2.3419483772243876,segment_3
T9,S736,3372,initial,time,initial_planning_cost,661.4365923117707,656.8387347150697,1265.0,4.597857596701033,0.6951320277928946,segment_3
T9,S737,3373,initial,time,initial_planning_cost,11023.920358629124,7526.362324315246,160370.0,3497.558034313878,31.726989315340226,segment_3
T9,S738,3374,initial,time,initial_planning_cost,220.47932889770695,173.85485649135782,500.0,46.62447240634913,21.14686788981515,segment_3
T9,S739,3375,initial,time,initial_planning_cost,0.0,0.0,0.0,0.0,0.0,segment_3
T2,S74,3376,initial,time,initial_planning_cost,3086.70409745493,2878.9983873834276,1975.1,207.70571007150238,6.729045075709113,segment_3
T9,S740,3377,initial,time,initial_planning_cost,881.9154564156943,881.567513690916,1157.9,0.3479427247782496,0.03945307027414717,segment_3
T9,S741,3378,initial,time,initial_planning_cost,5144.529342706558,5298.612312376856,339096.0,154.08296967029764,2.9950838921492857,segment_3
T9,S744,3379,initial,time,initial_planning_cost,661.4365923117707,664.9132661567421,2106.6,3.476673844971401,0.5256246608341042,segment_3
T9,S745,3380,initial,time,initial_planning_cost,440.95772820784714,444.60185935585486,2687.6,3.644131148007716,0.8264128089597833,segment_3
T9,S746,3381,initial,time,initial_planning_cost,2645.7408860709897,2701.281902208594,13289.0,55.5410161376044,2.0992613611563673,segment_3
T9,S747,3382,initial,time,initial_planning_cost,146.98621926513798,155.85612978902444,500.0,8.86991052388646,6.034518452295626,segment_3
T9,S748,3383,initial,time,initial_planning_cost,1763.8272573806598,2049.269956565516,11001.7,285.44269918485634,16.183143671832575,segment_3
T9,S749,3384,initial,time,initial_planning_cost,146.98621926513798,130.19967412755838,1698.4,16.786545137579594,11.420489091769577,segment_3
T2,S75,3385,initial,time,initial_planning_cost,220.47932889770695,173.85485649135782,1813.8,46.62447240634913,21.14686788981515,segment_3
T9,S751,3386,initial,time,initial_planning_cost,3086.6977004161545,3078.3376358663604,14712.7,8.36006454979406,0.27084170078161335,segment_3
T9,S752,3387,initial,time,initial_planning_cost,146.98621926513798,147.4947683918761,3482.4,0.5085491267381315,0.3459842217050266,segment_3
T9,S753,3388,initial,time,initial_planning_cost,73.49310963256899,90.27888978971626,14652.1,16.785780157147272,22.839937296255776,segment_3
T9,S754,3389,initial,time,initial_planning_cost,661.4365923117707,656.8387347150697,1039.0,4.597857596701033,0.6951320277928946,segment_3
T9,S756,3390,initial,time,initial_planning_cost,661.4365923117707,666.4552682951703,1169.1,5.018675983399589,0.7587539065322858,segment_3
T9,S758,3391,initial,time,initial_planning_cost,661.4365923117707,656.8387347150697,4705.1,4.597857596701033,0.6951320277928946,segment_3
T9,S759,3392,initial,time,initial_planning_cost,146.98621926513798,155.85612978902444,557.3,8.86991052388646,6.034518452295626,segment_3
T2,S76,3393,initial,time,initial_planning_cost,12787.747616009785,7916.909730859566,12900.3,4870.837885150219,38.08988127863981,segment_3
T9,S760,3394,initial,time,initial_planning_cost,73.49310963256899,76.23090608047075,500.0,2.737796447901758,3.7252423548131977,segment_3
T9,S761,3395,initial,time,initial_planning_cost,881.9154564156943,869.1080832216517,1467.9,12.807373194042611,1.452222330482187,segment_3
T9,S762,3396,initial,time,initial_planning_cost,881.9154564156943,882.2645103157041,3334.7,0.34905390000983516,0.03957906593773398,segment_3
T9,S763,3397,initial,time,initial_planning_cost,9921.576857928325,10313.388643512511,14708.0,391.8117855841865,3.949087843542632,segment_3
T9,S764,3398,initial,time,initial_planning_cost,881.9154564156943,891.9794520132766,3177.8,10.063995597582334,1.1411519692017542,segment_3
T9,S765,3399,initial,time,initial_planning_cost,661.4365923117707,661.7718895140806,2501.8,0.3352972023099028,0.050692266833622525,segment_3
T9,S766,3400,initial,time,initial_planning_cost,2204.784071725825,2238.8883714079484,5905.5,34.10429968212338,1.5468317337501343,segment_3
T9,S767,3401,initial,time,initial_planning_cost,146.98621926513798,155.85612978902444,954.3,8.86991052388646,6.034518452295626,segment_3
T9,S769,3402,initial,time,initial_planning_cost,146.98621926513798,142.69089378365285,14871.2,4.295325481485122,2.9222640754757356,segment_3
T2,S77,3403,initial,time,initial_planning_cost,146.98621926513798,131.08107340030912,500.0,15.905145864828853,10.820841534905181,segment_3
T9,S770,3404,initial,time,initial_planning_cost,73.49310963256899,74.44475910452793,515.0,0.9516494719589446,1.2948825770425891,segment_3
T9,S771,3405,initial,time,initial_planning_cost,73.49310963256899,76.23090608047075,503.8,2.737796447901758,3.7252423548131977,segment_3
T9,S772,3406,initial,time,initial_planning_cost,1322.8704430354949,1605.1878852200862,1590.4,282.3174421845913,21.341276741868835,segment_3
T9,S773,3407,initial,time,initial_planning_cost,440.95772820784714,443.7613486528951,1470.0,2.8036204450479545,0.6358025419902511,segment_3
T9,S774,3408,initial,time,initial_planning_cost,3968.611329106485,3945.6207097102997,10086.2,22.99061939618514,0.579311438929984,segment_3
T9,S775,3409,initial,time,initial_planning_cost,3086.6977004161545,3128.095326184492,65903.1,41.39762576833755,1.3411622966109134,segment_3
T9,S776,3410,initial,time,initial_planning_cost,8084.260395681735,7976.853430657493,10503.3,107.4069650242418,1.328593585154852,segment_3
T9,S777,3411,initial,time,initial_planning_cost,1102.3943205196178,1131.8447387876968,44328.8,29.45041826807892,2.671495826846908,segment_3
T9,S778,3412,initial,time,initial_planning_cost,2939.731052975176,4117.151155785742,3590.9,1177.4201028105658,40.05196671372197,segment_3
T9,S779,3413,initial,time,initial_planning_cost,1322.8704430354949,1484.001235226849,3952.1,161.1307921913542,12.180390985349938,segment_3
T2,S78,3414,initial,time,initial_planning_cost,955.4104252233968,332.20389960693404,11534.9,623.2065256164628,65.22919461243507,segment_3
T9,S780,3415,initial,time,initial_planning_cost,146.98621926513798,184.59976845086968,3698.9,37.6135491857317,25.589847384184566,segment_3
T9,S781,3416,initial,time,initial_planning_cost,661.4365923117707,666.6637388593066,1036.0,5.227146547535881,0.7902717521669931,segment_3
T9,S782,3417,initial,time,initial_planning_cost,146.98621926513798,184.59976845086968,500.6,37.6135491857317,25.589847384184566,segment_3
T9,S783,3418,initial,time,initial_planning_cost,73.49310963256899,77.7983786818464,9992.3,4.305269049277413,5.858058082998169,segment_3
T9,S784,3419,initial,time,initial_planning_cost,73.49310963256899,74.44475910452793,7837.2,0.9516494719589446,1.2948825770425891,segment_3
T9,S785,3420,initial,time,initial_planning_cost,3968.611329106485,4131.327473747299,36653.6,162.7161446408145,4.100077612726296,segment_3
T9,S786,3421,initial,time,initial_planning_cost,8084.260395681735,7833.442474216671,20380.7,250.8179214650636,3.1025462959980823,segment_3
T9,S787,3422,initial,time,initial_planning_cost,1322.8704430354949,1456.1860573177808,27006.8,133.31561428228588,10.077752888361177,segment_3
T9,S788,3423,initial,time,initial_planning_cost,73.49310963256899,76.23090608047075,500.0,2.737796447901758,3.7252423548131977,segment_4
T9,S789,3424,initial,time,initial_planning_cost,4409.596579462765,4670.909875290615,3858.0,261.3132958278502,5.926013664036515,segment_4
T2,S79,3425,initial,time,initial_planning_cost,4189.098417974547,3394.4002528257283,20742.1,794.698165148819,18.97062531973312,segment_4
T9,S790,3426,initial,time,initial_planning_cost,1322.8704430354949,1470.3173892270324,6870.4,147.44694619153756,11.145985381093084,segment_4
T9,S791,3427,initial,time,initial_planning_cost,1763.8272573806598,1968.0351583594804,1543.0,204.2079009788206,11.577545370405257,segment_4
T9,S792,3428,initial,time,initial_planning_cost,1763.8272573806598,1968.0351583594804,4965.6,204.2079009788206,11.577545370405257,segment_4
T9,S793,3429,initial,time,initial_planning_cost,8084.260395681735,8197.678362440794,3897.9,113.41796675905971,1.402947965649928,segment_4
T9,S794,3430,initial,time,initial_planning_cost,9921.576857928325,10070.603391820949,2507.0,149.02653389262377,1.5020448465662672,segment_4
T9,S795,3431,initial,time,initial_planning_cost,32410.462369042598,30541.163930296,237376.0,1869.2984387465985,5.76757720226815,segment_4
T9,S797,3432,initial,time,initial_planning_cost,440.95772820784714,447.4728870302032,1036.8,6.515158822356057,1.4775019022424551,segment_4
T10,S798,3433,initial,time,initial_planning_cost,293.97243853027595,417.8376645543248,6985.1,123.86522602404887,42.134979266531516,segment_4
T1,S8,3434,initial,time,initial_planning_cost,56222.51490393728,70226.96969992189,28958.9,14004.45479598461,24.908979649723697,segment_4
T2,S80,3435,initial,time,initial_planning_cost,2866.225233351007,2702.223525620801,5105.0,164.0017077302059,5.721870906092946,segment_4
T10,S800,3436,initial,time,initial_planning_cost,146.98621926513798,145.6380676359532,500.2,1.3481516291847697,0.9171959357311824,segment_4
T10,S801,3437,initial,time,initial_planning_cost,293.97243853027595,417.8376645543248,2860.2,123.86522602404887,42.134979266531516,segment_4
T10,S802,3438,initial,time,initial_planning_cost,1763.8309128313886,2194.162752810062,3045.8,430.33183997867354,24.397567638038705,segment_4
T10,S803,3439,initial,time,initial_planning_cost,146.98621926513798,352.7204580787537,2420.3,205.73423881361575,139.9683860447532,segment_4
T10,S805,3440,initial,time,initial_planning_cost,146.98621926513798,257.25829786669874,540.6,110.27207860156076,75.02205251136422,segment_4
T10,S808,3441,initial,time,initial_planning_cost,73.49310963256899,77.7983786818464,656.0,4.305269049277413,5.858058082998169,segment_4
T2,S81,3442,initial,time,initial_planning_cost,367.465548162845,244.36652384213272,1089.3,123.09902432071226,33.49947360675022,segment_4
T10,S810,3443,initial,time,initial_planning_cost,73.49310963256899,77.7983786818464,541.5,4.305269049277413,5.858058082998169,segment_4
T10,S812,3444,initial,time,initial_planning_cost,73.49310963256899,77.7983786818464,5704.8,4.305269049277413,5.858058082998169,segment_4
T10,S813,3445,initial,time,initial_planning_cost,220.47932889770695,374.20000741889265,11411.2,153.7206785211857,69.72112954521263,segment_4
T10,S814,3446,initial,time,initial_planning_cost,73.49310963256899,75.21428032098068,500.0,1.7211706884116893,2.3419483772243876,segment_4
T10,S815,3447,initial,time,initial_planning_cost,293.97243853027595,302.7098135637729,1557.9,8.73737503349696,2.9721749008783713,segment_4
T10,S816,3448,initial,time,initial_planning_cost,73.49310963256899,77.7983786818464,512.3,4.305269049277413,5.858058082998169,segment_4
T2,S82,3449,initial,time,initial_planning_cost,146.98621926513798,131.08107340030912,510.2,15.905145864828853,10.820841534905181,segment_4
T10,S820,3450,initial,time,initial_planning_cost,73.49310963256899,76.23090608047075,758.9,2.737796447901758,3.7252423548131977,segment_4
T10,S822,3451,initial,time,initial_planning_cost,73.49310963256899,74.44475910452793,7694.0,0.9516494719589446,1.2948825770425891,segment_4
T10,S824,3452,initial,time,initial_planning_cost,73.49310963256899,77.7983786818464,4020.1,4.305269049277413,5.858058082998169,segment_4
T10,S825,3453,initial,time,initial_planning_cost,73.49310963256899,74.44475910452793,676.4,0.9516494719589446,1.2948825770425891,segment_4
T10,S826,3454,initial,time,initial_planning_cost,367.465548162845,437.16278721524753,31486.7,69.69723905240255,18.967013207321333,segment_4
T10,S829,3455,initial,time,initial_planning_cost,587.9448770605519,497.85953110317547,43740.9,90.08534595737643,15.322073458273985,segment_4
T2,S83,3456,initial,time,initial_planning_cost,3527.6545147613197,3551.6414663733963,4853.9,23.98695161207661,0.6799688436524675,segment_4
T10,S830,3457,initial,time,initial_planning_cost,146.98621926513798,352.7204580787537,7026.0,205.73423881361575,139.9683860447532,segment_4
T10,S831,3458,initial,time,initial_planning_cost,661.4365923117707,656.8387347150697,1518.3,4.597857596701033,0.6951320277928946,segment_4
T10,S832,3459,initial,time,initial_planning_cost,440.95772820784714,447.4728870302032,5429.1,6.515158822356057,1.4775019022424551,segment_4
T10,S833,3460,initial,time,initial_planning_cost,220.47932889770695,347.34133739815496,1560.6,126.86200850044801,57.539184800089174,segment_4
T10,S834,3461,initial,time,initial_planning_cost,1322.8731846235414,1355.3353359491202,2489.0,32.462151325578816,2.4539125671987057,segment_4
T10,S835,3462,initial,time,initial_planning_cost,2425.2675051431593,2783.2189723540205,98988.6,357.9514672108612,14.759257131502777,segment_4
T10,S837,3463,initial,time,initial_planning_cost,8157.7179718451725,4256.826092924043,3171.8,3900.8918789211293,47.818420450232814,segment_4
T10,S838,3464,initial,time,initial_planning_cost,9480.591156468714,4206.188442903922,102942.0,5274.402713564792,55.633690204708465,segment_4
T10,S839,3465,initial,time,initial_planning_cost,2645.746369247083,2699.3620977562277,3133.5,53.6157285091449,2.0264878422342,segment_4
T2,S84,3466,initial,time,initial_planning_cost,12787.747616009785,7949.828106265252,169571.0,4837.919509744533,37.8324600626903,segment_4
T10,S840,3467,initial,time,initial_planning_cost,146.98621926513798,203.83996318252755,698.0,56.85374391738958,38.67964235125686,segment_4
T10,S842,3468,initial,time,initial_planning_cost,146.98621926513798,223.30385392089522,685.3,76.31763465575725,51.921625739684686,segment_4
T10,S843,3469,initial,time,initial_planning_cost,146.98621926513798,155.85612978902444,42280.0,8.86991052388646,6.034518452295626,segment_4
T10,S845,3470,initial,time,initial_planning_cost,73.49310963256899,90.27888978971626,1414.0,16.785780157147272,22.839937296255776,segment_4
T10,S846,3471,initial,time,initial_planning_cost,146.98621926513798,184.59976845086968,1603.1,37.6135491857317,25.589847384184566,segment_4
T10,S847,3472,initial,time,initial_planning_cost,146.98621926513798,184.59976845086968,631.5,37.6135491857317,25.589847384184566,segment_4
T10,S848,3473,initial,time,initial_planning_cost,440.9586577954139,455.1903015692724,22082.5,14.23164377385848,3.2274326679535017,segment_4
T10,S849,3474,initial,time,initial_planning_cost,73.49310963256899,77.7983786818464,511.5,4.305269049277413,5.858058082998169,segment_4
T2,S85,3475,initial,time,initial_planning_cost,8378.179472558133,7118.91218134423,9362.9,1259.2672912139033,15.030321268940394,segment_4
T10,S851,3476,initial,time,initial_planning_cost,367.465548162845,437.16278721524753,2358.9,69.69723905240255,18.967013207321333,segment_4
T10,S852,3477,initial,time,initial_planning_cost,73.49310963256899,77.7983786818464,500.0,4.305269049277413,5.858058082998169,segment_4
T10,S853,3478,initial,time,initial_planning_cost,1102.3966444885348,703.1814548492415,22487.6,399.21518963929327,36.213389403458514,segment_4
T10,S855,3479,initial,time,initial_planning_cost,73.49310963256899,77.7983786818464,501.5,4.305269049277413,5.858058082998169,segment_4
T10,S857,3480,initial,time,initial_planning_cost,73.49310963256899,90.27888978971626,500.0,16.785780157147272,22.839937296255776,segment_4
T10,S858,3481,initial,time,initial_planning_cost,73.49310963256899,157.75755347712916,4834.0,84.26444384456018,114.65625045101888,segment_4
T2,S86,3482,initial,time,initial_planning_cost,17638.38631785106,12867.00354121118,15967.3,4771.382776639879,27.051129795308803,segment_4
T11,S861,3483,initial,time,initial_planning_cost,73.49310963256899,79.51974787519758,505.4,6.026638242628593,8.200276560291096,segment_4
T11,S863,3484,initial,time,initial_planning_cost,220.47932889770695,238.92615708699734,3520.4,18.446828189290386,8.36669282400117,segment_4
T11,S864,3485,initial,time,initial_planning_cost,293.97243853027595,321.894340693997,4950.1,27.92190216372103,9.49813605088879,segment_4
T11,S865,3486,initial,time,initial_planning_cost,73.49310963256899,95.43538141726204,6409.8,21.942271784693048,29.856229916510674,segment_4
T11,S866,3487,initial,time,initial_planning_cost,73.49310963256899,80.59380446266151,500.0,7.100694830092522,9.66171504457038,segment_4
T11,S867,3488,initial,time,initial_planning_cost,293.97243853027595,359.83954580672616,14453.6,65.86710727645021,22.405878457774747,segment_4
T2,S87,3489,initial,time,initial_planning_cost,4409.577282078471,3790.080894861064,22103.5,619.4963872174076,14.048883772491806,segment_4
T11,S870,3490,initial,time,initial_planning_cost,146.98621926513798,197.65701712053414,10298.5,50.67079785539616,34.473162252030384,segment_4
T11,S871,3491,initial,time,initial_planning_cost,661.4365923117707,698.3572787969365,9508.4,36.92068648516579,5.581893550238158,segment_4
T11,S873,3492,initial,time,initial_planning_cost,881.9154564156943,955.5359946436521,13534.1,73.62053822795781,8.347799972479049,segment_4
T11,S874,3493,initial,time,initial_planning_cost,734.93109632569,520.7373201892891,5842.7,214.19377613640086,29.144742576177425,segment_4
T11,S876,3494,initial,time,initial_planning_cost,440.9586577954139,385.50209051822554,10589.2,55.456567277188356,12.576364313708034,segment_4
T11,S879,3495,initial,time,initial_planning_cost,220.47932889770695,268.1604552940527,6370.1,47.681126396345775,21.626120976841232,segment_4
T2,S88,3496,initial,time,initial_planning_cost,1543.352048727465,1592.3169385248768,1665.4,48.96488979741184,3.172632571925809,segment_4
T11,S880,3497,initial,time,initial_planning_cost,73.49310963256899,78.70675516474444,2681.2,5.213645532175448,7.094060325166843,segment_4
T11,S881,3498,initial,time,initial_planning_cost,220.47932889770695,268.1604552940527,2443.8,47.681126396345775,21.626120976841232,segment_4
T11,S882,3499,initial,time,initial_planning_cost,73.49310963256899,192.35616914830558,7552.9,118.8630595157366,161.73361027992425,segment_4
T11,S884,3500,initial,time,initial_planning_cost,146.98621926513798,228.55371514449394,22387.1,81.56749587935596,55.49329473685024,segment_4
T11,S889,3501,initial,time,initial_planning_cost,73.49310963256899,79.51974787519758,591.7,6.026638242628593,8.200276560291096,segment_4
T2,S89,3502,initial,time,initial_planning_cost,3748.140689766701,3105.1458152477308,9982.0,642.9948745189704,17.155035729435035,segment_4
T11,S893,3503,initial,time,initial_planning_cost,146.98621926513798,228.55371514449394,22567.8,81.56749587935596,55.49329473685024,segment_4
T11,S894,3504,initial,time,initial_planning_cost,73.49310963256899,81.32712903533125,1506.0,7.834019402762266,10.659529093174424,segment_4
T11,S896,3505,initial,time,initial_planning_cost,367.465548162845,353.3442462577927,113601.0,14.121301905052292,3.842891388227322,segment_4
T11,S898,3506,initial,time,initial_planning_cost,73.49310963256899,95.43538141726204,2512.6,21.942271784693048,29.856229916510674,segment_4
T1,S9,3507,initial,time,initial_planning_cost,84884.95821973111,96436.1503173903,19307.4,11551.192097659194,13.60805534916806,segment_4
T2,S90,3508,initial,time,initial_planning_cost,146.98621926513798,146.7749737079328,563.4,0.21124555720518856,0.14371793373645303,segment_4
T11,S900,3509,initial,time,initial_planning_cost,146.98621926513798,197.65701712053414,2697.0,50.67079785539616,34.473162252030384,segment_4
T11,S902,3510,initial,time,initial_planning_cost,1322.8704430354949,1454.3558258175267,4113.5,131.48538278203182,9.939399846316155,segment_4
T11,S904,3511,initial,time,initial_planning_cost,661.4365923117707,688.2811087889941,1000.0,26.84451647722335,4.058516990026171,segment_4
T11,S905,3512,initial,time,initial_planning_cost,1763.8272573806598,1822.694878450901,3742.4,58.86762107024106,3.3374935569178907,segment_4
T11,S906,3513,initial,time,initial_planning_cost,440.95772820784714,469.1633810144944,1148.9,28.205652806647265,6.396452766863045,segment_4
T11,S907,3514,initial,time,initial_planning_cost,440.95772820784714,472.6111530751602,4336.1,31.65342486731305,7.178335437267376,segment_4
T11,S908,3515,initial,time,initial_planning_cost,440.95772820784714,471.60157086881344,3044.3,30.6438426609663,6.949383285674542,segment_4
T11,S909,3516,initial,time,initial_planning_cost,661.4365923117707,701.3380415418604,4167.4,39.901449230089725,6.032543359996331,segment_4
T2,S91,3517,initial,time,initial_planning_cost,12346.790801664618,7772.430851052284,38831.6,4574.359950612334,37.048979156556285,segment_4
T11,S910,3518,initial,time,initial_planning_cost,661.4365923117707,701.3380415418604,5192.7,39.901449230089725,6.032543359996331,segment_4
T11,S911,3519,initial,time,initial_planning_cost,2204.784071725825,2394.3297729388714,11025.6,189.5457012130464,8.597018803055708,segment_4
T11,S912,3520,initial,time,initial_planning_cost,73.49310963256899,95.43538141726204,633.2,21.942271784693048,29.856229916510674,segment_4
T11,S913,3521,initial,time,initial_planning_cost,73.49310963256899,79.51974787519758,500.0,6.026638242628593,8.200276560291096,segment_4
T11,S914,3522,initial,time,initial_planning_cost,440.95772820784714,480.80922391671896,45319.6,39.85149570887182,9.037486625041678,segment_4
T11,S915,3523,initial,time,initial_planning_cost,440.95772820784714,475.26337213306266,1589.9,34.30564392521552,7.7798033078230615,segment_4
T11,S916,3524,initial,time,initial_planning_cost,146.98621926513798,208.63426948158292,500.0,61.64805021644494,41.941380984323715,segment_4
T11,S917,3525,initial,time,initial_planning_cost,1763.8272573806598,1849.0569705807509,1964.9,85.22971320009106,4.832089584932479,segment_4
T11,S918,3526,initial,time,initial_planning_cost,1102.3943205196178,1150.905483082988,6874.2,48.511162563370135,4.400527257842204,segment_4
T11,S919,3527,initial,time,initial_planning_cost,73.49310963256899,225.22747432383176,500.0,151.73436469126278,206.46066746918632,segment_4
T2,S92,3528,initial,time,initial_planning_cost,15433.488502080774,7241.922943075521,54800.5,8191.565559005253,53.07656501575032,segment_4
T11,S920,3529,initial,time,initial_planning_cost,881.9154564156943,918.7728025057237,15593.1,36.85734609002941,4.179238023543218,segment_4
T11,S921,3530,initial,time,initial_planning_cost,3674.6638162189706,4365.415272346857,2728.2,690.7514561278863,18.797677574723885,segment_4
T11,S922,3531,initial,time,initial_planning_cost,3674.6638162189706,4176.188623348752,6890.1,501.5248071297815,13.648182043652179,segment_4
T11,S923,3532,initial,time,initial_planning_cost,2204.784071725825,2880.0597956677775,64708.4,675.2757239419525,30.627748658097442,segment_4
T11,S924,3533,initial,time,initial_planning_cost,8819.179429269621,9370.111180595672,91750.0,550.9317513260503,6.246972926954916,segment_4
T11,S925,3534,initial,time,initial_planning_cost,440.95772820784714,472.8506111236349,1000.0,31.892882915787766,7.232639519757987,segment_4
T11,S926,3535,initial,time,initial_planning_cost,73.49310963256899,80.59380446266151,500.0,7.100694830092522,9.66171504457038,segment_4
T11,S927,3536,initial,time,initial_planning_cost,146.98621926513798,208.63426948158292,2846.6,61.64805021644494,41.941380984323715,segment_4
T11,S929,3537,initial,time,initial_planning_cost,220.47932889770695,281.4759901616686,6871.5,60.99666126396167,27.665478468623938,segment_4
T2,S93,3538,initial,time,initial_planning_cost,881.9154564156943,889.9185766361672,5219.9,8.003120220472965,0.9074702299696018,segment_4
T11,S930,3539,initial,time,initial_planning_cost,73.49310963256899,79.51974787519758,3518.7,6.026638242628593,8.200276560291096,segment_4
T11,S931,3540,initial,time,initial_planning_cost,440.95772820784714,473.04007987516604,1123.5,32.0823516673189,7.275607074108646,segment_4
T11,S932,3541,initial,time,initial_planning_cost,73.49310963256899,81.32712903533125,2904.6,7.834019402762266,10.659529093174424,segment_4
T11,S933,3542,initial,time,initial_planning_cost,881.9154564156943,925.7815072166482,3198.8,43.86605080095387,4.973951922697388,segment_4
T11,S934,3543,initial,time,initial_planning_cost,73.49310963256899,79.51974787519758,503.8,6.026638242628593,8.200276560291096,segment_4
T11,S935,3544,initial,time,initial_planning_cost,73.49310963256899,79.51974787519758,500.5,6.026638242628593,8.200276560291096,segment_4
T11,S936,3545,initial,time,initial_planning_cost,661.4365923117707,694.4400874013401,4451.8,33.003495089569356,4.9896687714569365,segment_4
T11,S937,3546,initial,time,initial_planning_cost,73.49310963256899,192.35616914830558,807.4,118.8630595157366,161.73361027992425,segment_4
T11,S938,3547,initial,time,initial_planning_cost,440.9586577954139,399.7302789175119,21477.4,41.228378877902,9.349715250863772,segment_4
T11,S939,3548,initial,time,initial_planning_cost,2204.784071725825,2357.2968079840257,3540.8,152.51273625820068,6.917354774738518,segment_4
T2,S94,3549,initial,time,initial_planning_cost,146.98621926513798,130.19967412755838,509.4,16.786545137579594,11.420489091769577,segment_4
T11,S940,3550,initial,time,initial_planning_cost,293.97243853027595,341.06458965271844,1062.8,47.09215112244249,16.01924022465545,segment_4
T11,S941,3551,initial,time,initial_planning_cost,440.9586577954139,396.70556135473953,3212.3,44.25309644067437,10.035656553818233,segment_4
T11,S942,3552,initial,time,initial_planning_cost,73.49310963256899,79.51974787519758,500.0,6.026638242628593,8.200276560291096,segment_4
T11,S943,3553,initial,time,initial_planning_cost,293.97243853027595,366.13608525315993,6859.3,72.16364672288398,24.54775933542216,segment_4
T11,S944,3554,initial,time,initial_planning_cost,1322.8731846235414,1383.6498245263936,3642.1,60.77663990285214,4.594290715791305,segment_4
T11,S945,3555,initial,time,initial_planning_cost,73.49310963256899,79.51974787519758,500.0,6.026638242628593,8.200276560291096,segment_4
T11,S946,3556,initial,time,initial_planning_cost,734.93109632569,518.3524933399763,9581.2,216.5786029857137,29.46923923460375,segment_4
T11,S947,3557,initial,time,initial_planning_cost,220.47932889770695,277.69713492979025,4959.6,57.2178060320833,25.951551248883714,segment_4
T11,S948,3558,initial,time,initial_planning_cost,73.49310963256899,80.79149472974183,660.7,7.29838509717284,9.93070661135627,segment_4
T11,S949,3559,initial,time,initial_planning_cost,146.98621926513798,151.2482036167598,795.5,4.261984351621834,2.899580908284976,segment_4
T2,S95,3560,initial,time,initial_planning_cost,1322.8731846235414,1357.2522902575358,1021.8,34.37910563399441,2.598820962855778,segment_4
T11,S950,3561,initial,time,initial_planning_cost,734.93109632569,489.32006061236166,20007.7,245.6110357133283,33.41960041441545,segment_4
T11,S951,3562,initial,time,initial_planning_cost,661.4365923117707,739.6198617443997,2309.3,78.183269432629,11.82022136987804,segment_4
T11,S952,3563,initial,time,initial_planning_cost,146.98621926513798,151.2482036167598,911.4,4.261984351621834,2.899580908284976,segment_4
T11,S953,3564,initial,time,initial_planning_cost,440.9586577954139,396.70556135473953,3719.8,44.25309644067437,10.035656553818233,segment_4
T11,S954,3565,initial,time,initial_planning_cost,4850.5350102863185,3824.616032584679,8233.9,1025.9189777016395,21.150635456212928,segment_4
T11,S957,3566,initial,time,initial_planning_cost,734.93109632569,500.26009182081674,3264.0,234.67100450487322,31.931021245136847,segment_4
T11,S958,3567,initial,time,initial_planning_cost,367.465548162845,362.1754526173089,4764.4,5.290095545536076,1.4396167401227318,segment_4
T11,S959,3568,initial,time,initial_planning_cost,220.47932889770695,234.6707231736453,11573.7,14.191394275938364,6.436609883969018,segment_4
T2,S96,3569,initial,time,initial_planning_cost,73.49310963256899,74.44475910452793,520.8,0.9516494719589446,1.2948825770425891,segment_4
T11,S962,3570,initial,time,initial_planning_cost,587.9448770605519,442.6990701191431,9646.9,145.24580694140883,24.70398375908463,segment_4
T11,S964,3571,initial,time,initial_planning_cost,587.9448770605519,458.71398531893516,26018.0,129.23089174161674,21.98010337086539,segment_4
T11,S965,3572,initial,time,initial_planning_cost,73.49310963256899,238.28958684136074,17036.0,164.79647720879177,224.23391530538947,segment_4
T11,S966,3573,initial,time,initial_planning_cost,73.49310963256899,82.24982611808484,500.0,8.756716485515852,11.915016971380474,segment_4
T11,S967,3574,initial,time,initial_planning_cost,5879.462105950352,5743.740899356991,3374.6,135.72120659336179,2.3083949542935933,segment_4
T11,S968,3575,initial,time,initial_planning_cost,146.98621926513798,160.38973360514115,3357.0,13.40351434000317,9.11889183014193,segment_4
T11,S969,3576,initial,time,initial_planning_cost,587.9448770605519,444.1430612846693,14890.2,143.80181577588263,24.458384006137468,segment_4
T2,S97,3577,initial,time,initial_planning_cost,73.49310963256899,75.21428032098068,623.4,1.7211706884116893,2.3419483772243876,segment_4
T11,S970,3578,initial,time,initial_planning_cost,146.98621926513798,153.91924569401343,6528.3,6.933026428875451,4.716786691662201,segment_4
T11,S971,3579,initial,time,initial_planning_cost,440.9586577954139,407.06658494153004,54506.3,33.89207285388386,7.685997826492012,segment_4
T11,S972,3580,initial,time,initial_planning_cost,73.49310963256899,79.51974787519758,500.7,6.026638242628593,8.200276560291096,segment_4
T11,S973,3581,initial,time,initial_planning_cost,146.98621926513798,153.91924569401343,3819.3,6.933026428875451,4.716786691662201,segment_4
T11,S974,3582,initial,time,initial_planning_cost,1543.352048727465,1612.9679352210583,3223.7,69.61588649359328,4.510693885493815,segment_4
T11,S975,3583,initial,time,initial_planning_cost,73.49310963256899,192.35616914830558,500.0,118.8630595157366,161.73361027992425,segment_4
T11,S976,3584,initial,time,initial_planning_cost,3527.661825662777,3200.8828138598547,35094.0,326.77901180292247,9.263331576334624,segment_4
T11,S978,3585,initial,time,initial_planning_cost,514.4517674279829,415.07353918879613,12078.2,99.37822823918674,19.317307186256,segment_4
T11,S979,3586,initial,time,initial_planning_cost,661.4365923117707,841.7175580920365,23856.5,180.28096578026577,27.255970999452906,segment_4
T11,S981,3587,initial,time,initial_planning_cost,293.97243853027595,303.3658610261856,3528.4,9.393422495909647,3.1953412173169515,segment_4
T11,S982,3588,initial,time,initial_planning_cost,1763.8309128313886,2087.9917387510854,4144.2,324.1608259196969,18.37822568827405,segment_4
T11,S983,3589,initial,time,initial_planning_cost,220.47932889770695,238.63195557567457,1089.6,18.152626677967618,8.233255593040047,segment_4
T11,S984,3590,initial,time,initial_planning_cost,587.9448770605519,440.55845065386177,711.4,147.38642640669013,25.068068820252847,segment_4
T11,S985,3591,initial,time,initial_planning_cost,1543.352048727465,1631.9305404921324,17288.5,88.57849176466743,5.7393575132584145,segment_4
T11,S986,3592,initial,time,initial_planning_cost,367.465548162845,265.41284230111097,514.5,102.05270586173401,27.772047304012464,segment_4
T11,S988,3593,initial,time,initial_planning_cost,73.49310963256899,192.35616914830558,1665.7,118.8630595157366,161.73361027992425,segment_4
T2,S99,3594,initial,time,initial_planning_cost,146.98621926513798,145.6380676359532,506.4,1.3481516291847697,0.9171959357311824,segment_4
T11,S990,3595,initial,time,initial_planning_cost,52474.08193083087,40396.72887432693,568408.0,12077.35305650394,23.01584441710443,segment_4
T11,S992,3596,initial,time,initial_planning_cost,2425.2675051431593,2616.2571300747404,4618.0,190.98962493158115,7.874992120521046,segment_4
T11,S993,3597,initial,time,initial_planning_cost,73.49310963256899,81.32712903533125,602.9,7.834019402762266,10.659529093174424,segment_4
T11,S994,3598,initial,time,initial_planning_cost,73.49310963256899,78.70675516474444,500.0,5.213645532175448,7.094060325166843,segment_4
T11,S995,3599,initial,time,initial_planning_cost,73.49310963256899,96.04756243668093,500.0,22.554452804111946,30.689207351374314,segment_4
T11,S996,3600,initial,time,initial_planning_cost,1763.8309128313886,1807.8851393938307,24638.5,44.05422656244218,2.4976445441544146,segment_4
T11,S998,3601,initial,time,initial_planning_cost,146.98621926513798,217.52967082865334,656.0,70.54345156351536,47.993241758444746,segment_4
T11,S999,3602,initial,time,initial_planning_cost,440.9586577954139,362.25610084799416,6464.5,78.70255694741974,17.84805798822401,segment_4
