team_id,sprint_id,planned_story_points,total_tasks,actual_sprint_cost,baseline_predicted_sprint_cost,residual,baseline_absolute_error,baseline_absolute_percentage_error,sprint_size_band,small_vs_large,segmented_predicted_sprint_cost,segmented_absolute_error,segmented_absolute_percentage_error,absolute_error_improvement,absolute_percentage_error_improvement,segmented_beats_baseline
T15,S1113,33.0,2,4433.0,6877.881542831085,-2444.8815428310854,2444.8815428310854,55.15185072932744,large,large,6727.755904800882,2294.7559048008816,51.76530351456985,150.12563803020385,3.3865472147575915,True
T15,S1115,192.0,10,23652.1,14179.557976912418,9472.54202308758,9472.54202308758,40.0494756198713,large,large,26031.137077220457,2379.0370772204587,10.058460251818904,7093.504945867122,29.9910153680524,True
T15,S1116,18.0,8,16386.3,6471.930417474912,9914.369582525087,9914.369582525087,60.504016053197404,medium,large,7518.024432993111,8868.275567006887,54.12006106934994,1046.0940155181997,6.383954983847467,True
T15,S1117,29.0,12,15435.3,8374.596125668832,7060.703874331168,7060.703874331168,45.74387199685894,large,large,8847.168086192267,6588.131913807732,42.682240797443086,472.57196052343534,3.0616311994158565,True
T15,S1120,5.0,2,127600.0,3899.85051050068,123700.14948949932,123700.14948949932,96.94369082249163,medium,small,3722.183877093198,123877.8161229068,97.08292799600848,-177.66663340748346,-0.13923717351684672,False
T15,S1121,21.0,16,31949.6,8918.20652033156,23031.39347966844,23031.39347966844,72.08664108367067,medium,large,9455.846546168765,22493.753453831232,70.40386563159237,537.6400258372087,1.6827754520783031,True
T15,S1122,11.0,3,4990.6,24961.94176175987,-19971.341761759868,19971.341761759868,400.1791720787053,medium,small,24388.964205320437,19398.36420532044,388.6980364148687,572.9775564394295,11.481135663836596,True
T15,S1123,16.0,10,233721.0,6541.633127564323,227179.36687243567,227179.36687243567,97.20109312917353,medium,large,7451.736330237342,226269.26366976264,96.81169585521312,910.1032026730245,0.38939727396041235,True
T16,S1159,2.0,5,3965.2,4923.631417030718,-958.431417030718,958.431417030718,24.171073767545597,small,small,4128.471195309321,163.27119530932123,4.117603029086079,795.1602217213967,20.053470738459517,True
T16,S1160,3.0,5,4006.5,4750.101692023056,-743.6016920230559,743.6016920230559,18.559882491527667,small,small,3968.8743259185308,37.62567408146924,0.9391157888798013,705.9760179415866,17.620766702647867,True
T16,S1161,5.0,4,7599.5,4071.589398900124,3527.910601099876,3527.910601099876,46.422930470424056,medium,small,3911.2844117612913,3688.2155882387087,48.532345394285265,-160.30498713883253,-2.109414923861209,False
T16,S1162,4.0,3,11470.8,2622.155004416831,8848.644995583169,8848.644995583169,77.14060916050467,small,small,2771.2226760243907,8699.577323975609,75.84106883543963,149.06767160755953,1.2995403250650384,True
T16,S1163,0.0,1,655.8,765.252897181631,-109.4528971816311,109.4528971816311,16.689981271977906,small,small,717.7655129200899,61.965512920089964,9.4488430802211,47.48738426154114,7.241138191756807,True
T16,S1164,0.0,4,31092.2,3101.036552304357,27991.163447695642,27991.163447695642,90.02631993778388,small,small,2983.2495914003766,28108.950408599623,90.40515115881031,-117.7869609039808,-0.37883122102643085,False
T16,S1165,9.0,6,4550.9,4690.585739063907,-139.68573906390702,139.68573906390702,3.069409107295415,medium,small,4287.495095812472,263.4049041875278,5.787973899394137,-123.71916512362077,-2.718564792098722,False
T16,S1166,11.0,4,67233.5,5164.190807811186,62069.30919218881,62069.30919218881,92.31902130959836,medium,small,4848.025959355987,62385.47404064401,92.78927029032255,-316.1648484551988,-0.4702489807241932,False
T17,S1248,1.0,1,990.8,1574.9888561791442,-584.1888561791443,584.1888561791443,58.96132985255797,small,small,1644.6291428067038,653.8291428067039,65.9900224875559,-69.64028662755959,-7.028692634997938,False
T17,S1254,4.0,2,1331.6,2707.6146837993965,-1376.0146837993966,1376.0146837993966,103.33543735351431,small,small,2653.1695449765575,1321.5695449765576,99.24673663086195,54.445138822839,4.088700722652362,True
T17,S1259,4.5,4,3419.3,7140.757114133041,-3721.4571141330407,3721.4571141330407,108.83681204144241,medium,small,6475.925626481006,3056.6256264810054,89.39331519553726,664.8314876520353,19.44349684590516,True
T17,S1260,3.0,1,2098.5,747.036856650856,1351.463143349144,1351.463143349144,64.4013887705096,small,small,756.3560631858777,1342.1439368141223,63.957299824356554,9.319206535021749,0.4440889461530446,True
T17,S1261,1.5,3,1508.4,4884.866451056686,-3376.466451056686,3376.466451056686,223.8442356839489,small,small,5525.7976896402315,4017.3976896402314,266.3350364386258,-640.9312385835456,-42.49080075467691,False
T17,S1262,0.0,1,6101.2,648.9464669032416,5452.2535330967585,5452.2535330967585,89.36362573095062,small,small,664.5402673177883,5436.659732682211,89.10803993775342,15.593800414547331,0.25558579319719854,True
T17,S1263,1.0,2,1331.6,1356.3983818937427,-24.79838189374277,24.79838189374277,1.862299631551725,small,small,1316.7875290398847,14.812470960115206,1.1123814178518479,9.985910933627565,0.7499182136998772,True
T17,S1267,14.5,6,17886.6,5362.300854567421,12524.299145432578,12524.299145432578,70.02056928333266,medium,large,6664.265161020457,11222.334838979543,62.74157659353675,1301.9643064530355,7.278992689795913,True
T17,S1269,14.5,7,7761.1,24983.088965305695,-17221.988965305696,17221.988965305696,221.90139239676972,medium,large,18897.605424554415,11136.505424554414,143.49132757668906,6085.483540751282,78.41006482008066,True
T17,S1271,3.0,1,1371.8,743.1895561086932,628.6104438913068,628.6104438913068,45.82376759668369,small,small,759.2862436986427,612.5137563013573,44.6503685888145,16.09668758994951,1.173399007869186,True
T17,S1272,1.0,1,174917.0,1304.6920226731233,173612.30797732688,173612.30797732688,99.254107935379,small,small,1411.2178313846255,173505.78216861538,99.1932071603191,106.52580871150712,0.060900775059892,True
T19,S1321,0.0,10,12462.5,14824.884072153183,-2362.3840721531833,2362.3840721531833,18.95594039842073,small,small,14224.499204459602,1761.999204459602,14.138408862263606,600.3848676935813,4.817531536157123,True
T19,S1330,23.0,47,14731.0,21595.954113089338,-6864.954113089338,6864.954113089338,46.60209159656057,medium,large,22210.491610517085,7479.491610517085,50.773821264795906,-614.5374974277474,-4.171729668235336,False
T19,S1334,17.0,26,10696.5,24653.451567098957,-13956.951567098957,13956.951567098957,130.48148055063766,medium,large,23219.257802357195,12522.757802357195,117.07341469038653,1434.1937647417617,13.408065860251128,True
T19,S1335,23.0,37,26807.1,21152.934557796983,5654.165442203015,5654.165442203015,21.092044429285583,medium,large,20886.40858230969,5920.691417690308,22.086280939341847,-266.5259754872932,-0.9942365100562647,False
T19,S1350,21.0,12,6755.4,7617.074370556351,-861.6743705563513,861.6743705563513,12.755341956898944,medium,large,6183.444920959571,571.9550790404282,8.466635270160587,289.71929151592303,4.288706686738356,True
T20,S1405,16.0,44,7415.0,24456.82316243605,-17041.82316243605,17041.82316243605,229.82903792900942,medium,large,26483.723860939357,19068.723860939357,257.16417883937095,-2026.9006985033084,-27.33514091036153,False
T20,S1409,5.0,46,21848.4,23287.0862914193,-1438.686291419297,1438.686291419297,6.5848588062251565,medium,small,25335.064554392568,3486.664554392566,15.958443430148506,-2047.978262973269,-9.37358462392335,False
T20,S1410,34.0,31,10536.3,17049.429712722234,-6513.129712722235,6513.129712722235,61.81609970029551,large,large,17591.73702015347,7055.437020153469,66.96313715586562,-542.3073074312342,-5.147037455570114,False
T20,S1411,35.0,38,54816.1,30425.849510377953,24390.250489622045,24390.250489622045,44.494684024624235,large,large,28417.19170657775,26398.90829342225,48.15904140101585,-2008.6578038002044,-3.6643573763916137,False
T20,S1417,68.0,20,16376.6,4250.544137325016,12126.055862674984,12126.055862674984,74.04501461032805,large,large,2295.888273844903,14080.711726155097,85.98067807820364,-1954.655863480113,-11.935663467875585,False
T20,S1420,23.0,19,9933.2,10063.233370777612,-130.0333707776117,130.0333707776117,1.3090783511618784,medium,large,7207.569619634817,2725.6303803651836,27.439600333882165,-2595.597009587572,-26.130521982720285,False
T18,S1460,44.0,12,2152.7,11196.29335397354,-9043.593353973542,9043.593353973542,420.104675708345,large,large,10865.658012661876,8712.958012661875,404.7455759121975,330.6353413116667,15.359099796147461,True
T18,S1461,50.0,14,3500.0,31436.673849432435,-27936.673849432435,27936.673849432435,798.1906814123553,large,large,29796.020267244407,26296.020267244407,751.3148647784117,1640.653582188028,46.8758166339436,True
T18,S1462,40.0,11,2794.7,9192.330227387427,-6397.630227387427,6397.630227387427,228.92010689474463,large,large,7878.6843299653065,5083.984329965307,181.91520842900158,1313.6458974221205,47.004898465743054,True
T18,S1463,30.0,7,27042.4,9420.894551827045,17621.505448172957,17621.505448172957,65.16250572498356,large,large,8475.11529119563,18567.28470880437,68.65989967164295,-945.7792606314142,-3.497393946659386,False
T18,S1465,3.0,3,9491.3,4669.627630825756,4821.672369174244,4821.672369174244,50.800968983956295,small,small,4467.111350062918,5024.188649937081,52.93467333175731,-202.5162807628376,-2.1337043478010145,False
T18,S1466,18.0,6,114771.0,4277.589782778571,110493.41021722143,110493.41021722143,96.27293498986803,medium,large,4734.812801547351,110036.18719845265,95.87455646326394,457.2230187687819,0.3983785266040911,True
T18,S1467,10.0,2,94759.1,2632.9920966163613,92126.10790338364,92126.10790338364,97.22138338521961,medium,small,3282.751067136734,91476.34893286327,96.5356877944844,649.7589705203718,0.6856955907352074,True
T18,S1468,13.0,3,18564.8,3467.12071522688,15097.67928477312,15097.67928477312,81.32422264055158,medium,large,3156.576634271681,15408.223365728318,82.99698012221148,-310.5440809551983,-1.6727574816599002,False
T18,S1469,13.0,2,80888.9,2824.001475796866,78064.89852420313,78064.89852420313,96.5087898638789,medium,large,2905.723116357619,77983.17688364237,96.40776037706333,81.72164056076144,0.10102948681557677,True
T14,S1484,3.0,9,168993.0,14920.828056114316,154072.17194388568,154072.17194388568,91.17074195019065,small,small,12604.300250476053,156388.69974952395,92.54152524040875,-2316.5278056382667,-1.3707832902180996,False
T14,S1485,0.0,1,4649.5,1688.5747857577824,2960.9252142422174,2960.9252142422174,63.68265865667744,small,small,1646.5739460522384,3002.926053947762,64.58599965475345,-42.00083970554442,-0.9033409980760112,False
T21,S1811,0.0,1,500.0,500.06439821571024,-0.0643982157102414,0.0643982157102414,0.01287964314204828,small,small,500.3378598846811,0.3378598846811087,0.06757197693622174,-0.2734616689708673,-0.054692333794173466,False
T21,S1812,0.0,1,500.0,502.4448126979366,-2.444812697936584,2.444812697936584,0.4889625395873167,small,small,500.3378598846811,0.3378598846811087,0.06757197693622174,2.106952813255475,0.421390562651095,True
T21,S1813,0.0,1,500.0,502.4448126979366,-2.444812697936584,2.444812697936584,0.4889625395873167,small,small,500.3378598846811,0.3378598846811087,0.06757197693622174,2.106952813255475,0.421390562651095,True
T21,S1814,11.0,3,1500.0,8443.933616926275,-6943.933616926275,6943.933616926275,462.928907795085,medium,small,8085.4866389752615,6585.4866389752615,439.03244259835077,358.44697795101365,23.896465196734255,True
T21,S1815,3.0,1,500.0,816.5797493327163,-316.57974933271635,316.57974933271635,63.315949866543264,small,small,799.9735530333464,299.97355303334643,59.99471060666929,16.606196299369913,3.321239259873977,True
T21,S1817,5.0,1,500.0,1059.1972451696297,-559.1972451696297,559.1972451696297,111.83944903392593,medium,small,1134.3554281647791,634.3554281647791,126.87108563295584,-75.15818299514945,-15.031636599029909,False
T21,S1818,0.0,1,500.0,502.6652617843783,-2.6652617843782878,2.6652617843782878,0.5330523568756576,small,small,501.3204580612687,1.3204580612687096,0.2640916122537419,1.3448037231095782,0.26896074462191566,True
T21,S1823,0.0,1,500.0,503.5901082909523,-3.590108290952287,3.590108290952287,0.7180216581904574,small,small,501.92169191289065,1.921691912890651,0.38433838257813024,1.668416378061636,0.33368327561232713,True
T21,S1830,8.0,1,500.0,2941.1200163918784,-2441.1200163918784,2441.1200163918784,488.2240032783757,medium,small,2870.3625429864164,2370.3625429864164,474.0725085972833,70.75747340546195,14.151494681092402,True
T21,S1832,0.0,2,500.0,855.0482345364713,-355.04823453647134,355.04823453647134,71.00964690729427,small,small,848.8072271359662,348.8072271359662,69.76144542719324,6.241007400505168,1.2482014801010308,True
T21,S1839,0.0,1,500.0,509.8482274209815,-9.848227420981516,9.848227420981516,1.9696454841963034,small,small,506.1657463931751,6.165746393175084,1.2331492786350169,3.682481027806432,0.7364962055612865,True
T21,S1841,0.0,10,1500.0,1800.4570370093084,-300.45703700930835,300.45703700930835,20.03046913395389,small,small,1857.20815298738,357.2081529873799,23.813876865825325,-56.75111597807154,-3.783407731871435,False
T21,S1851,5.0,1,500.0,1053.991698991271,-553.991698991271,553.991698991271,110.79833979825422,medium,small,1144.5821765550686,644.5821765550686,128.91643531101371,-90.59047756379755,-18.118095512759496,False
T21,S1854,0.0,1,500.0,513.6095301541802,-13.60953015418022,13.60953015418022,2.721906030836044,small,small,506.1657463931751,6.165746393175084,1.2331492786350169,7.443783761005136,1.4887567522010272,True
T21,S1858,0.0,1,500.0,519.0263045584056,-19.026304558405627,19.026304558405627,3.805260911681126,small,small,506.1657463931751,6.165746393175084,1.2331492786350169,12.860558165230543,2.572111633046109,True
T21,S1860,0.0,3,1000.0,1618.0042959342834,-618.0042959342834,618.0042959342834,61.80042959342834,small,small,1438.2873828203947,438.28738282039467,43.82873828203947,179.71691311388872,17.971691311388874,True
T21,S1862,0.0,1,500.0,535.2621053149439,-35.26210531494394,35.26210531494394,7.052421062988788,small,small,526.0298620239365,26.029862023936516,5.205972404787303,9.232243291007421,1.846448658201485,True
T21,S1876,0.0,3,1000.0,1631.043274507029,-631.0432745070291,631.0432745070291,63.10432745070291,small,small,1461.9530458703673,461.9530458703673,46.19530458703673,169.09022863666178,16.90902286366618,True
T21,S1881,8.0,2,1000.0,4801.767313389673,-3801.7673133896733,3801.7673133896733,380.17673133896733,medium,small,4040.7962628304444,3040.7962628304444,304.07962628304443,760.9710505592288,76.0971050559229,True
T21,S1883,0.0,1,500.0,606.9803975282592,-106.98039752825923,106.98039752825923,21.396079505651848,small,small,588.4365261340042,88.43652613400423,17.687305226800845,18.543871394255007,3.7087742788510027,True
T21,S1887,3.0,2,500.0,1344.976092683418,-844.9760926834181,844.9760926834181,168.9952185366836,small,small,1399.605378248887,899.6053782488871,179.9210756497774,-54.62928556546899,-10.925857113093798,False
T21,S1889,0.0,1,500.0,627.5815960394866,-127.58159603948661,127.58159603948661,25.516319207897318,small,small,616.8366304529196,116.83663045291962,23.367326090583923,10.744965586566991,2.1489931173133954,True
T21,S1890,3.0,1,500.0,863.8954797665376,-363.8954797665376,363.8954797665376,72.77909595330753,small,small,882.354712685709,382.35471268570905,76.47094253714181,-18.459232919171427,-3.691846583834277,False
T21,S1892,0.0,1,500.0,638.0784864711162,-138.0784864711162,138.0784864711162,27.61569729422324,small,small,626.4205869308022,126.42058693080219,25.28411738616044,11.65789954031402,2.3315799080627997,True
T21,S1895,0.0,2,500.0,1061.1286944057563,-561.1286944057563,561.1286944057563,112.22573888115126,small,small,1158.4497900203326,658.4497900203326,131.6899580040665,-97.32109561457628,-19.464219122915253,False
T21,S1897,2.0,1,500.0,1083.3769487884865,-583.3769487884865,583.3769487884865,116.67538975769732,small,small,1055.360060632548,555.3600606325481,111.0720121265096,28.01688815593843,5.603377631187712,True
T21,S1898,0.0,5,1000.0,1652.7665745327488,-652.7665745327488,652.7665745327488,65.27665745327488,small,small,1450.0637926222453,450.0637926222453,45.00637926222453,202.70278191050352,20.270278191050352,True
T21,S1903,0.5,1,500.0,656.3504423862503,-156.35044238625028,156.35044238625028,31.270088477250056,small,small,645.8057682206769,145.8057682206769,29.16115364413538,10.544674165573383,2.1089348331146773,True
T21,S1905,0.0,1,500.0,638.0784864711162,-138.0784864711162,138.0784864711162,27.61569729422324,small,small,626.4205869308022,126.42058693080219,25.28411738616044,11.65789954031402,2.3315799080627997,True
T21,S1907,0.0,1,500.0,638.0784864711162,-138.0784864711162,138.0784864711162,27.61569729422324,small,small,626.4205869308022,126.42058693080219,25.28411738616044,11.65789954031402,2.3315799080627997,True
T21,S1911,13.0,2,1000.0,6326.984576504746,-5326.984576504746,5326.984576504746,532.6984576504746,medium,large,5236.205690447383,4236.205690447383,423.62056904473826,1090.7788860573628,109.07788860573629,True
T21,S1914,0.0,2,1000.0,1633.17335200491,-633.1733520049099,633.1733520049099,63.317335200491,small,small,1357.095165229971,357.0951652299709,35.70951652299709,276.078186774939,27.60781867749391,True
T21,S1915,5.0,4,1000.0,4296.417030255067,-3296.4170302550674,3296.4170302550674,329.64170302550673,medium,small,4736.9850117438855,3736.9850117438855,373.6985011743886,-440.5679814888181,-44.05679814888185,False
T21,S1920,0.0,1,500.0,638.0784864711162,-138.0784864711162,138.0784864711162,27.61569729422324,small,small,628.8784892113094,128.87848921130944,25.77569784226189,9.199997259806764,1.8399994519613472,True
T21,S1924,0.0,3,1000.0,1764.6240870455522,-764.6240870455522,764.6240870455522,76.46240870455522,small,small,1596.8433461195268,596.8433461195268,59.684334611952686,167.78074092602537,16.77807409260253,True
T21,S1926,0.0,1,500.0,641.657731584588,-141.65773158458796,141.65773158458796,28.331546316917596,small,small,630.6209944263215,130.62099442632154,26.12419888526431,11.036737158266419,2.207347431653286,True
T21,S1927,1.0,1,500.0,781.220224505556,-281.22022450555596,281.22022450555596,56.24404490111119,small,small,786.9708288584633,286.9708288584633,57.39416577169265,-5.750604352907317,-1.1501208705814605,False
T21,S1929,0.0,3,500.0,1440.8101015481689,-940.8101015481689,940.8101015481689,188.1620203096338,small,small,1708.747932607409,1208.747932607409,241.74958652148183,-267.9378310592401,-53.58756621184804,False
T21,S1932,0.0,2,1000.0,2301.431825126237,-1301.431825126237,1301.431825126237,130.14318251262372,small,small,2691.470679462406,1691.4706794624062,169.1470679462406,-390.03885433616915,-39.00388543361689,False
T21,S1934,0.0,2,1000.0,2388.5844150972257,-1388.5844150972257,1388.5844150972257,138.85844150972258,small,small,2734.910979589464,1734.9109795894642,173.49109795894643,-346.3265644922385,-34.632656449223845,False
T21,S1945,0.0,1,500.0,633.6137877628846,-133.6137877628846,133.6137877628846,26.72275755257692,small,small,623.4903433177857,123.49034331778569,24.698068663557137,10.123444445098926,2.0246888890197816,True
T21,S1946,0.0,1,500.0,633.6137877628846,-133.6137877628846,133.6137877628846,26.72275755257692,small,small,623.4903433177857,123.49034331778569,24.698068663557137,10.123444445098926,2.0246888890197816,True
T21,S1947,0.0,2,500.0,1254.7855063470042,-754.7855063470042,754.7855063470042,150.95710126940085,small,small,1394.833940963778,894.8339409637781,178.96678819275562,-140.04843461677387,-28.009686923354764,False
T21,S1948,0.0,1,500.0,633.6137877628846,-133.6137877628846,133.6137877628846,26.72275755257692,small,small,623.4903433177857,123.49034331778569,24.698068663557137,10.123444445098926,2.0246888890197816,True
T22,S2391,1.0,1,646.4,1318.3413580278966,-671.9413580278966,671.9413580278966,103.9513239523355,small,small,1248.7198343096957,602.3198343096957,93.18066743652471,69.62152371820093,10.770656515810785,True
T22,S2393,8.0,3,11147.5,14739.088563181134,-3591.5885631811343,3591.5885631811343,32.218780562288714,medium,small,14460.881024526869,3313.3810245268687,29.72308611371939,278.2075386542656,2.495694448569324,True
T22,S2394,0.0,1,797.9,1102.8561070371316,-304.9561070371316,304.9561070371316,38.21984046085119,small,small,1055.0582192105899,257.1582192105899,32.22937952257048,47.79788782654168,5.990460938280705,True
T22,S2395,11.0,6,10750.5,10194.129429593211,556.3705704067888,556.3705704067888,5.175299478226955,medium,small,11722.40068064204,971.9006806420402,9.040516074992237,-415.5301102352514,-3.865216596765282,False
T22,S2399,0.0,2,2433.0,5949.740255692371,-3516.7402556923707,3516.7402556923707,144.54337261374314,small,small,6082.993258170544,3649.9932581705443,150.02027366093483,-133.25300247817358,-5.476901047191689,False
T3,S240,14.0,26,15354.0,20702.83911612647,-5348.83911612647,5348.83911612647,34.83677944591943,medium,large,22070.796460888956,6716.796460888956,43.746231997453144,-1367.9573447624862,-8.909452551533711,False
T22,S2402,0.0,6,6017.7,7821.66345151617,-1803.9634515161706,1803.9634515161706,29.977623535838788,small,small,7069.826503773321,1052.126503773321,17.48386432978249,751.8369477428496,12.493759206056296,True
T22,S2403,0.0,3,2877.0,6794.255021094576,-3917.2550210945756,3917.2550210945756,136.15763020836204,small,small,6243.189161526864,3366.189161526864,117.00344669888301,551.0658595677114,19.154183509479026,True
T22,S2404,3.0,1,2374.2,978.1308812748332,1396.0691187251666,1396.0691187251666,58.801664506998854,small,small,948.9269316617418,1425.2730683382579,60.031718824793955,-29.203949613091254,-1.2300543177951013,False
T22,S2406,0.0,1,2009.9,987.3442672148741,1022.555732785126,1022.555732785126,50.875950683373595,small,small,1020.511973200407,989.388026799593,49.22573395689303,33.16770598553296,1.650216726480565,True
T22,S2407,18.0,4,5109.3,13599.90568435576,-8490.60568435576,8490.60568435576,166.17943131849293,medium,large,12562.517854422862,7453.217854422862,145.87551825930873,1037.387829932898,20.303913059184197,True
T22,S2408,0.0,2,9936.5,7200.370709093313,2736.129290906687,2736.129290906687,27.53614744534481,small,small,6599.961481521148,3336.538518478852,33.57860935418761,-600.409227572165,-6.042461908842803,False
T3,S241,10.5,11,7100.3,12174.526774861126,-5074.226774861126,5074.226774861126,71.4649630981948,medium,small,15720.641983752514,8620.341983752514,121.40813745549504,-3546.1152088913886,-49.94317435730024,False
T22,S2410,0.0,2,9957.9,7200.370709093313,2757.5292909066866,2757.5292909066866,27.69187570578823,small,small,6599.961481521148,3357.9385184788516,33.721352077032826,-600.409227572165,-6.029476371244595,False
T22,S2411,3.0,3,1127.0,6869.53585259937,-5742.53585259937,5742.53585259937,509.5417792900949,small,small,6631.585565159674,5504.585565159674,488.428177920113,237.95028743969578,21.113601369981893,True
T22,S2412,3.0,1,802.5,1054.6164004596271,-252.11640045962713,252.11640045962713,31.41637388905011,small,small,1060.7689873924332,258.26898739243325,32.1830513884652,-6.152586932806116,-0.766677499415092,False
T22,S2413,0.0,6,5924.7,6253.84252262199,-329.1425226219899,329.1425226219899,5.55542934869259,small,small,6409.931426680226,485.2314266802259,8.189974626229613,-156.08890405823604,-2.6345452775370237,False
T22,S2414,0.0,1,500.0,1012.1650385387644,-512.1650385387644,512.1650385387644,102.43300770775288,small,small,1026.0418213036457,526.0418213036457,105.20836426072916,-13.87678276488134,-2.7753565529762767,False
T22,S2416,0.0,1,7724.3,1004.9171741558649,6719.382825844135,6719.382825844135,86.99018455839538,small,small,1019.1081312121274,6705.191868787872,86.80646620131108,14.19095705626296,0.1837183570843024,True
T22,S2417,2.0,5,66304.7,7370.135082871008,58934.56491712899,58934.56491712899,88.8844454723858,small,small,6964.471286677315,59340.22871332268,89.49626303010598,-405.6637961936867,-0.6118175577201725,False
T22,S2418,2.0,6,13666.3,7254.26558219036,6412.034417809639,6412.034417809639,46.91858379963589,small,small,6808.1451471907585,6858.154852809241,50.18296724650594,-446.12043499960146,-3.264383446870049,False
T22,S2419,0.0,1,537.6,1102.8561070371316,-565.2561070371315,565.2561070371315,105.14436514827594,small,small,1055.0582192105899,517.4582192105898,96.25338899006508,47.79788782654168,8.890976158210862,True
T3,S242,3.5,7,8075.8,6034.104247455556,2041.695752544444,2041.695752544444,25.281653242334436,small,small,6151.891290763048,1923.9087092369518,23.823134664515614,117.78704330749224,1.4585185778188219,True
T22,S2424,3.0,1,789.0,1206.2468108383614,-417.2468108383614,417.2468108383614,52.88299250169346,small,small,1167.678190198182,378.67819019818194,47.9947009123171,38.56862064017946,4.888291589376358,True
T22,S2425,0.0,1,2223.5,1102.8561070371316,1120.6438929628684,1120.6438929628684,50.39999518609708,small,small,1055.0582192105899,1168.4417807894101,52.54966407867821,-47.79788782654168,-2.1496688925811327,False
T22,S2428,0.0,3,3390.4,2756.1268648685113,634.2731351314887,634.2731351314887,18.707914556733385,small,small,2745.7611221216284,644.6388778783717,19.013652603774528,-10.365742746882916,-0.3057380470411424,False
T3,S243,2.0,5,4339.5,4590.481852923822,-250.98185292382186,250.98185292382186,5.7836583229363265,small,small,5164.872179145856,825.3721791458556,19.01998338854374,-574.3903262220338,-13.236325065607414,False
T22,S2430,0.0,1,791.5,1102.8561070371316,-311.35610703713155,311.35610703713155,39.33747404133058,small,small,1055.0582192105899,263.55821921058987,33.29857475812885,47.79788782654168,6.038899283201729,True
T22,S2432,0.0,5,7292.7,6519.978519565501,772.7214804344985,772.7214804344985,10.595821580957649,small,small,7115.282547613696,177.41745238630392,2.4328088689553105,595.3040280481946,8.163012712002338,True
T22,S2433,0.5,1,1631.6,1174.5919518644757,457.0080481355242,457.0080481355242,28.009809275283416,small,small,1105.4139776881339,526.186022311866,32.24969491982508,-69.17797417634188,-4.2398856445416655,False
T22,S2434,0.0,3,3777.2,7408.865591311804,-3631.665591311804,3631.665591311804,96.1470293156784,small,small,7589.322331611052,3812.122331611052,100.92455606298454,-180.45674029924794,-4.7775267473061405,False
T22,S2436,0.0,1,4452.1,1102.8561070371316,3349.243892962869,3349.243892962869,75.22840666119063,small,small,1055.0582192105899,3397.0417807894105,76.30200985578513,-47.79788782654168,-1.0736031945944973,False
T22,S2437,0.0,1,1054.8,1102.8561070371316,-48.056107037131596,48.056107037131596,4.555944921988206,small,small,1055.0582192105899,0.25821921058991393,0.02448039539153526,47.79788782654168,4.531464526596671,True
T3,S244,9.0,6,9766.4,14553.64570722878,-4787.24570722878,4787.24570722878,49.017506012745535,medium,small,13950.422784337445,4184.022784337445,42.840993450375215,603.2229228913347,6.17651256237032,True
T22,S2446,5.0,2,3339.9,29659.803514715775,-26319.903514715774,26319.903514715774,788.0446574662647,medium,small,30397.753923710006,27057.853923710005,810.1396426153478,-737.9504089942311,-22.094985149083186,False
T22,S2448,3.0,1,783.4,1231.5810070541497,-448.18100705414975,448.18100705414975,57.20972773221212,small,small,1227.5484193092257,444.1484193092257,56.69497310559429,4.032587744924058,0.5147546266178296,True
T22,S2449,11.0,6,5669.1,14575.586022697204,-8906.486022697203,8906.486022697203,157.10581966621163,medium,small,14039.599950413867,8370.499950413867,147.65130180123595,535.9860722833364,9.454517864975685,True
T3,S245,8.0,12,10533.9,25576.892231916878,-15042.992231916878,15042.992231916878,142.8055348153759,medium,small,24256.66303521561,13722.76303521561,130.27238757929743,1320.229196701268,12.533147236078463,True
T22,S2451,0.0,6,24958.4,7945.164309189504,17013.2356908105,17013.2356908105,68.1663716055937,small,small,7420.627110697896,17537.772889302105,70.2680175383923,-524.5371984916055,-2.101645932798604,False
T22,S2454,0.0,3,5623.4,7408.865591311804,-1785.465591311804,1785.465591311804,31.75064180587908,small,small,7589.322331611052,1965.922331611052,34.95967442492179,-180.45674029924794,-3.2090326190427128,False
T22,S2458,0.0,1,632.4,1107.5058076900875,-475.10580769008754,475.10580769008754,75.12742057085508,small,small,1076.024309067072,443.624309067072,70.14932148435673,31.48149862301557,4.9780990864983465,True
T3,S246,20.0,22,11468.2,18186.796609473124,-6718.596609473123,6718.596609473123,58.58457830760819,medium,large,17543.049815919265,6074.849815919264,52.97125805199825,643.7467935538589,5.613320255609942,True
T22,S2460,0.0,3,11392.5,2756.1268648685113,8636.37313513149,8636.37313513149,75.80753245671704,small,small,2758.3826896237783,8634.117310376221,75.78773149331772,2.255824755267895,0.01980096339931947,True
T22,S2464,0.0,7,20732.9,14506.521390164999,6226.378609835003,6226.378609835003,30.03139266496729,small,small,14892.010493754698,5840.889506245303,28.17208160095936,385.4891035896999,1.8593110640079296,True
T22,S2465,0.0,1,514.6,1107.5058076900875,-592.9058076900875,592.9058076900875,115.21683009912309,small,small,1076.024309067072,561.4243090670719,109.09916616149862,31.48149862301557,6.117663937624471,True
T22,S2467,0.0,6,34261.6,15882.701592727504,18378.898407272492,18378.898407272492,53.64284915845289,small,small,17232.6720964272,17028.9279035728,49.702663925715086,1349.970503699693,3.9401852327378037,True
T3,S247,9.5,11,6295.1,15029.433889109556,-8734.333889109555,8734.333889109555,138.7481356786954,medium,small,14432.826271405858,8137.726271405858,129.27080223357623,596.6076177036975,9.477333445119172,True
T22,S2470,0.0,7,32645.4,14489.454815630277,18155.945184369724,18155.945184369724,55.61563094454264,small,small,14892.010493754698,17753.3895062453,54.38251486042536,402.55567812442314,1.2331160841172775,True
T22,S2471,0.0,4,10763.3,13525.759996187262,-2762.4599961872627,2762.4599961872627,25.665548634594064,small,small,12216.504070897456,1453.2040708974564,13.5014732553906,1309.2559252898063,12.164075379203464,True
T22,S2476,0.0,1,644.5,1107.5058076900875,-463.0058076900875,463.0058076900875,71.83953571607255,small,small,1076.024309067072,431.52430906707195,66.95489667448751,31.48149862301557,4.884639041585032,True
T22,S2477,1.0,1,1538.2,1318.8569125140818,219.3430874859182,219.3430874859182,14.25972483980745,small,small,1259.1351131900067,279.06488680999337,18.14230183396134,-59.721799324075164,-3.88257699415389,False
T3,S248,4.5,6,4904.0,9359.453452413556,-4455.453452413556,4455.453452413556,90.85345539179356,medium,small,7984.260340651296,3080.2603406512962,62.811181497783366,1375.1931117622598,28.042273894010194,True
T22,S2480,0.0,4,12581.3,4550.68813096768,8030.611869032319,8030.611869032319,63.82974628243758,small,small,4904.049805804633,7677.250194195366,61.02112018786109,353.36167483695317,2.8086260945764963,True
T22,S2483,1.0,9,91629.9,10416.839236423868,81213.06076357613,81213.06076357613,88.63161562282194,small,small,10847.468240068869,80782.43175993112,88.16165002900922,430.6290036450082,0.4699655938127165,True
T22,S2484,0.0,3,15971.2,2799.5776920907665,13171.622307909234,13171.622307909234,82.47108738171981,small,small,2770.2591405122917,13200.94085948771,82.65465875756179,-29.318551578475308,-0.18357137584197858,False
T22,S2485,0.0,6,11480.5,6496.1424198569,4984.3575801431,4984.3575801431,43.415858021367534,small,small,7049.768998155207,4430.731001844793,38.59353688293013,553.6265782983064,4.8223211384374025,True
T22,S2486,5.0,6,74689.3,16239.545761265863,58449.75423873414,58449.75423873414,78.2571991419576,medium,small,13199.34849085625,61489.95150914375,82.327658056969,-3040.1972704096115,-4.0704589150114,False
T22,S2487,0.0,3,15369.8,7245.686731405991,8124.113268594008,8124.113268594008,52.857638151400856,small,small,7449.671493596993,7920.128506403006,51.530459123755726,203.98476219100212,1.3271790276451298,True
T22,S2488,0.0,8,8124.5,10559.463709082609,-2434.963709082609,2434.963709082609,29.970628458152614,small,small,9726.335476084754,1601.8354760847542,19.716111466364136,833.1282329978549,10.254516991788478,True
T3,S249,10.0,9,8809.2,12408.070270785187,-3598.870270785186,3598.870270785186,40.85354255534198,medium,small,11273.822207156152,2464.6222071561515,27.977820995733456,1134.2480636290347,12.875721559608525,True
T22,S2493,0.0,4,10820.8,12524.60802220943,-1703.8080222094304,1703.8080222094304,15.745675201550998,small,small,11644.561416309583,823.7614163095841,7.612758911629308,880.0466058998463,8.13291628992169,True
T22,S2494,5.0,1,4947.5,1529.00467829586,3418.49532170414,3418.49532170414,69.09540822039698,medium,small,1406.0267088641767,3541.4732911358233,71.58106702649467,-122.97796943168305,-2.485658806097689,False
T22,S2497,0.0,1,500.0,1107.5058076900875,-607.5058076900875,607.5058076900875,121.50116153801751,small,small,1076.024309067072,576.024309067072,115.20486181341438,31.48149862301557,6.296299724603131,True
T3,S250,1.0,8,4415.3,9556.189919954191,-5140.889919954191,5140.889919954191,116.43353611202389,small,small,10123.228125135123,5707.928125135123,129.2761109128513,-567.038205180932,-12.842574800827407,False
T22,S2503,0.0,8,14490.2,17868.392456114765,-3378.1924561147644,3378.1924561147644,23.313635809821566,small,small,18450.688684858666,3960.488684858665,27.332187857025193,-582.2962287439004,-4.018552047203627,False
T22,S2505,0.0,2,1668.9,5964.871706433556,-4295.971706433556,4295.971706433556,257.4133684722606,small,small,6061.860815972688,4392.960815972689,263.22492755543703,-96.98910953913219,-5.811559083176462,False
T22,S2506,0.0,2,1578.0,5964.871706433556,-4386.871706433556,4386.871706433556,278.002009279693,small,small,6061.860815972688,4483.860815972688,284.1483406826799,-96.98910953913219,-6.146331402986846,False
T3,S251,0.0,3,3534.6,4730.160841302285,-1195.560841302285,1195.560841302285,33.82450181922382,small,small,4886.843558221308,1352.243558221308,38.25732920899983,-156.68271691902282,-4.432827389776008,False
T22,S2510,0.0,2,2273.6,5948.503903358762,-3674.903903358762,3674.903903358762,161.6337044052939,small,small,6025.147944814837,3751.5479448148367,165.0047477487173,-76.64404145607477,-3.371043343423395,False
T22,S2512,0.0,1,500.0,1113.197578415849,-613.197578415849,613.197578415849,122.6395156831698,small,small,1076.024309067072,576.024309067072,115.20486181341438,37.17326934877701,7.434653869755422,True
T22,S2513,0.0,1,1510.6,1113.197578415849,397.40242158415094,397.40242158415094,26.307587818360318,small,small,1079.0503576052397,431.5496423947602,28.568094955299895,-34.14722081060927,-2.2605071369395766,False
T22,S2517,0.0,1,2647.9,1121.2621410108286,1526.6378589891715,1526.6378589891715,57.65466441289971,small,small,1079.0503576052397,1568.8496423947604,59.248825197128305,-42.2117834055889,-1.5941607842285919,False
T3,S252,3.0,10,15242.7,15922.940932932528,-680.2409329325274,680.2409329325274,4.4627325403801645,small,small,15734.039066478661,491.33906647866024,3.22343854093212,188.90186645386711,1.2392939994480447,True
T22,S2524,0.0,1,500.0,1121.2621410108286,-621.2621410108286,621.2621410108286,124.2524282021657,small,small,1079.0503576052397,579.0503576052397,115.81007152104794,42.2117834055889,8.442356681117758,True
T3,S253,0.0,13,11122.5,12143.433598786009,-1020.9335987860086,1020.9335987860086,9.178993920305764,small,small,12417.014442224901,1294.5144422249014,11.638700312204103,-273.58084343889277,-2.4597063918983384,False
T3,S254,0.0,3,6196.1,3106.971538917887,3089.1284610821135,3089.1284610821135,49.856013638936,small,small,2853.795181970586,3342.3048180294145,53.94207353059851,-253.17635694730097,-4.086059891662515,False
T3,S255,21.0,18,29661.1,20004.685155841278,9656.41484415872,9656.41484415872,32.5558217468628,medium,large,21453.265181247796,8207.834818752202,27.672051335763687,1448.580025406518,4.8837704110991105,True
T27,S2550,80.0,27,322790.0,53021.27138554207,269768.72861445794,269768.72861445794,83.57406630145232,large,large,45144.282261460205,277645.7177385398,86.01434918632542,-7876.989124081854,-2.440282884873099,False
T27,S2551,92.0,36,115000.0,68794.56846760408,46205.431532395916,46205.431532395916,40.17863611512688,large,large,62937.96714457047,52062.03285542953,45.27133291776481,-5856.60132303361,-5.092696802637931,False
T27,S2552,83.0,50,108145.0,125460.8333247027,-17315.833324702704,17315.833324702704,16.01168183892247,large,large,147048.91739653816,38903.91739653816,35.97384751633285,-21588.08407183546,-19.962165677410383,False
T27,S2553,100.0,51,181412.0,164563.67046297365,16848.32953702635,16848.32953702635,9.287329138660262,large,large,194414.90351206687,13002.90351206687,7.16760937097153,3845.426024959481,2.119719767688732,True
T27,S2554,143.0,65,206097.0,308872.2416448388,-102775.24164483882,102775.24164483882,49.867412744891396,large,large,322249.28449112433,116152.28449112433,56.35806658569719,-13377.042846285505,-6.490653840805791,False
T3,S256,1.0,3,1973.4,3922.750151597023,-1949.350151597023,1949.350151597023,98.78129885461755,small,small,4462.558084545659,2489.1580845456588,126.13550646324407,-539.8079329486359,-27.354207608626524,False
T3,S257,9.0,13,16893.7,16484.442407383733,409.2575926162681,409.2575926162681,2.422545639003108,medium,small,14656.459667549798,2237.240332450203,13.24304523254351,-1827.9827398339348,-10.820499593540402,False
T3,S258,22.0,11,18203.4,16240.84653570033,1962.5534642996718,1962.5534642996718,10.781246713798915,medium,large,14382.679619285615,3820.720380714387,20.989048093841735,-1858.1669164147152,-10.20780138004282,False
T3,S259,16.0,19,7932.7,19556.862424595827,-11624.162424595826,11624.162424595826,146.53475392484057,medium,large,20291.74068099605,12359.040680996048,155.7986647799116,-734.8782564002213,-9.263910855071032,False
T3,S260,29.0,14,10926.5,23489.011772387337,-12562.511772387337,12562.511772387337,114.97288035864493,large,large,21876.522089160793,10950.022089160793,100.21527560665166,1612.489683226544,14.75760475199327,True
T3,S261,40.0,47,26810.0,39446.26007967916,-12636.26007967916,12636.26007967916,47.132637372917415,large,large,45993.57845029958,19183.57845029958,71.55381741999098,-6547.318370620422,-24.421180047073562,False
T26,S2615,14.0,12,24190.7,23812.451546403187,378.2484535968142,378.2484535968142,1.5636110306721764,medium,large,23552.500997359246,638.1990026407548,2.6381998149733357,-259.95054904394055,-1.0745887843011592,False
T26,S2616,16.0,5,13605.8,8783.892226450103,4821.907773549896,4821.907773549896,35.44009006122313,medium,large,8819.74612010036,4786.053879899639,35.17657087344838,35.853893650257305,0.26351918777475447,True
T26,S2617,27.0,10,13830.0,16066.145882969633,-2236.145882969633,2236.145882969633,16.168806095225115,medium,large,15445.63810723651,1615.6381072365093,11.682126588839546,620.5077757331237,4.486679506385569,True
T26,S2618,61.0,22,69263.5,28940.861173926893,40322.638826073104,40322.638826073104,58.21628827026226,large,large,28768.34261146464,40495.15738853536,58.46536399190823,-172.5185624622536,-0.2490757216459656,False
T26,S2619,29.0,15,9859.9,26696.16187797544,-16836.26187797544,16836.26187797544,170.75489485669675,large,large,24924.039955136115,15064.139955136116,152.7818736005042,1772.1219228393256,17.97302125619254,True
T3,S262,25.0,29,12186.9,19873.101582826777,-7686.201582826778,7686.201582826778,63.069374351367266,medium,large,17260.38183467508,5073.481834675082,41.63061840726585,2612.719748151696,21.438755944101416,True
T26,S2620,42.0,17,31037.6,35562.994922485515,-4525.394922485517,4525.394922485517,14.580363567046154,large,large,42172.13006345751,11134.53006345751,35.87432682764618,-6609.135140971994,-21.293963260600023,False
T26,S2621,26.0,15,27372.1,25554.41198108197,1817.6880189180301,1817.6880189180301,6.640659718903666,medium,large,23937.970475088714,3434.1295249112845,12.546094471784352,-1616.4415059932544,-5.905434752880686,False
T26,S2622,16.0,8,105877.0,10233.710274753284,95643.28972524672,95643.28972524672,90.33434053217103,medium,large,10863.376796179993,95013.62320382001,89.73962541800393,629.6665214267123,0.5947151141671014,True
T26,S2623,61.0,15,16636.0,32076.68929290911,-15440.689292909108,15440.689292909108,92.81491520142528,large,large,29828.94103656322,13192.941036563221,79.3035647785719,2247.748256345887,13.511350422853383,True
T26,S2624,39.0,27,19045.8,36115.662008601896,-17069.862008601896,17069.862008601896,89.62533476462998,large,large,39713.97042986266,20668.17042986266,108.5182582504419,-3598.3084212607646,-18.89292348581192,False
T26,S2625,36.0,13,8035.4,28579.269834869792,-20543.869834869794,20543.869834869794,255.6670462561888,large,large,30060.909101036304,22025.509101036303,274.1059449565212,-1481.6392661665086,-18.43889870033243,False
T26,S2626,43.0,15,18614.3,25706.145516197066,-7091.845516197067,7091.845516197067,38.09891060204825,large,large,29653.154142150954,11038.854142150954,59.30308495162835,-3947.0086259538875,-21.2041743495801,False
T26,S2627,70.0,20,16604.2,30375.847636597304,-13771.647636597303,13771.647636597303,82.94074774212129,large,large,29149.774988821635,12545.574988821634,75.55663620542774,1226.0726477756689,7.384111536693553,True
T26,S2628,59.0,19,14798.0,29204.683013718663,-14406.683013718663,14406.683013718663,97.35560895876918,large,large,28384.702219430015,13586.702219430015,91.81444938120026,819.9807942886473,5.541159577568919,True
T26,S2629,67.0,16,13681.5,32743.388510328463,-19061.888510328463,19061.888510328463,139.32601330503573,large,large,30181.98550661086,16500.48550661086,120.60435995037724,2561.4030037176017,18.721653354658486,True
T3,S263,0.0,12,33778.3,11592.01153743758,22186.28846256242,22186.28846256242,65.68207536365779,small,small,12652.194236229465,21126.105763770538,62.54342510952456,1060.182698791883,3.138650254133225,True
T23,S2668,71.0,20,19157.9,59793.02459291923,-40635.12459291923,40635.12459291923,212.10636130744612,large,large,53686.3308054811,34528.4308054811,180.23077062455224,6106.693787438133,31.875590682893886,True
T23,S2669,32.0,9,25531.3,14226.443434784587,11304.856565215412,11304.856565215412,44.27842125240552,large,large,14647.5728878738,10883.7271121262,42.62895783656218,421.1294530892119,1.6494634158433428,True
T23,S2670,28.0,16,64980.3,28708.00843409822,36272.29156590178,36272.29156590178,55.82044337422539,medium,large,28064.622098253443,36915.67790174656,56.81056859039826,-643.3863358447779,-0.9901252161728706,False
T23,S2671,26.0,10,5179.7,15849.638506800957,-10669.938506800958,10669.938506800958,205.9952990868382,medium,large,15481.182986128322,10301.482986128321,198.88184617117443,368.45552067263634,7.113452915663771,True
T23,S2672,21.0,11,9376.4,12730.051102038688,-3353.651102038688,3353.651102038688,35.766937225786954,medium,large,12014.085598972715,2637.6855989727155,28.131112142962284,715.9655030659724,7.63582508282467,True
T23,S2673,22.0,9,26687.6,15136.360503348122,11551.239496651877,11551.239496651877,43.28317082334821,medium,large,15510.100835930572,11177.499164069426,41.882743911289985,373.7403325824507,1.4004269120582222,True
T23,S2674,26.0,12,8242.3,21590.63446553775,-13348.334465537751,13348.334465537751,161.9491460579905,medium,large,21051.98072043821,12809.68072043821,155.41391020028647,538.653745099542,6.535235857704038,True
T23,S2675,0.0,24,19641.3,34281.77899848961,-14640.478998489609,14640.478998489609,74.53925655883069,small,small,39513.17949509347,19871.87949509347,101.1739523101499,-5231.400496603863,-26.634695751319214,False
T23,S2676,0.0,5,8475.1,6740.340374644671,1734.7596253553293,1734.7596253553293,20.468898601259326,small,small,6287.8585843097,2187.2414156903005,25.807853779781954,-452.48179033497127,-5.338955178522628,False
T25,S2732,26.0,12,13866.8,15212.097402595631,-1345.2974025956319,1345.2974025956319,9.701570676692763,medium,large,14366.626490041903,499.8264900419035,3.6044832985397033,845.4709125537283,6.097087378153059,True
T25,S2733,4.0,5,4831.3,6196.341420783494,-1365.0414207834938,1365.0414207834938,28.25412250912785,small,small,5770.350443139965,939.050443139965,19.436806721585597,425.9909776435288,8.817315787542253,True
T25,S2734,4.0,10,24327.6,14190.373651653406,10137.226348346592,10137.226348346592,41.66965236335106,small,small,12697.639272603452,11629.960727396547,47.80562294429597,-1492.7343790499544,-6.135970580944907,False
T25,S2735,67.0,35,76712.4,48819.35539275665,27893.04460724334,27893.04460724334,36.36054224251013,large,large,49551.90292221794,27160.497077782056,35.40561509975188,732.5475294612843,0.9549271427582511,True
T25,S2736,64.0,25,85749.0,39312.24176608374,46436.75823391626,46436.75823391626,54.154285453960114,large,large,39640.400051817145,46108.599948182855,53.77158911262272,328.15828573340696,0.38269634133739316,True
T25,S2737,3.0,49,77416.3,57476.5512431697,19939.748756830304,19939.748756830304,25.75652512045952,small,small,59172.05275357893,18244.247246421073,23.56641591812199,1695.5015104092308,2.1901092023375313,True
T25,S2738,5.0,12,22793.3,13575.859609188296,9217.440390811704,9217.440390811704,40.43925360001274,medium,small,13383.653514697211,9409.646485302788,41.28251058557905,-192.2060944910845,-0.8432569855663061,False
T25,S2739,29.0,24,167940.0,49833.019525759446,118106.98047424055,118106.98047424055,70.3268908385379,large,large,50785.69833959104,117154.30166040896,69.75961751840477,952.6788138315897,0.5672733201331397,True
T25,S2740,6.0,29,168956.0,36517.20760998749,132438.7923900125,132438.7923900125,78.38655767774598,medium,small,40415.46756276501,128540.532437235,76.07929427616361,3898.259952777502,2.307263401582375,True
T25,S2741,0.0,15,139474.0,13217.909784843072,126256.09021515693,126256.09021515693,90.52302953608337,small,small,14236.256592258329,125237.74340774167,89.79289574239046,1018.3468074152624,0.7301337936929144,True
T25,S2742,0.0,20,15798.8,40173.577967458834,-24374.777967458835,24374.777967458835,154.2824642850016,small,small,50059.58372993036,34260.783729930365,216.85687349628054,-9886.00576247153,-62.57440921127895,False
T25,S2743,0.0,26,58824.1,38257.83246507652,20566.267534923478,20566.267534923478,34.96231567490787,small,small,48411.82961465396,10412.27038534604,17.700687958415074,10153.997149577437,17.261627716492796,True
T25,S2744,0.0,32,36236.8,36991.90206148499,-755.102061484984,755.102061484984,2.0837989598556823,small,small,37417.49038029115,1180.6903802911474,3.258263368429738,-425.58831880616344,-1.1744644085740559,False
T25,S2745,0.0,34,115018.0,53007.616602555216,62010.383397444784,62010.383397444784,53.91363386378201,small,small,54247.68665377464,60770.31334622536,52.835480834500125,1240.0700512194235,1.0781530292818857,True
T25,S2746,0.0,42,43917.6,34627.476852868305,9290.123147131693,9290.123147131693,21.15353103797041,small,small,37407.70305861774,6509.896941382256,14.822979719707488,2780.226205749437,6.330551318262922,True
T25,S2747,0.0,24,16507.9,36203.338808580105,-19695.438808580104,19695.438808580104,119.30917202418298,small,small,49284.83963487235,32776.939634872346,198.55305420357735,-13081.500826292242,-79.24388217939436,False
T24,S2863,3.0,5,7719.6,8516.675979300417,-797.0759793004163,797.0759793004163,10.325353377123378,small,small,11702.730504656582,3983.1305046565813,51.59762817576793,-3186.054525356165,-41.27227479864455,False
T24,S2865,0.0,5,7712.3,14678.010970550313,-6965.710970550313,6965.710970550313,90.31950223085606,small,small,18720.26652431002,11007.96652431002,142.7326027814014,-4042.255553759708,-52.41310055054534,False
T24,S2866,8.0,7,3369.6,17034.167474758146,-13664.567474758145,13664.567474758145,405.5249131872669,medium,small,19627.77810229351,16258.178102293508,482.49578888572853,-2593.610627535363,-76.97087569846161,False
T24,S2867,24.0,4,9787.1,15118.093789168557,-5330.993789168557,5330.993789168557,54.469595581618215,medium,large,12668.85432396269,2881.7543239626903,29.444414831387135,2449.2394652058665,25.02518075023108,True
T24,S2868,14.0,7,109885.0,12724.745025289249,97160.25497471076,97160.25497471076,88.41994355436206,medium,large,14072.466666488714,95812.53333351128,87.19345982937733,1347.721641199474,1.2264837249847318,True
T24,S2869,23.0,12,24892.4,69327.00914459385,-44434.609144593844,44434.609144593844,178.50672954232553,medium,large,61988.170279905244,37095.77027990524,149.02448249226768,7338.8388646886015,29.48224705005785,True
T24,S2870,0.0,12,18228.7,63211.81444253522,-44983.114442535225,44983.114442535225,246.77083084660575,small,small,51911.02672521072,33682.32672521072,184.7763511671744,11300.787717324507,61.99447967943135,True
T24,S2871,12.0,11,3781.8,41154.11852161548,-37372.318521615474,37372.318521615474,988.2150965576042,medium,small,39834.57979764018,36052.77979764018,953.3232798572155,1319.5387239752963,34.89181670038863,True
T24,S2872,31.0,11,47084.6,31184.44788404331,15900.152115956687,15900.152115956687,33.76932609803776,large,large,32803.09017157491,14281.509828425085,30.331594254650323,1618.642287531602,3.4377318433874358,True
T24,S2873,14.0,3,1900.7,13436.025035733086,-11535.325035733085,11535.325035733085,606.8987760158407,medium,large,12550.06434908079,10649.36434908079,560.2864391582465,885.9606866522954,46.61233685759419,True
T24,S2874,12.0,3,42815.8,7429.269179506314,35386.53082049369,35386.53082049369,82.64829997452736,medium,small,6576.384787926865,36239.41521207314,84.64028515658504,-852.8843915794496,-1.9919851820576753,False
T24,S2875,0.0,11,47130.7,32598.32849631653,14532.371503683466,14532.371503683466,30.834194068162507,small,small,36461.23551780685,10669.46448219315,22.638035255561984,3862.907021490315,8.196158812600522,True
T24,S2876,13.0,26,130061.0,118160.64346451797,11900.356535482031,11900.356535482031,9.14982703153292,medium,large,130377.93482530088,316.9348253008793,0.24368167652169315,11583.421710181152,8.906145355011228,True
T24,S2877,9.0,2,8268.0,7002.22994551567,1265.77005448433,1265.77005448433,15.309265293714686,medium,small,5649.591456216137,2618.408543783863,31.66918896690691,-1352.638489299533,-16.35992367319222,False
T24,S2878,9.0,3,5058.3,8789.1945298914,-3730.8945298913995,3730.8945298913995,73.75787378944308,medium,small,6822.378308635623,1764.0783086356232,34.87492455243111,1966.8162212557763,38.88294923701197,True
T24,S2879,2.0,15,16533.7,87673.906572286,-71140.206572286,71140.206572286,430.2739651275032,small,small,65834.70261295782,49301.00261295782,298.18493508989405,21839.20395932818,132.08903003760912,True
T24,S2880,13.0,11,27000.7,47188.392160255935,-20187.692160255934,20187.692160255934,74.76729181190093,medium,large,43014.31246599599,16013.612465995986,59.308138181587836,4174.079694259948,15.459153630313097,True
T24,S2881,45.0,20,60757.8,94804.46549707942,-34046.66549707942,34046.66549707942,56.03669898692747,large,large,77710.81762983133,16953.01762983133,27.90261930127709,17093.647867248088,28.13407968565038,True
T24,S2882,0.0,5,11166.0,25803.486196423088,-14637.486196423088,14637.486196423088,131.08979219436762,small,small,22039.253113185296,10873.253113185296,97.37822956461845,3764.233083237792,33.71156262974917,True
T24,S2883,48.0,20,347037.0,40444.541308186796,306592.4586918132,306592.4586918132,88.34575526292967,large,large,46357.30417273054,300679.69582726946,86.64197069109906,5912.762864543765,1.7037845718306102,True
T24,S2885,21.0,27,460349.0,104688.04041310359,355660.9595868964,355660.9595868964,77.25898385505266,medium,large,111177.09264851303,349171.90735148697,75.84938977851303,6489.052235409443,1.4095940765396335,True
T24,S2886,4.0,2,5332.1,13613.747344053407,-8281.647344053406,8281.647344053406,155.31680471209103,small,small,12558.282215450912,7226.182215450912,135.5222560614188,1055.4651286024946,19.794548650672226,True
T24,S2887,18.0,26,45037.9,78073.04012430209,-33035.14012430209,33035.14012430209,73.34964579676692,medium,large,61202.8317999401,16164.931799940096,35.89184175980695,16870.208324361993,37.45780403695997,True
T24,S2888,26.0,3,22663.5,10735.870951990326,11927.629048009674,11927.629048009674,52.62924547404273,medium,large,7024.776655300013,15638.723344699987,69.0040079630242,-3711.094296690313,-16.37476248898146,False
T24,S2889,8.0,5,13557.4,11077.73950820563,2479.6604917943696,2479.6604917943696,18.290088747063376,medium,small,10953.267874871985,2604.132125128015,19.208197184770054,-124.47163333364551,-0.9181084377066782,False
T28,S3205,74.6,22,135441.0,64867.73210826814,70573.26789173187,70573.26789173187,52.10628088372935,large,large,65438.50870690088,70002.49129309913,51.684860044668255,570.7765986327431,0.42142083906109207,True
T28,S3206,140.0,30,161498.0,95493.33684899507,66004.66315100493,66004.66315100493,40.87026659835102,large,large,66195.96820624408,95302.03179375592,59.01127679213112,-29297.368642750982,-18.141010193780097,False
T28,S3207,39.0,9,6868.7,25816.829107671347,-18948.129107671346,18948.129107671346,275.861940507976,large,large,18485.137083663554,11616.437083663553,169.12133422137455,7331.6920240077925,106.74060628660143,True
T28,S3208,122.0,23,31372.5,77309.66271082633,-45937.162710826335,45937.162710826335,146.42493492971977,large,large,71769.3643523736,40396.864352373595,128.7652063188257,5540.298358452739,17.659728610894064,True
T28,S3209,74.80000000000001,23,29911.3,50228.633202641664,-20317.333202641665,20317.333202641665,67.92527640938931,large,large,56449.842570953246,26538.542570953246,88.72413626607084,-6221.209368311582,-20.79885985668153,False
T28,S3210,73.0,16,36571.6,55675.014583837285,-19103.414583837286,19103.414583837286,52.23565439805009,large,large,51534.884601436745,14963.284601436746,40.91503954280575,4140.12998240054,11.320614855244337,True
T28,S3211,235.59999999999997,67,562235.0,322283.88771355175,239951.11228644825,239951.11228644825,42.67808163605045,large,large,280993.28280186676,281241.71719813324,50.02209346592319,-41290.60491168499,-7.344011829872741,False
T28,S3212,136.5,30,106895.0,100776.32604213191,6118.673957868086,6118.673957868086,5.724003889674996,large,large,108877.49555797389,1982.495557973889,1.854619540646325,4136.178399894197,3.8693843490286706,True
T28,S3213,127.0,26,24287.8,83051.61904063544,-58763.81904063544,58763.81904063544,241.94788758403578,large,large,66639.80341461705,42352.00341461705,174.37562650638202,16411.81562601839,67.57226107765376,True
T28,S3214,58.0,13,7514.5,46170.70269284912,-38656.20269284912,38656.20269284912,514.421487695111,large,large,40551.73171976438,33037.23171976438,439.64643981321944,5618.970973084739,74.77504788189151,True
T28,S3215,70.85,16,25287.5,64042.48681935424,-38754.98681935424,38754.98681935424,153.2574861862748,large,large,58630.177476281766,33342.677476281766,131.85438448356607,5412.309343072477,21.40310170270874,True
T28,S3216,182.25,30,300013.0,106791.6461556308,193221.35384436918,193221.35384436918,64.404327093949,large,large,119398.06224306118,180614.9377569388,60.20237048292534,12606.416087430378,4.201956611023654,True
T28,S3217,108.0,18,20824.8,55782.870404162655,-34958.07040416266,34958.07040416266,167.86749646653348,large,large,34112.31616474289,13287.516164742894,63.806212615453184,21670.554239419766,104.0612838510803,True
T28,S3218,29.0,9,17342.5,23465.645139890687,-6123.145139890687,6123.145139890687,35.307165286957975,large,large,19711.899252150022,2369.399252150022,13.662385769929491,3753.7458877406643,21.644779517028482,True
T28,S3219,141.75,34,73080.7,98713.2385026447,-25632.538502644704,25632.538502644704,35.07429253228924,large,large,114454.92060840745,41374.22060840746,56.61442844472953,-15741.682105762753,-21.54013591244029,False
T28,S3220,54.75,23,75504.5,63104.022921368625,12400.477078631375,12400.477078631375,16.423494068077233,large,large,62615.55546047679,12888.94453952321,17.070432278239327,-488.4674608918358,-0.6469382101620944,False
T28,S3221,160.0,27,96847.5,95610.53922215781,1236.9607778421923,1236.9607778421923,1.2772253056012726,large,large,107445.33373551242,10597.833735512424,10.942805684723327,-9360.872957670232,-9.665580379122055,False
T28,S3222,124.35,33,70493.2,120689.84938715301,-50196.64938715301,50196.64938715301,71.20778938557622,large,large,128395.70195078015,57902.50195078015,82.13913108041649,-7705.852563627137,-10.93134169484027,False
T28,S3223,151.25,34,87655.4,99857.2567973952,-12201.856797395201,12201.856797395201,13.920256820909154,large,large,113320.43212647225,25665.03212647226,29.27946495763211,-13463.175329077058,-15.359208136722957,False
T28,S3224,25.35,15,35639.7,24292.42455561853,11347.275444381467,11347.275444381467,31.838863526857597,medium,large,23580.97243631254,12058.727563687458,33.83509839781889,-711.4521193059918,-1.9962348709612918,False
T28,S3225,189.0,40,104610.0,108151.80395368408,-3541.8039536840806,3541.8039536840806,3.3857221620151803,large,large,105927.33488115441,1317.3348811544129,1.2592819817937224,2224.4690725296678,2.126440180221458,True
T28,S3226,4.0,1,500.0,748.080737177149,-248.080737177149,248.080737177149,49.616147435429795,small,small,775.4336803739423,275.43368037394225,55.08673607478845,-27.352943196793262,-5.4705886393586525,False
T28,S3227,104.2,28,65612.9,75032.35598452167,-9419.455984521672,9419.455984521672,14.35610373039703,large,large,72579.25449580974,6966.354495809748,10.617354964968397,2453.1014887119236,3.7387487654286318,True
T28,S3228,67.85,24,38756.3,55270.83089016708,-16514.53089016708,16514.53089016708,42.61121647362385,large,large,49310.55247603477,10554.252476034766,27.232353129774424,5960.278414132314,15.378863343849424,True
T28,S3229,87.6,34,90616.4,63262.614242466174,27353.78575753382,27353.78575753382,30.186352313194764,large,large,60171.03676347444,30445.363236525554,33.59807191250762,-3091.577478991734,-3.411719599312857,False
T28,S3230,129.1,25,60444.8,94760.26112769177,-34315.46112769177,34315.46112769177,56.77156865055682,large,large,89963.76038113084,29518.960381130833,48.83622806449989,4796.500746560938,7.935340586056931,True
T28,S3231,165.5,41,95961.5,125792.73574713028,-29831.235747130282,29831.235747130282,31.086670953591057,large,large,130402.07875330956,34440.57875330956,35.889996251944325,-4609.343006179275,-4.803325298353268,False
T28,S3232,98.9,27,41075.1,88124.44970575957,-47049.349705759574,47049.349705759574,114.54469911396339,large,large,77857.33745183983,36782.237451839836,89.54874717734062,10267.112253919739,24.995951936622774,True
T28,S3233,63.0,15,50681.1,58357.13858652552,-7676.038586525523,7676.038586525523,15.145761608421134,large,large,59122.77055403696,8441.670554036958,16.65644698721409,-765.6319675114355,-1.5106853787929548,False
T28,S3234,148.0,44,55688.1,112903.38174110056,-57215.28174110056,57215.28174110056,102.74238435339069,large,large,126066.80374344699,70378.703743447,126.38014897877106,-13163.422002346437,-23.63776462538037,False
T28,S3235,78.7,31,68347.9,78136.743613379,-9788.84361337901,9788.84361337901,14.322083946074438,large,large,73099.79671662496,4751.896716624964,6.952513122751341,5036.946896754045,7.369570823323096,True
T28,S3236,177.2,35,109636.0,101650.44561734043,7985.554382659568,7985.554382659568,7.283697309879572,large,large,96115.5183765433,13520.481623456697,12.33215515292121,-5534.927240797129,-5.048457843041638,False
T28,S3237,164.5,46,232294.0,113460.66120514573,118833.33879485427,118833.33879485427,51.15643916539139,large,large,115163.48055170116,117130.51944829884,50.42339425396215,1702.8193465554214,0.7330449114292392,True
T28,S3239,72.1,21,67502.8,59181.247266363476,8321.552733636527,8321.552733636527,12.327714900176773,large,large,47432.71994469074,20070.080055309263,29.73221859731635,-11748.527321672736,-17.404503697139578,False
T28,S3240,108.7,23,31160.1,56851.85867271651,-25691.75867271651,25691.75867271651,82.45082227822283,large,large,42377.45049168487,11217.350491684869,35.99908373748759,14474.408181031642,46.45173854073524,True
T28,S3241,41.0,7,72027.3,13738.280730099154,58289.01926990085,58289.01926990085,80.92628665783785,large,large,14722.602059535204,57304.6979404648,79.55969186747913,984.3213294360467,1.3665947903587181,True
T28,S3242,15.0,6,9447.4,6572.711317615039,2874.688682384961,2874.688682384961,30.428357880315865,medium,large,7284.06931998668,2163.3306800133196,22.89868831650316,711.3580023716413,7.529669563812703,True
T28,S3243,119.0,34,73191.2,75920.25843534908,-2729.058435349085,2729.058435349085,3.7286701616438656,large,large,54763.07149121444,18428.128508785558,25.17806581772885,-15699.070073436473,-21.449395656084985,False
T28,S3244,70.0,8,2500.0,28663.217335012,-26163.217335012,26163.217335012,1046.52869340048,large,large,28899.685353541794,26399.685353541794,1055.9874141416717,-236.4680185297948,-9.458720741191655,False
T28,S3245,11.0,4,222351.0,6349.961102616043,216001.03889738396,216001.03889738396,97.14417245588459,medium,small,5747.827237900606,216603.1727620994,97.41497576448921,-602.1338647154334,-0.2708033086046271,False
T28,S3246,18.0,4,500.9,4025.9132809456873,-3525.0132809456873,3525.0132809456873,703.7359315124152,medium,large,3501.1728664498614,3000.2728664498613,598.9764157416373,524.7404144958259,104.75951577077785,True
T28,S3247,14.0,10,42885.2,9217.962186221612,33667.23781377838,33667.23781377838,78.50549330253416,medium,large,8927.98232290333,33957.21767709667,79.18167031306062,-289.97986331828724,-0.6761770105264588,False
T28,S3248,2.0,1,13779.1,1076.579172543322,12702.520827456678,12702.520827456678,92.18686871752638,small,small,1063.1931230332034,12715.906876966797,92.28401620546187,-13.386049510119847,-0.09714748793548722,False
T28,S3249,76.0,21,71070.7,69281.61815107557,1789.0818489244266,1789.0818489244266,2.5173268997272107,large,large,59662.79869745423,11407.901302545768,16.051482963507844,-9618.819453621341,-13.534156063780634,False
T28,S3250,4.0,1,20100.5,696.6813768270723,19403.818623172927,19403.818623172927,96.53400971703653,small,small,701.7562299342551,19398.743770065747,96.50876231967239,5.074853107180388,0.025247397364140056,True
T28,S3251,72.0,24,50112.4,50028.14062429746,84.25937570253882,84.25937570253882,0.16814077095197758,large,large,49671.05749641234,441.3425035876644,0.8807051819263584,-357.0831278851256,-0.7125644109743808,False
T28,S3252,25.0,11,19553.8,24595.800259294607,-5042.0002592946075,5042.0002592946075,25.78527068546578,medium,large,21079.21493298983,1525.4149329898319,7.80111759857333,3516.5853263047757,17.984153086892448,True
T28,S3253,82.0,12,153362.0,49541.93559196864,103820.06440803135,103820.06440803135,67.69608143349157,large,large,42329.724092742545,111032.27590725746,72.39881842128915,-7212.211499226105,-4.702736987797579,False
T28,S3254,54.0,18,65094.5,40662.26328057593,24432.236719424072,24432.236719424072,37.53348857341876,large,large,42227.166522837906,22867.333477162094,35.12944024020784,1564.9032422619784,2.404048333210916,True
T28,S3255,84.5,24,64529.8,67406.55378959376,-2876.7537895937567,2876.7537895937567,4.458023718644342,large,large,54158.51229229043,10371.287707709576,16.072090271021413,-7494.53391811582,-11.614066552377071,False
T28,S3256,139.0,11,13417.9,13658.083740013157,-240.18374001315715,240.18374001315715,1.7900248176924642,large,large,25827.625091890535,12409.725091890536,92.48634355518028,-12169.541351877378,-90.69631873748781,False
T28,S3257,94.0,24,38548.5,76495.62398714713,-37947.12398714713,37947.12398714713,98.4399496404455,large,large,56855.595142706254,18307.095142706254,47.49107006162692,19640.02884444088,50.948879578818584,True
T28,S3258,68.3,16,21764.0,20706.100147519708,1057.8998524802919,1057.8998524802919,4.86077859070158,large,large,18794.753952945455,2969.2460470545448,13.642924311039078,-1911.3461945742529,-8.782145720337498,False
T28,S3259,51.0,27,43661.1,24672.881141407866,18988.218858592132,18988.218858592132,43.49001481545846,large,large,18192.012988648046,25469.087011351952,58.33358988058467,-6480.86815275982,-14.84357506512621,False
T28,S3260,31.5,12,26959.0,11696.31421867679,15262.68578132321,15262.68578132321,56.61443592612193,large,large,12142.845171539015,14816.154828460985,54.95810240906928,446.5309528622256,1.6563335170526514,True
T28,S3261,148.2,30,146809.0,85866.38085500439,60942.61914499561,60942.61914499561,41.511500756081446,large,large,82618.9749173955,64190.025082604494,43.72349452867637,-3247.4059376088844,-2.211993772594923,False
T28,S3262,0.0,3,4528.0,6838.463256456534,-2310.4632564565336,2310.4632564565336,51.02613198888104,small,small,6511.746902459635,1983.7469024596348,43.810664806970735,326.71635399689876,7.215467181910306,True
T28,S3263,23.0,12,25053.3,8887.071704018377,16166.228295981622,16166.228295981622,64.52734089314231,medium,large,7467.3215765529185,17585.97842344708,70.1942595324651,-1419.750127465457,-5.6669186393227875,False
T28,S3264,35.0,10,24125.4,12467.165329234973,11658.234670765029,11658.234670765029,48.32348757228907,large,large,14258.607304086187,9866.792695913815,40.897944473102264,1791.4419748512137,7.425543099186804,True
T28,S3265,0.0,8,8500.6,10389.397087252353,-1888.7970872523529,1888.7970872523529,22.219573762467977,small,small,10051.541816769894,1550.9418167698932,18.245086426486285,337.8552704824597,3.974487335981692,True
T28,S3266,11.0,5,2378.0,11418.679538216435,-9040.679538216435,9040.679538216435,380.1799637601528,medium,small,10328.047552898768,7950.047552898768,334.31654974343013,1090.6319853176665,45.863414016722686,True
T28,S3267,38.5,7,28973.5,9015.208081407172,19958.291918592826,19958.291918592826,68.88464258233498,large,large,8466.62383174486,20506.87616825514,70.77804258462092,-548.5842496623154,-1.8934000022859436,False
T28,S3268,4.0,11,12354.8,9260.688284328891,3094.111715671108,3094.111715671108,25.043802535622657,small,small,11134.213001968776,1220.5869980312236,9.879455742150611,1873.5247176398843,15.164346793472046,True
T28,S3269,64.0,5,27187.0,3006.7260506402627,24180.273949359736,24180.273949359736,88.9405743530354,large,large,2360.9583546783533,24826.041645321646,91.3158555387562,-645.7676959619093,-2.3752811857207945,False
T28,S3270,21.0,3,8616.3,6523.0609141787445,2093.239085821255,2093.239085821255,24.293943871746052,medium,large,6572.368362270721,2043.931637729278,23.721686080211672,49.30744809197677,0.5722577915343798,True
T28,S3271,29.0,10,200662.0,8571.31324363425,192090.68675636576,192090.68675636576,95.72848210242385,large,large,8976.726176578668,191685.27382342133,95.52644438081018,405.41293294442585,0.20203772161367795,True
T28,S3272,7.0,3,2548.8,6437.235951099415,-3888.4359510994145,3888.4359510994145,152.55947705192304,medium,small,6495.5190687866425,3946.7190687866423,154.8461655989737,-58.28311768722779,-2.286688547050659,False
T28,S3273,145.0,20,435239.0,77285.61223830105,357953.3877616989,357953.3877616989,82.24294876187541,large,large,38626.959516771356,396612.04048322863,91.12511527763564,-38658.65272152971,-8.882166515760233,False
T28,S3274,8.0,2,1032.8,3044.5432235920484,-2011.7432235920485,2011.7432235920485,194.78536247018286,medium,small,2945.0255428003575,1912.2255428003575,185.14964589468994,99.51768079169096,9.635716575492921,True
T28,S3275,4.0,2,5949.4,4397.436044246441,1551.9639557535584,1551.9639557535584,26.086058354683807,small,small,4565.585837732196,1383.814162267804,23.25972639707877,168.14979348575434,2.8263319576050385,True
T28,S3276,6.0,2,3284.2,2875.065106053655,409.1348939463446,409.1348939463446,12.457672917189717,medium,small,2976.1699042682867,308.0300957317131,9.379151566034746,101.1047982146315,3.0785213511549703,True
T28,S3277,156.6,48,135394.0,71573.04013533903,63820.95986466097,63820.95986466097,47.13721425222755,large,large,52573.60993302928,82820.39006697072,61.169911566960664,-18999.430202309755,-14.032697314733113,False
T28,S3278,14.0,6,4658.2,4888.76731546419,-230.56731546418996,230.56731546418996,4.94970837371066,medium,large,4856.219964479944,198.01996447994406,4.250997477135891,32.547350984245895,0.6987108965747693,True
T28,S3279,158.25,28,143665.0,61536.995755596334,82128.00424440367,82128.00424440367,57.16632738969385,large,large,41021.76067139387,102643.23932860613,71.44623904820668,-20515.23508420246,-14.27991165851283,False
T28,S3280,10.0,5,2160.3,8999.795694916316,-6839.495694916316,6839.495694916316,316.59934707755014,medium,small,8195.690710211291,6035.390710211291,279.37743416244456,804.1049847050253,37.22191291510558,True
T28,S3282,0.0,3,500.0,5660.394084057606,-5160.394084057606,5160.394084057606,1032.0788168115212,small,small,5333.457587026478,4833.457587026478,966.6915174052956,326.93649703112806,65.38729940622557,True
T28,S3283,42.0,11,20389.5,5604.56842739723,14784.93157260277,14784.93157260277,72.51247736630506,large,large,5613.872024244837,14775.627975755164,72.46684801370884,9.303596847606968,0.04562935259622236,True
T28,S3284,9.0,25,136511.0,34694.89842922999,101816.10157077001,101816.10157077001,74.58454012553568,medium,small,31230.735951231585,105280.26404876841,77.12218359602406,-3464.1624779983977,-2.5376434704883764,False
T29,S3291,5.0,5,7273.3,3922.0900174974645,3351.2099825025357,3351.2099825025357,46.075508813090835,medium,small,4610.686630810433,2662.6133691895675,36.608050942344846,688.5966133129682,9.467457870745989,True
T29,S3292,28.0,13,26280.2,9880.05782126588,16400.14217873412,16400.14217873412,62.404936715603846,medium,large,9558.715330007832,16721.48466999217,63.6276918364098,-321.34249125804854,-1.2227551208059566,False
T30,S3359,16.0,6,4454.7,7191.580281338904,-2736.880281338904,2736.880281338904,61.4380380573081,medium,large,7862.163584296757,3407.4635842967573,76.49142667961384,-670.5833029578534,-15.05338862230574,False
T30,S3360,10.0,9,13883.1,20288.125195120796,-6405.025195120796,6405.025195120796,46.13541064402616,medium,small,19112.196923011285,5229.096923011284,37.665196699665664,1175.9282721095115,8.470213944360495,True
T30,S3361,8.0,8,10586.8,11918.26258069799,-1331.4625806979911,1331.4625806979911,12.576629205217735,medium,small,13954.280707916978,3367.4807079169786,31.808296254930468,-2036.0181272189875,-19.231667049712733,False
T30,S3362,39.0,22,41297.5,33815.68977317479,7481.810226825211,7481.810226825211,18.116859923300954,large,large,30193.439855564593,11104.060144435407,26.887971776585523,-3622.2499176101956,-8.77111185328457,False
T30,S3363,36.0,17,24866.1,36947.8012542068,-12081.701254206804,12081.701254206804,48.587037188006185,large,large,35421.416731757185,10555.316731757186,42.44862174509548,1526.384522449618,6.138415442910706,True
T30,S3364,37.0,24,31054.9,35245.74395511646,-4190.843955116456,4190.843955116456,13.494952342839472,large,large,32015.509051018784,960.6090510187823,3.0932608091437497,3230.2349040976733,10.401691533695722,True
T30,S3365,5.0,9,6834.3,23217.839274137586,-16383.539274137587,16383.539274137587,239.72519898362066,medium,small,18755.043796200796,11920.743796200797,174.4252344234347,4462.79547793679,65.29996456018597,True
T30,S3366,8.0,5,1281.1,4081.8249015104784,-2800.7249015104785,2800.7249015104785,218.61875743583474,medium,small,4382.382197193152,3101.282197193152,242.07963446984252,-300.5572956826736,-23.46087703400778,False
T30,S3367,39.0,17,14633.0,19512.841193910248,-4879.841193910248,4879.841193910248,33.34819376689844,large,large,19894.614519942163,5261.614519942163,35.95718253223647,-381.7733260319146,-2.608988765338033,False
T30,S3368,37.0,12,19057.4,28178.258573887448,-9120.858573887446,9120.858573887446,47.859931438115616,large,large,25224.818089874912,6167.418089874911,32.36232691697142,2953.4404840125353,15.497604521144197,True
T30,S3369,43.0,14,9137.4,32518.702097219048,-23381.30209721905,23381.30209721905,255.88572347953522,large,large,29005.863594248323,19868.463594248322,217.44110572206887,3512.838502970728,38.44461775746635,True
T30,S3370,26.0,12,7102.7,27562.876458198964,-20460.176458198963,20460.176458198963,288.0619547242452,medium,large,25402.36720071978,18299.667200719778,257.6438143342641,2160.509257479185,30.41814038998109,True
T30,S3371,22.0,9,11296.6,9796.199674063813,1500.400325936187,1500.400325936187,13.281875307049795,medium,large,10670.041264623305,626.558735376695,5.546436408978764,873.841590559492,7.735438898071031,True
T30,S3372,8.0,5,10697.3,6068.117632368709,4629.182367631291,4629.182367631291,43.27430629814337,medium,small,5870.388069649075,4826.911930350924,45.12271255691552,-197.72956271963358,-1.848406258772151,False
T30,S3373,5.0,2,2022.1,2910.1202560348183,-888.0202560348184,888.0202560348184,43.915743832392984,medium,small,2853.348975969466,831.2489759694663,41.10820315362575,56.77128006535213,2.807540678767232,True
T30,S3375,6.0,2,1876.7,4650.12114180687,-2773.42114180687,2773.42114180687,147.78180539281024,medium,small,4803.858410170958,2927.1584101709586,155.97369905530763,-153.73726836408878,-8.191893662497392,False
T31,S3430,0.0,1,1536.2,2802.5068278337967,-1266.3068278337967,1266.3068278337967,82.43111755199823,small,small,2834.765083090251,1298.5650830902512,84.53099095757396,-32.258255256454504,-2.0998734055757353,False
T31,S3431,0.0,2,3542.8,2344.840265885848,1197.959734114152,1197.959734114152,33.81392497781845,small,small,2412.9868719658793,1129.8131280341208,31.890401039689532,68.14660608003123,1.9235239381289198,True
T31,S3432,0.0,2,1422.6,2344.840265885848,-922.2402658858482,922.2402658858482,64.82779881103953,small,small,2412.9868719658793,990.3868719658794,69.61808463137069,-68.14660608003123,-4.790285820331164,False
T31,S3433,0.0,10,21074.3,28271.08550830542,-7196.78550830542,7196.78550830542,34.14958270645013,small,small,26772.616421003062,5698.316421003063,27.03917293102529,1498.4690873023574,7.110409775424841,True
T31,S3434,0.0,7,3850.0,19802.164482275122,-15952.164482275122,15952.164482275122,414.3419346045486,small,small,14291.02099938434,10441.02099938434,271.1953506333595,5511.143482890782,143.1465839711891,True
T31,S3435,0.0,1,775.4,2767.1886614758514,-1991.7886614758513,1991.7886614758513,256.87240926951915,small,small,2779.0753559093887,2003.6753559093886,258.40538507987986,-11.886694433537286,-1.5329758103607105,False
T31,S3436,0.0,9,9103.5,29408.40374671177,-20304.90374671177,20304.90374671177,223.0450238557892,small,small,28011.073158724674,18907.573158724674,207.6956462758793,1397.3305879870968,15.349377579909884,True
T31,S3437,0.0,25,18484.8,39613.36064405843,-21128.560644058434,21128.560644058434,114.3023491953304,small,small,39580.23235070204,21095.43235070204,114.12313008905718,33.12829335639253,0.1792191062732087,True
T31,S3438,0.0,18,19368.2,35689.677226430096,-16321.477226430095,16321.477226430095,84.2694583204949,small,small,36445.669060661385,17077.469060661384,88.1727215779545,-755.9918342312885,-3.9032632574595993,False
T31,S3439,0.0,6,7726.7,15689.84587850288,-7963.14587850288,7963.14587850288,103.06011464794646,small,small,16337.217996694237,8610.517996694238,111.43849245724873,-647.3721181913579,-8.378377809302265,False
T32,S3477,0.0,3,14538.9,6230.799499161144,8308.100500838857,8308.100500838857,57.14394143187488,small,small,6157.266166404488,8381.633833595512,57.649711006991666,-73.533332756655,-0.505769575116787,False
T32,S3478,5.0,24,26514.3,18055.598699083028,8458.701300916971,8458.701300916971,31.90241228664144,medium,small,16969.143112040125,9545.156887959874,36.00003352138233,-1086.455587042903,-4.097621234740888,False
T32,S3479,0.0,31,10482.2,37696.15174280048,-27213.95174280048,27213.95174280048,259.6206115395669,small,small,29829.629030758188,19347.429030758187,184.5741259540763,7866.522712042293,75.04648558549059,True
T32,S3480,3.0,17,168472.0,14767.857828040052,153704.14217195995,153704.14217195995,91.23423605819362,small,small,13824.085122146407,154647.9148778536,91.79443164315352,-943.7727058936434,-0.5601955849598994,False
T32,S3481,0.0,17,37157.9,12514.408616683217,24643.491383316785,24643.491383316785,66.32100141105064,small,small,13177.70515740397,23980.19484259603,64.5359259877335,663.2965407207557,1.7850754233171386,True
T32,S3482,0.0,9,15796.5,11304.75080843784,4491.7491915621595,4491.7491915621595,28.43509126428107,small,small,11848.049376279465,3948.450623720535,24.995730850001806,543.2985678416244,3.439360414279264,True
T32,S3483,0.0,20,62821.8,24209.63228643277,38612.167713567236,38612.167713567236,61.46300760813481,small,small,25226.328785921734,37595.471214078265,59.84462593252384,1016.6964994889713,1.6183816756109692,True
T32,S3484,0.0,5,19923.4,4600.05766178178,15323.342338218223,15323.342338218223,76.91128190077106,small,small,4598.972458008782,15324.42754199122,76.91672878118804,-1.085203772996465,-0.0054468804169829355,False
T32,S3485,0.0,10,21798.9,8420.011718757776,13378.888281242225,13378.888281242225,61.37414402213977,small,small,8398.122062773922,13400.77793722608,61.474560354999916,-21.889655983854027,-0.10041633286014928,False
T34,S4046,245.0,18,147385.0,65295.86586423589,82089.1341357641,82089.1341357641,55.697075099748346,large,large,60200.91919717517,87184.08080282483,59.153971437273015,-5094.946667060722,-3.456896337524668,False
T34,S4047,259.0,17,137754.0,70863.84126371235,66890.15873628765,66890.15873628765,48.55768887748279,large,large,64112.41961548449,73641.58038451552,53.45876009735871,-6751.421648227872,-4.901071219875924,False
T34,S4048,0.0,8,178575.0,33847.88020031022,144727.1197996898,144727.1197996898,81.04556617650276,small,small,35933.66726216609,142641.3327378339,79.87754878221133,2085.7870618558954,1.1680173942914251,True
T34,S4049,761.0,33,122734.0,64298.5999727446,58435.4000272554,58435.4000272554,47.61141984067609,large,large,41092.30399296376,81641.69600703624,66.51921717456959,-23206.295979780843,-18.907797333893498,False
T34,S4050,826.0,75,123595.0,117797.47307392453,5797.526926075472,5797.526926075472,4.690745520510921,large,large,117084.72664172709,6510.273358272912,5.267424538430286,-712.7464321974403,-0.576679017919365,False
T34,S4051,532.0,32,151869.0,65560.53937302518,86308.46062697482,86308.46062697482,56.830861220509,large,large,39928.5432430367,111940.4567569633,73.70856248277352,-25631.99612998849,-16.877701262264516,False
T34,S4052,410.0,29,79287.7,75217.29737511768,4070.402624882321,4070.402624882321,5.13371257443755,large,large,68003.39322258244,11284.306777417558,14.232102554895096,-7213.904152535237,-9.098389980457547,False
T34,S4053,597.0,48,76271.7,125520.67294809567,-49248.972948095674,49248.972948095674,64.57044086875693,large,large,110919.8753252051,34648.1753252051,45.42730177143698,14600.797622890575,19.143139097319953,True
T34,S4054,0.0,1,84667.5,5473.707723884702,79193.7922761153,79193.7922761153,93.53505450865481,small,small,4671.266240947204,79996.23375905279,94.48281071137424,-802.4414829374873,-0.9477562027194324,False
T34,S4055,441.0,23,99622.5,73352.42357837535,26270.076421624646,26270.076421624646,26.36962174370714,large,large,42381.11471227281,57241.38528772719,57.45829033373705,-30971.308866102547,-31.088668590029908,False
T34,S4056,303.0,26,75534.2,65580.39292929304,9953.807070706956,9953.807070706956,13.177881106448414,large,large,43785.47363424026,31748.726365759736,42.0322534239586,-21794.91929505278,-28.854372317510187,False
T34,S4057,385.0,29,94368.1,95213.15142043382,-845.0514204338106,845.0514204338106,0.8954841948007966,large,large,85164.39835386079,9203.70164613922,9.752979710452175,-8358.650225705409,-8.85749551565138,False
T34,S4058,350.0,38,198729.0,116647.84636142016,82081.15363857984,82081.15363857984,41.30305775129943,large,large,71412.43978723523,127316.56021276477,64.06541582394355,-45235.40657418493,-22.762358072644126,False
T34,S4059,337.0,45,87052.1,113565.1472084848,-26513.0472084848,26513.0472084848,30.45652799700961,large,large,101329.05894589302,14276.958945893013,16.400476204356945,12236.088262591787,14.056051792652664,True
T34,S4060,612.0,87,224473.0,123588.43978881204,100884.56021118796,100884.56021118796,44.942848454463544,large,large,101518.5524280447,122954.4475719553,54.77471569941833,-22069.887360767345,-9.831867244954786,False
T34,S4061,528.0,46,139427.0,91075.89720644009,48351.10279355991,48351.10279355991,34.67843587939202,large,large,58893.31943398737,80533.68056601263,57.760462870184845,-32182.577772452714,-23.082026990792826,False
T34,S4062,546.0,48,112536.0,90482.55011195001,22053.44988804999,22053.44988804999,19.596795592565925,large,large,61473.73773508299,51062.26226491701,45.374157838306864,-29008.81237686702,-25.77736224574094,False
T34,S4063,240.0,36,74671.6,117618.42029730178,-42946.820297301776,42946.820297301776,57.514262848662376,large,large,96213.48931370745,21541.88931370745,28.848838532598,21404.930983594328,28.665424316064378,True
T34,S4064,386.0,47,353865.0,122783.81602761731,231081.18397238269,231081.18397238269,65.30207394695228,large,large,110228.7886346957,243636.2113653043,68.85004489432532,-12555.02739292162,-3.547970947373045,False
T34,S4065,642.0,55,249357.0,117455.62787365311,131901.3721263469,131901.3721263469,52.896598902917056,large,large,119902.71344674012,129454.28655325988,51.91524062017905,2447.08557308701,0.9813582827380074,True
T34,S4066,187.5,24,157125.0,64284.34970211002,92840.65029788998,92840.65029788998,59.08712827232458,large,large,37976.77428527255,119148.22571472745,75.83021525201428,-26307.57541683747,-16.743086979689707,False
T34,S4067,284.0,32,78117.7,109351.03071283577,-31233.33071283577,31233.33071283577,39.98239926781737,large,large,83252.51062165671,5134.81062165671,6.573171792892918,26098.52009117906,33.40922747492445,True
T34,S4068,286.0,53,210071.0,128550.73040257794,81520.26959742206,81520.26959742206,38.80605585607821,large,large,107501.25225701921,102569.74774298079,48.82622910491253,-21049.478145558736,-10.020173248834318,False
T34,S4069,152.0,10,28827.9,46454.5175497517,-17626.617549751696,17626.617549751696,61.14429961860453,large,large,28621.876422740246,206.02357725975526,0.7146673093071477,17420.59397249194,60.42963230929738,True
T34,S4070,156.0,9,91749.0,17231.02588007445,74517.97411992555,74517.97411992555,81.2193856281001,large,large,23258.164325530783,68490.83567446921,74.6502258056973,6027.138445456338,6.569159822402796,True
T34,S4071,241.0,21,56862.3,67441.87020639502,-10579.570206395016,10579.570206395016,18.605596689537734,large,large,63255.007909224776,6392.707909224773,11.242436393224988,4186.8622971702425,7.363160296312746,True
T35,S4164,5.0,3,3455.7,3814.65494403449,-358.9549440344904,358.9549440344904,10.38732945667999,medium,small,3907.058357935998,451.35835793599836,13.061271462684793,-92.40341390150797,-2.673942006004804,False
T35,S4166,2.0,1,3496.4,903.3969091506661,2593.003090849334,2593.003090849334,74.16208359596538,small,small,851.422340405422,2644.977659594578,75.64860026297272,-51.97456874524414,-1.4865166670073364,False
T35,S4167,0.0,5,5297.4,5501.95997319681,-204.55997319681046,204.55997319681046,3.8615164646205775,small,small,4625.820673871779,671.5793261282206,12.677527204444077,-467.01935293141014,-8.8160107398235,False
T35,S4168,30.0,8,5832.0,21729.233937573765,-15897.233937573765,15897.233937573765,272.58631580201927,large,large,19427.05613300108,13595.056133001079,233.11138774007335,2302.177804572686,39.47492806194592,True
T35,S4171,8.0,4,4393.7,3327.645820595588,1066.054179404412,1066.054179404412,24.26324463218727,medium,small,3219.9819576495415,1173.7180423504583,26.713659156302395,-107.66386294604627,-2.450414524115125,False
T35,S4172,8.0,6,11180.0,7811.780173792137,3368.2198262078628,3368.2198262078628,30.127189858746533,medium,small,10429.203644478992,750.7963555210081,6.7155309080591055,2617.4234706868547,23.41165895068743,True
T35,S4173,5.0,3,5230.5,3814.65494403449,1415.8450559655098,1415.8450559655098,27.069019328276646,medium,small,3889.2827182228566,1341.2172817771434,25.642238443306443,74.6277741883664,1.4267808849702028,True
T35,S4174,0.0,1,503.2,636.0709595013399,-132.87095950133988,132.87095950133988,26.405198629042108,small,small,649.3443257681656,146.14432576816563,29.042990017520992,-13.273366266825747,-2.6377913884788846,False
T35,S4176,0.0,15,3672.5,19012.09492453658,-15339.594924536581,15339.594924536581,417.68808507928065,small,small,17287.268522447102,13614.768522447102,370.722083660915,1724.8264020894785,46.966001418365636,True
T35,S4179,1.0,1,6560.0,589.2860558282657,5970.7139441717345,5970.7139441717345,91.01698085627645,small,small,589.432445181075,5970.567554818925,91.0147493112641,0.14638935280981968,0.0022315450123500113,True
T35,S4181,15.0,5,11055.4,6104.972943692886,4950.427056307114,4950.427056307114,44.778362214909585,medium,large,6501.829120246913,4553.570879753087,41.18865784822881,396.8561765540271,3.5897043666807775,True
T35,S4184,34.0,5,6121.6,4420.065853033978,1701.5341469660225,1701.5341469660225,27.7955787206943,large,large,5291.260005427243,830.339994572757,13.564100799999295,871.1941523932655,14.231477920695006,True
T35,S4185,0.0,4,1000.1,3586.3736482078757,-2586.273648207876,2586.273648207876,258.60150467032054,small,small,3207.2433658023915,2207.1433658023916,220.6922673535038,379.1302824054842,37.90923731681673,True
T35,S4186,9.0,7,2334.8,4731.158394883885,-2396.358394883885,2396.358394883885,102.63655965752463,medium,small,4498.138320748223,2163.338320748223,92.65625838393964,233.02007413566207,9.980301273584985,True
T35,S4187,3.0,2,1000.4,1995.0347980895742,-994.6347980895742,994.6347980895742,99.4237103248275,small,small,1936.6165125825628,936.2165125825628,93.5842175712278,58.41828550701143,5.8394927535997,True
T35,S4189,18.0,15,42641.6,16183.83284385301,26457.76715614699,26457.76715614699,62.04684429324179,medium,large,13988.774771217044,28652.825228782953,67.19453591981294,-2195.058072635962,-5.147691626571145,False
T35,S4190,20.0,13,1655.5,9235.18212511711,-7579.6821251171095,7579.6821251171095,457.8485125410516,medium,large,8604.43985926597,6948.939859265971,419.74870789888075,630.7422658511387,38.09980464217085,True
T35,S4191,14.0,8,1256.0,5346.957198693983,-4090.9571986939827,4090.9571986939827,325.71315276225977,medium,large,5200.00278047443,3944.0027804744304,314.01296022885595,146.95441821955228,11.700192533403822,True
T35,S4193,12.0,4,2337.5,4748.863095747977,-2411.3630957479772,2411.3630957479772,103.15991853467281,medium,small,4839.286053152965,2501.786053152965,107.02828034878995,-90.42295740498776,-3.8683618141171365,False
T35,S4195,18.0,15,972.8,8018.931617703215,-7046.131617703215,7046.131617703215,724.3145166224522,medium,large,6699.417435592682,5726.617435592681,588.673667310103,1319.5141821105335,135.64084931234913,True
T36,S4442,90.0,20,13154.9,16674.463792933937,-3519.5637929339373,3519.5637929339373,26.75477421290878,large,large,16456.60851957814,3301.708519578142,25.09869721227939,217.85527335579536,1.6560770006293914,True
T36,S4443,48.0,12,9860.8,10632.086871678383,-771.2868716783832,771.2868716783832,7.821747441164847,large,large,11061.610469096826,1200.8104690968266,12.177617121296718,-429.5235974184434,-4.355869680131871,False
T36,S4444,91.0,27,7466.6,12302.352277880507,-4835.752277880507,4835.752277880507,64.76511769587907,large,large,12276.710296744575,4810.110296744575,64.42169523939376,25.64198113593193,0.3434224564853139,True
T36,S4445,141.0,25,21425.3,17874.89327235699,3550.4067276430105,3550.4067276430105,16.57109458277369,large,large,18789.244756807104,2636.0552431928954,12.30346946457177,914.3514844501151,4.26762511820192,True
T36,S4446,69.0,16,6775.8,11663.49743309839,-4887.697433098389,4887.697433098389,72.13461780304007,large,large,12315.418835468658,5539.618835468657,81.75593782975675,-651.921402370268,-9.621320026716674,False
T36,S4447,138.0,36,14204.3,24625.178749563547,-10420.878749563548,10420.878749563548,73.36425413123877,large,large,24155.028129740484,9950.728129740484,70.05433657230898,470.1506198230636,3.309917558929783,True
T36,S4448,99.0,22,12180.0,14369.988321627328,-2189.9883216273283,2189.9883216273283,17.980199684953433,large,large,13203.859597656065,1023.8595976560646,8.406072230345357,1166.1287239712638,9.574127454608076,True
T36,S4449,85.0,16,15199.0,13913.666951264873,1285.3330487351268,1285.3330487351268,8.456694840023204,large,large,13435.383673479342,1763.6163265206578,11.603502378581867,-478.283277785531,-3.1468075385586634,False
T36,S4450,74.0,15,5747.9,9612.012009096277,-3864.1120090962777,3864.1120090962777,67.22650027133872,large,large,9808.648261784754,4060.7482617847545,70.64751060012796,-196.63625268847682,-3.4210103287892366,False
T36,S4452,95.0,17,8596.8,11664.551562593631,-3067.751562593632,3067.751562593632,35.68480786564341,large,large,12857.517080040718,4260.717080040718,49.56166341011445,-1192.9655174470863,-13.876855544471042,False
T36,S4453,55.0,8,14401.3,7315.542423220786,7085.757576779213,7085.757576779213,49.202207972747,large,large,8906.21943605855,5495.080563941448,38.15683697958829,1590.6770128377648,11.045370993158706,True
T36,S4454,94.0,14,10489.9,12300.311590586041,-1810.4115905860417,1810.4115905860417,17.258616293635228,large,large,13814.613282428978,3324.7132824289783,31.694423039580727,-1514.3016918429366,-14.435806745945499,False
T36,S4455,53.0,14,6561.2,11111.117628837828,-4549.9176288378285,4549.9176288378285,69.34581522949809,large,large,12810.325591972445,6249.125591972445,95.24363823648793,-1699.2079631346169,-25.89782300698984,False
T36,S4456,84.0,15,15979.8,14427.681623531254,1552.1183764687448,1552.1183764687448,9.7130025186094,large,large,14135.483278577694,1844.316721422305,11.541550716669201,-292.1983449535601,-1.828548198059801,False
T36,S4457,50.0,10,9419.6,8317.169887120084,1102.4301128799161,1102.4301128799161,11.703576721728268,large,large,10721.490536057307,1301.8905360573062,13.821080895763155,-199.4604231773901,-2.1175041740348863,False
T36,S4458,47.0,4,5356.7,6327.082854406338,-970.3828544063381,970.3828544063381,18.11531081461232,large,large,5921.3051140013995,564.6051140013997,10.540166781813424,405.7777404049384,7.575144032798898,True
T36,S4459,22.0,4,4317.3,6890.863514490731,-2573.563514490731,2573.563514490731,59.61048605588518,medium,large,6209.292106410878,1891.9921064108776,43.82350326386578,681.5714080798534,15.786982792019401,True
T36,S4460,60.0,13,12412.0,11945.592570494267,466.4074295057326,466.4074295057326,3.7577137407809587,large,large,12622.367185172337,210.36718517233749,1.6948693616849622,256.0402443333951,2.0628443790959965,True
T36,S4462,14.0,7,4966.8,6751.346465265877,-1784.5464652658766,1784.5464652658766,35.92950119324065,medium,large,6859.4581703870535,1892.6581703870534,38.106188499376934,-108.11170512117678,-2.1766873061362872,False
T36,S4464,60.0,16,9903.1,10756.732052447083,-853.632052447083,853.632052447083,8.619846840353858,large,large,11656.478233899308,1753.3782338993078,17.705347152904725,-899.7461814522248,-9.085500312550867,False
T36,S4465,23.0,8,2955.0,7480.73947168365,-4525.73947168365,4525.73947168365,153.15531207051268,medium,large,7802.887684274353,4847.887684274353,164.0571128350035,-322.1482125907032,-10.901800764490815,False
T36,S4466,40.0,11,8856.2,8927.041837266104,-70.84183726610354,70.84183726610354,0.7999123468993872,large,large,9717.813532936689,861.613532936688,9.728930387036064,-790.7716956705844,-8.929018040136677,False
T36,S4467,86.0,24,15080.7,12885.291391227871,2195.40860877213,2195.40860877213,14.557736768002346,large,large,12948.640649032663,2132.059350967338,14.137668350722036,63.349257804791705,0.4200684172803104,True
T36,S4470,58.0,14,13606.8,12791.337849589061,815.4621504109382,815.4621504109382,5.99304869926021,large,large,13234.110422939311,372.68957706068795,2.7389950396910954,442.77257335025024,3.2540536595691143,True
T36,S4472,66.0,12,17821.6,11930.524606292736,5891.075393707262,5891.075393707262,33.0558165019261,large,large,13581.567271586784,4240.0327284132145,23.791537956262147,1651.0426652940478,9.264278545663956,True
T36,S4473,30.0,5,9569.1,8693.58691949818,875.5130805018198,875.5130805018198,9.14937748065983,large,large,6519.340923944061,3049.7590760559397,31.870908194667624,-2174.24599555412,-22.721530714007795,False
T36,S4474,25.0,5,1179.2,5947.872814901197,-4768.672814901197,4768.672814901197,404.39898362459263,medium,large,6109.343777249499,4930.143777249499,418.0922470530444,-161.47096234830224,-13.693263428451758,False
T36,S4475,21.0,2,2545.9,3121.9298728971817,-576.0298728971816,576.0298728971816,22.625785494213503,medium,large,2745.052983594821,199.15298359482085,7.822498275455471,376.8768893023607,14.803287218758031,True
T36,S4476,5.0,4,3451.8,4197.817158815823,-746.0171588158228,746.0171588158228,21.61240972292203,medium,small,4309.782506716659,857.9825067166585,24.856089771037094,-111.9653479008357,-3.2436800481150634,False
T36,S4477,1.0,1,500.0,684.5211187656994,-184.52111876569938,184.52111876569938,36.904223753139874,small,small,670.9484957844728,170.9484957844728,34.18969915689456,13.572622981226573,2.7145245962453117,True
T36,S4478,7.0,7,1548.6,4471.994440499853,-2923.3944404998533,2923.3944404998533,188.776600833001,medium,small,4597.787090289255,3049.1870902892547,196.89959255387154,-125.79264978940137,-8.122991720870544,False
T36,S4479,12.0,5,4112.2,6037.5147211361855,-1925.3147211361857,1925.3147211361857,46.81957884188964,medium,small,5391.136482560674,1278.9364825606744,31.101028222379128,646.3782385755112,15.71855061951051,True
T4,S448,55.0,17,30711.7,49391.801339940874,-18680.101339940873,18680.101339940873,60.82405513189069,large,large,57382.163839060406,26670.463839060405,86.84137914560381,-7990.362499119532,-26.01732401371312,False
T36,S4480,8.0,1,1792.8,1146.9116361555928,645.8883638444072,645.8883638444072,36.02679405647073,medium,small,1157.276274727264,635.5237252727359,35.44866829946095,10.364638571671321,0.5781257570097793,True
T36,S4481,16.0,3,18729.7,5894.244228857965,12835.455771142035,12835.455771142035,68.52995921526791,medium,large,5662.682860117599,13067.017139882402,69.76629171787269,-231.56136874036747,-1.2363325026047818,False
T36,S4482,36.0,7,5044.4,8063.318104344449,-3018.9181043444496,3018.9181043444496,59.84692142463821,large,large,7226.51796837455,2182.1179683745504,43.258226317789045,836.8001359698992,16.588695106849165,True
T36,S4483,0.0,2,1000.0,3424.0481355568795,-2424.0481355568795,2424.0481355568795,242.40481355568795,small,small,3474.8341032722583,2474.8341032722583,247.48341032722584,-50.785967715378774,-5.078596771537889,False
T36,S4484,0.0,1,1629.6,860.5115784853186,769.0884215146813,769.0884215146813,47.194920318770336,small,small,890.845938573291,738.7540614267089,45.33345983227227,30.334360087972414,1.8614604864980677,True
T36,S4486,0.0,11,2874.4,5735.383441229904,-2860.9834412299037,2860.9834412299037,99.53323967540717,small,small,4693.5939504788275,1819.1939504788274,63.28951956856482,1041.7894907510763,36.24372010684235,True
T36,S4487,27.0,5,6626.7,7264.796300620018,-638.0963006200182,638.0963006200182,9.629171391794078,medium,large,6742.5021108423525,115.8021108423527,1.747507972933024,522.2941897776655,7.881663418861054,True
T36,S4489,5.0,1,500.0,1206.5037111481383,-706.5037111481383,706.5037111481383,141.30074222962767,medium,small,1238.4008487878891,738.4008487878891,147.68016975757783,-31.89713763975078,-6.379427527950156,False
T4,S449,40.0,18,101581.0,20094.810329291795,81486.1896707082,81486.1896707082,80.21794397644068,large,large,22883.176516387433,78697.82348361256,77.47297573720732,2788.366187095642,2.7449682392333585,True
T36,S4490,17.0,4,12025.7,3016.039216064852,9009.660783935149,9009.660783935149,74.92005275314658,medium,large,3280.9610629236117,8744.738937076389,72.71708871064793,264.92184685876055,2.2029640424986496,True
T36,S4491,3.0,1,1229.3,901.4294441066427,327.8705558933573,327.8705558933573,26.671321556443285,small,small,965.1823734752464,264.1176265247535,21.485205118746727,63.75292936860376,5.186116437696558,True
T36,S4492,6.0,2,500.0,5152.127797301731,-4652.127797301731,4652.127797301731,930.4255594603463,medium,small,4860.878057122193,4360.878057122193,872.1756114244388,291.2497401795381,58.24994803590755,True
T36,S4494,8.0,1,500.0,1146.9116361555928,-646.9116361555928,646.9116361555928,129.38232723111855,medium,small,1157.276274727264,657.2762747272641,131.45525494545282,-10.364638571671321,-2.07292771433427,False
T36,S4495,5.0,1,1343.6,1206.5037111481383,137.09628885186157,137.09628885186157,10.203653531695563,medium,small,1238.4008487878891,105.19915121211079,7.829648050916255,31.89713763975078,2.3740054807793083,True
T36,S4496,10.0,3,664.8,3395.823297362364,-2731.0232973623642,2731.0232973623642,410.80374509060834,medium,small,3581.5457579610043,2916.7457579610045,438.74033663673356,-185.72246059864028,-27.936591546125214,False
T36,S4497,21.0,3,10579.6,6295.858757154916,4283.741242845084,4283.741242845084,40.49057849866804,medium,large,6133.994208544708,4445.605791455292,42.02054700986135,-161.86454861020775,-1.5299685111933101,False
T36,S4498,3.0,1,500.9,901.4294441066427,-400.5294441066427,400.5294441066427,79.9619572981918,small,small,965.1823734752464,464.28237347524646,92.68963335501029,-63.75292936860376,-12.727676056818481,False
T4,S450,32.0,11,40399.6,34110.66415515378,6288.935844846215,6288.935844846215,15.566827010282813,large,large,37080.92527649927,3318.674723500728,8.214622727702075,2970.2611213454875,7.352204282580738,True
T36,S4500,14.0,6,4862.8,7735.38717799164,-2872.5871779916397,2872.5871779916397,59.072698404039635,medium,large,6635.834085545829,1773.034085545829,36.46117639108803,1099.5530924458108,22.611522012951603,True
T36,S4501,21.0,13,285391.0,6398.458462409813,278992.5415375902,278992.5415375902,97.75800271823225,medium,large,6879.537893262636,278511.46210673737,97.58943418213516,481.07943085284205,0.16856853609708367,True
T36,S4502,16.0,3,3903.1,3483.9558641149033,419.1441358850966,419.1441358850966,10.738749606341026,medium,large,3278.4978046242522,624.6021953757477,16.00272079566877,-205.45805949065107,-5.2639711893277426,False
T36,S4503,0.0,2,1002.9,3449.6385019586414,-2446.7385019586413,2446.7385019586413,243.96634778728102,small,small,3497.4317777867573,2494.531777786757,248.73185539802148,-47.79327582811584,-4.765507610740457,False
T36,S4504,0.0,3,1002.1,3353.3884215036087,-2351.288421503609,2351.288421503609,234.636106327074,small,small,3406.4506114326687,2404.3506114326688,239.93120561148277,-53.06218992905997,-5.295099284408764,False
T36,S4505,0.0,1,500.0,860.5115784853186,-360.51157848531864,360.51157848531864,72.10231569706373,small,small,890.845938573291,390.84593857329105,78.16918771465821,-30.334360087972414,-6.066872017594477,False
T4,S451,60.0,17,35622.6,51845.3058149137,-16222.705814913701,16222.705814913701,45.54048782209525,large,large,51769.780386600214,16147.180386600216,45.32847233666329,75.52542831348546,0.21201548543196225,True
T4,S452,21.0,4,4604.2,9045.167204662597,-4440.967204662597,4440.967204662597,96.45469798580855,medium,large,9139.252593869016,4535.052593869016,98.49816675793875,-94.08538920641877,-2.043468772130197,False
T4,S453,39.0,11,327197.0,33084.27022816644,294112.7297718336,294112.7297718336,89.88857775952516,large,large,33722.195586339716,293474.8044136603,89.69361100916583,637.9253581732628,0.19496675035932753,True
T4,S454,24.0,8,14743.7,17819.693801215853,-3075.9938012158527,3075.9938012158527,20.863106284147484,medium,large,19607.020556799846,4863.320556799845,32.98575362222403,-1787.326755583992,-12.122647338076547,False
T4,S455,31.0,9,25380.9,21795.480543097663,3585.4194569023384,3585.4194569023384,14.126447276898526,large,large,23453.62753153348,1927.2724684665227,7.593396879017382,1658.1469884358157,6.533050397881144,True
T4,S456,9.0,2,18068.3,3911.7178580105106,14156.58214198949,14156.58214198949,78.35038239341549,medium,small,3791.788110553148,14276.51188944685,79.01414017614746,-119.92974745736137,-0.6637577827319774,False
T4,S457,4.0,7,172968.0,12213.77937956026,160754.22062043974,160754.22062043974,92.93870578398301,small,small,24831.132369308027,148136.86763069197,85.64408886654871,12617.352989747771,7.294616917434297,True
T4,S458,2.0,1,6569.0,939.4524273770736,5629.547572622926,5629.547572622926,85.69869953756928,small,small,981.5745105269519,5587.425489473048,85.05747434119422,42.12208314987765,0.6412251963750606,True
T4,S459,3.0,10,14800.7,16560.2333058436,-1759.5333058436008,1759.5333058436008,11.88817627438973,small,small,21926.658110770575,7125.958110770574,48.14608843345635,-5366.424804926974,-36.25791215906662,False
T4,S460,31.0,12,5390.6,21451.1220008308,-16060.5220008308,16060.5220008308,297.9357029056283,large,large,23456.765622263563,18066.165622263565,335.14201799917566,-2005.6436214327641,-37.206315093547346,False
T4,S461,12.0,8,101956.0,23705.929061087372,78250.07093891263,78250.07093891263,76.7488631752056,medium,small,27763.395286711035,74192.60471328897,72.76923840998957,4057.4662256236625,3.9796247652160304,True
T4,S462,29.0,9,81596.2,22625.76226202966,58970.43773797034,58970.43773797034,72.27105887035222,large,large,24674.1529914723,56922.0470085277,69.76065920781568,2048.390729442639,2.5103996625365426,True
T4,S463,8.0,10,69365.6,32239.537969958725,37126.062030041285,37126.062030041285,53.52229639769753,medium,small,30549.491492624664,38816.10850737534,55.9587295538067,-1690.0464773340573,-2.4364331561091674,False
T4,S464,33.0,10,22607.0,21520.477785318173,1086.5222146818269,1086.5222146818269,4.806131794054172,large,large,23504.735986463093,897.7359864630926,3.971053153727131,188.78622821873432,0.8350786403270414,True
T13,S4640,88.0,16,3052.0,9491.668747327703,-6439.668747327703,6439.668747327703,210.99832068570458,large,large,7526.408954561897,4474.408954561897,146.60579798695602,1965.2597927658062,64.39252269874856,True
T13,S4641,67.0,11,6347.2,8796.954538385138,-2449.7545383851384,2449.7545383851384,38.5958302619287,large,large,9652.392640323053,3305.1926403230527,52.07323922868434,-855.4381019379143,-13.477408966755647,False
T13,S4642,47.0,7,3591.5,7217.02526027507,-3625.5252602750697,3625.5252602750697,100.94738299526855,large,large,6687.404610347211,3095.904610347211,86.20088014331647,529.6206499278587,14.746502851952087,True
T13,S4643,52.0,12,11054.2,15227.88670495497,-4173.686704954969,4173.686704954969,37.75656949354064,large,large,15411.614796214797,4357.414796214796,39.41863541653666,-183.72809125982712,-1.662065922996021,False
T13,S4644,73.0,16,7454.7,18188.721395080607,-10734.021395080606,10734.021395080606,143.98998477578718,large,large,28701.270920538656,21246.570920538656,285.00906703876285,-10512.54952545805,-141.01908226297567,False
T13,S4645,118.0,24,3514.1,11186.457602094832,-7672.357602094831,7672.357602094831,218.3306565577198,large,large,16298.204192511477,12784.104192511477,363.79454746624964,-5111.746590416646,-145.46389090852983,False
T13,S4646,143.0,34,5778.1,19894.080097104466,-14115.980097104466,14115.980097104466,244.30141564016657,large,large,31605.324016961105,25827.224016961103,446.9847184534899,-11711.243919856637,-202.68330281332334,False
T13,S4647,166.0,39,4797.5,19355.584692277946,-14558.084692277946,14558.084692277946,303.451478734298,large,large,29319.976599664733,24522.476599664733,511.15115371891056,-9964.391907386787,-207.69967498461256,False
T13,S4648,61.0,11,5032.9,8210.066095029742,-3177.166095029743,3177.166095029743,63.12794005503275,large,large,8794.244191099808,3761.344191099808,74.73512668838659,-584.1780960700653,-11.607186633353834,False
T13,S4649,97.0,20,9811.8,10551.776364435425,-739.9763644354261,739.9763644354261,7.541698408400357,large,large,9556.158128895888,255.6418711041115,2.6054533429555384,484.33449333131466,4.936245065444819,True
T4,S465,2.0,6,28306.4,14142.789776054191,14163.61022394581,14163.61022394581,50.036776926581304,small,small,27046.04499335201,1260.355006647991,4.452544324421301,12903.25521729782,45.58423260216,True
T13,S4650,121.0,22,8684.9,12671.037632599608,-3986.137632599608,3986.137632599608,45.89733482941206,large,large,16148.728036986686,7463.828036986686,85.94028759095312,-3477.690404387078,-40.04295276154106,False
T13,S4651,71.0,14,2954.0,6997.675597710592,-4043.6755977105922,4043.6755977105922,136.88813804030443,large,large,6839.07453639953,3885.07453639953,131.519110913999,158.60106131106204,5.36902712630544,True
T13,S4652,161.0,25,10866.4,17791.062084872883,-6924.6620848728835,6924.6620848728835,63.72544803129725,large,large,25368.427623828018,14502.027623828018,133.4575169681589,-7577.365538955135,-69.73206893686165,False
T13,S4653,53.0,10,4160.4,8993.602197062608,-4833.202197062608,4833.202197062608,116.17157477796867,large,large,11268.213360721067,7107.8133607210675,170.84447074130057,-2274.611163658459,-54.6728959633319,False
T13,S4654,10.0,2,1017.9,3703.6198364497463,-2685.7198364497463,2685.7198364497463,263.84908502306183,medium,small,4151.911682905464,3134.0116829054637,307.8899383933062,-448.2918464557174,-44.04085337024435,False
T13,S4655,13.0,3,1001.0,3346.5869254794156,-2345.5869254794156,2345.5869254794156,234.32436817976182,medium,large,3756.3465958828624,2755.3465958828624,275.25940018809814,-409.75967040344676,-40.93503200833632,False
T13,S4656,90.0,21,4000.0,12546.569996523425,-8546.569996523425,8546.569996523425,213.66424991308563,large,large,13443.198393838045,9443.198393838045,236.07995984595112,-896.6283973146201,-22.415709932865497,False
T13,S4657,103.0,20,3130.1,11521.745969033187,-8391.645969033187,8391.645969033187,268.09513974100463,large,large,10226.80830857554,7096.70830857554,226.72465124358777,1294.9376604576464,41.37048849741686,True
T13,S4658,230.0,53,4896.3,27864.729823463975,-22968.429823463975,22968.429823463975,469.0976824023033,large,large,51595.06262232494,46698.76262232494,953.756155103342,-23730.332798860964,-484.65847270103876,False
T13,S4659,238.0,56,9891.6,64124.72518347134,-54233.12518347134,54233.12518347134,548.2745479343214,large,large,58465.2988582612,48573.6988582612,491.0600798481662,5659.426325210137,57.21446808615519,True
T4,S466,28.0,10,133522.0,23472.146118048262,110049.85388195174,110049.85388195174,82.42076502894784,medium,large,27015.768910833198,106506.2310891668,79.76680329021944,3543.6227927849395,2.6539617387283982,True
T13,S4660,85.0,20,3799.3,12628.800439198581,-8829.500439198582,8829.500439198582,232.39808488928438,large,large,12192.489390938272,8393.18939093827,220.91409972727268,436.3110482603115,11.483985162011692,True
T13,S4661,74.0,17,3209.8,13652.76803955645,-10442.96803955645,10442.96803955645,325.346377953656,large,large,13369.419735232417,10159.619735232416,316.5187779684845,283.34830432403396,8.827599985171446,True
T13,S4662,174.0,36,17592.8,18923.71948667046,-1330.9194866704602,1330.9194866704602,7.565137366823134,large,large,35165.939336034324,17573.139336034325,99.88824596445322,-16242.219849363864,-92.32310859763008,False
T13,S4663,79.0,21,4467.0,13880.68755670263,-9413.68755670263,9413.68755670263,210.7384722789933,large,large,15140.680205688004,10673.680205688004,238.94515795137687,-1259.9926489853733,-28.20668567238357,False
T13,S4664,97.0,17,2676.2,13747.491390326277,-11071.291390326278,11071.291390326278,413.6944694090979,large,large,13865.172145352977,11188.972145352978,418.0917773467222,-117.68075502670035,-4.397307937624305,False
T13,S4665,80.0,18,5465.5,13749.441732368352,-8283.941732368352,8283.941732368352,151.56786629527676,large,large,12719.920820274481,7254.420820274481,132.73114665217238,1029.5209120938707,18.836719643104374,True
T13,S4666,83.0,18,5758.0,12370.82014581562,-6612.82014581562,6612.82014581562,114.84578231704793,large,large,16050.80125984332,10292.80125984332,178.75653455789023,-3679.9811140276997,-63.9107522408423,False
T13,S4667,57.0,13,3865.8,18084.785346891615,-14218.985346891615,14218.985346891615,367.8148209139535,large,large,17990.687393008826,14124.887393008827,365.3807075639926,94.09795388278872,2.43411334996091,True
T13,S4668,8.0,1,509.0,1136.5470187055864,-627.5470187055864,627.5470187055864,123.29018049225667,medium,small,1143.3680688352927,634.3680688352927,124.63026892638362,-6.8210501297062365,-1.3400884341269546,False
T4,S467,15.5,13,55779.3,27890.28832303029,27889.011676969712,27889.011676969712,49.99885562739173,medium,large,30178.67281495733,25600.627185042675,45.89628622991446,2288.3844919270377,4.102569397477268,True
T4,S468,41.0,10,58555.6,31857.087779348713,26698.512220651286,26698.512220651286,45.59514755318242,large,large,29734.61977023731,28820.98022976269,49.21985297693592,-2122.4680091114024,-3.624705423753497,False
T4,S469,29.0,14,44928.4,24912.953337220508,20015.446662779494,20015.446662779494,44.54965381090689,large,large,26935.730384416365,17992.669615583636,40.047430167964215,2022.7770471958574,4.502223642942674,True
T4,S470,16.0,9,100303.0,25128.275584984833,75174.72441501517,75174.72441501517,74.94763308676228,medium,large,25936.63853905664,74366.36146094336,74.14171207336108,808.3629540718102,0.8059210134012034,True
T4,S471,18.0,4,6825.4,8184.849880430566,-1359.4498804305667,1359.4498804305667,19.91751224002354,medium,large,8371.519956673268,1546.1199566732685,22.652444643145728,-186.67007624270173,-2.734932403122187,False
T4,S472,61.1,33,115897.0,103242.29063552563,12654.709364474373,12654.709364474373,10.918927465313487,large,large,75615.3829459678,40281.617054032205,34.756393223320885,-27626.907689557833,-23.837465758007397,False
T4,S473,17.0,5,5295.2,8356.848468753622,-3061.648468753622,3061.648468753622,57.81931690500117,medium,large,8100.23089774151,2805.0308977415098,52.97308690401703,256.6175710121124,4.846230000984143,True
T4,S474,9.0,32,207210.0,54377.462265751186,152832.53773424882,152832.53773424882,73.75731756877025,medium,small,57795.71873082669,149414.2812691733,72.10765950927721,3418.2564650755085,1.649658059493035,True
T4,S475,64.0,19,130407.0,52662.46345140572,77744.53654859427,77744.53654859427,59.61684307483055,large,large,52133.92436466089,78273.0756353391,60.02214270348916,-528.5390867448295,-0.4052996286586108,False
T4,S476,0.0,1,12406.6,825.2971865038538,11581.302813496146,11581.302813496146,93.34791815240393,small,small,839.6961200555404,11566.90387994446,93.23185949369255,14.398933551685332,0.11605865871138121,True
T4,S477,2.0,24,73505.3,39654.1602312054,33851.1397687946,33851.1397687946,46.05265167109664,small,small,32483.621233495553,41021.678766504454,55.80778361084773,-7170.538997709853,-9.755131939751088,False
T4,S478,25.0,12,10854.7,16717.167486911832,-5862.467486911832,5862.467486911832,54.00856299033443,medium,large,17007.182468145853,6152.482468145852,56.68035476011176,-290.0149812340205,-2.671791769777329,False
T4,S479,26.0,13,12263.5,19830.094893274505,-7566.594893274505,7566.594893274505,61.700125521054396,medium,large,23087.08630143594,10823.586301435938,88.25854202663137,-3256.9914081614334,-26.55841650557698,False
T4,S480,17.0,9,110838.0,19776.364238567825,91061.63576143218,91061.63576143218,82.15741511163334,medium,large,21846.55565565953,88991.44434434047,80.28965187421323,2070.1914170917007,1.8677632374201067,True
T4,S481,59.0,18,187337.0,23346.464034451208,163990.5359655488,163990.5359655488,87.5377186383623,large,large,19565.671283359727,167771.32871664027,89.55589590771726,-3780.792751091474,-2.0181772693549505,False
T4,S482,10.0,12,8963.5,18474.579466602067,-9511.079466602067,9511.079466602067,106.10899165060597,medium,small,18502.876209551767,9539.376209551767,106.42468019804502,-28.296742949700274,-0.31568854743905206,False
T4,S483,26.0,9,35840.1,15348.530973124816,20491.569026875182,20491.569026875182,57.174977265340175,medium,large,17161.951124448246,18678.148875551753,52.1152253357322,1813.4201513234293,5.059751929607977,True
T4,S484,20.0,13,21699.0,15192.76263312983,6506.237366870169,6506.237366870169,29.984042429928426,medium,large,14554.027992801206,7144.972007198794,32.927655685509905,-638.7346403286247,-2.9436132555814787,False
T4,S485,41.0,27,310508.0,51508.65164486401,258999.348355136,258999.348355136,83.41148967341775,large,large,40966.72854056725,269541.2714594327,86.80654651713732,-10541.92310429673,-3.3950568437195727,False
T4,S486,1.0,13,3954.9,22044.25881046423,-18089.35881046423,18089.35881046423,457.3910543999653,small,small,20385.890189072477,16430.990189072476,415.4590555784591,1658.3686213917535,41.93199882150623,True
T4,S487,2.0,27,10354.9,26206.891732424385,-15851.991732424385,15851.991732424385,153.08686450303128,small,small,22385.75596070452,12030.855960704519,116.18514868037857,3821.135771719866,36.901715822652704,True
T4,S488,35.0,27,42680.1,29863.822500221602,12816.277499778396,12816.277499778396,30.02869604283588,large,large,27229.835929726105,15450.264070273894,36.2001590208877,-2633.9865704954973,-6.171462978051824,False
T4,S489,34.0,40,52505.0,37229.09174686539,15275.908253134607,15275.908253134607,29.09419722528256,large,large,35066.406605046606,17438.593394953394,33.213205208938945,-2162.685141818787,-4.119007983656385,False
T4,S490,0.0,16,25752.2,20781.32216796518,4970.877832034821,4970.877832034821,19.30273076488541,small,small,21187.955969604438,4564.244030395563,17.723705277201805,406.6338016392583,1.5790254876836052,True
T12,S4904,61.0,9,10122.8,9332.54792982517,790.252070174829,790.252070174829,7.806654978610948,large,large,10832.779570182402,709.9795701824023,7.013667860497119,80.27249999242667,0.792987118113829,True
T12,S4905,18.0,3,1545.3,5824.591106610039,-4279.291106610039,4279.291106610039,276.9229991982165,medium,large,6170.368736856566,4625.068736856566,299.2990834696542,-345.7776302465272,-22.37608427143772,False
T12,S4906,45.0,10,47089.1,11986.019839668905,35103.0801603311,35103.0801603311,74.54608425374683,large,large,11449.314734487252,35639.78526551275,75.6858493059174,-536.7051051816525,-1.1397650521705742,False
T12,S4907,39.0,6,5120.4,5644.72845593214,-524.3284559321401,524.3284559321401,10.239990155693697,large,large,5454.869085467007,334.46908546700706,6.532089006073882,189.859370465133,3.707901149619815,True
T12,S4908,95.0,17,163743.0,37077.004374548305,126665.9956254517,126665.9956254517,77.35658661771905,large,large,35681.70765562057,128061.29234437943,78.20871264382565,-1395.296718927726,-0.8521260261066033,False
T12,S4909,107.0,13,18034.5,33564.16771825382,-15529.667718253819,15529.667718253819,86.11088590342854,large,large,35511.91941530601,17477.41941530601,96.91102839172702,-1947.7516970521901,-10.800142488298476,False
T12,S4910,81.0,12,6224.6,12860.534715506392,-6635.9347155063915,6635.9347155063915,106.60821121849422,large,large,14546.146861931276,8321.546861931276,133.68805805885157,-1685.6121464248845,-27.079846840357348,False
T12,S4911,40.0,7,15486.1,4471.482812667698,11014.617187332302,11014.617187332302,71.12583017888494,large,large,4630.529183297853,10855.570816702148,70.09880355094018,159.04637063015434,1.027026627944764,True
T12,S4913,112.0,13,8758.5,13296.867077820212,-4538.367077820212,4538.367077820212,51.81671607946809,large,large,12517.204812416812,3758.7048124168123,42.91493763106482,779.6622654033999,8.90177844840327,True
T12,S4915,56.0,8,5612.1,13585.83786981058,-7973.73786981058,7973.73786981058,142.0811794125297,large,large,14125.609554989322,8513.509554989321,151.69917775858093,-539.7716851787409,-9.617998346051223,False
T12,S4916,26.0,4,11954.8,5088.4824311657485,6866.317568834251,6866.317568834251,57.43565403715872,medium,large,5407.859607552485,6546.940392447515,54.76411476936055,319.3771763867362,2.671539267798167,True
T12,S4917,127.0,22,32911.4,34136.02265412381,-1224.6226541238066,1224.6226541238066,3.7209679749989566,large,large,33961.942764702115,1050.5427647021133,3.1920330484334096,174.07988942169322,0.528934926565547,True
T12,S4918,14.0,3,11687.3,2579.502373295604,9107.797626704396,9107.797626704396,77.92901377310754,medium,large,2873.600572834174,8813.699427165826,75.41262248052011,294.09819953857004,2.5163912925874286,True
T12,S4919,66.0,11,53820.9,13239.480783184537,40581.41921681546,40581.41921681546,75.40085583261421,large,large,15157.437666943744,38663.46233305626,71.83726458133599,1917.9568837592014,3.5635912512782255,True
T12,S4920,342.0,34,42616.9,39731.1464952275,2885.753504772503,2885.753504772503,6.771382960216495,large,large,44239.129930200615,1622.229930200614,3.8065413725555213,1263.5235745718892,2.9648415876609735,True
T12,S4921,13.0,3,10443.1,4281.471793691752,6161.628206308248,6161.628206308248,59.00190753998571,medium,large,4606.099086276978,5837.000913723023,55.893373746521846,324.6272925852254,3.108533793463863,True
T12,S4922,67.0,12,11526.6,23376.251173169974,-11849.651173169974,11849.651173169974,102.80265796652937,large,large,19504.51062626333,7977.91062626333,69.21304310259166,3871.7405469066434,33.58961486393771,True
T12,S4923,47.0,8,7252.8,10022.270805296017,-2769.470805296017,2769.470805296017,38.18485006199008,large,large,9624.502245663,2371.7022456629993,32.7005052622849,397.7685596330175,5.484344799705184,True
T12,S4924,58.0,8,19089.9,11600.213206648925,7489.686793351077,7489.686793351077,39.23376651187841,large,large,12348.564259036688,6741.335740963314,35.31362522047425,748.351052387763,3.920141291404157,True
T12,S4925,118.0,16,27058.1,38632.78155205589,-11574.681552055888,11574.681552055888,42.77714086375573,large,large,32400.104267449606,5342.004267449607,19.742717587153596,6232.677284606281,23.034423276602137,True
T12,S4928,123.0,13,28320.5,36338.02166506198,-8017.521665061977,8017.521665061977,28.309958034151855,large,large,29421.1392157564,1100.6392157564005,3.886369293467278,6916.882449305576,24.423588740684576,True
T12,S4929,91.0,17,56070.3,28234.202020795386,27836.097979204616,27836.097979204616,49.64499562014937,large,large,26654.805995048457,29415.494004951546,52.46180955862827,-1579.3960257469298,-2.8168139384788944,False
T12,S4930,0.0,1,615.7,1054.9694148058566,-439.2694148058565,439.2694148058565,71.34471573913537,small,small,1183.555677219442,567.855677219442,92.22928004213772,-128.58626241358547,-20.88456430300235,False
T12,S4931,130.0,20,26435.4,4855.531802960557,21579.868197039446,21579.868197039446,81.6324632766648,large,large,15544.133757449708,10891.266242550293,41.19955152012185,10688.601954489153,40.43291175654294,True
T12,S4932,100.0,22,44296.3,21263.801459590457,23032.498540409546,23032.498540409546,51.99643884570392,large,large,23273.620799723154,21022.67920027685,47.45922165119174,2009.819340132697,4.537217194512181,True
T12,S4933,153.0,26,5772.8,23146.251153854602,-17373.451153854603,17373.451153854603,300.95363002104006,large,large,31197.100931327328,25424.30093132733,440.4154124744895,-8050.849777472726,-139.46178245344942,False
T12,S4934,38.0,34,55504.3,41825.987184407524,13678.312815592479,13678.312815592479,24.643699345082233,large,large,49201.2283020311,6303.071697968902,11.356006107578875,7375.241117623576,13.287693237503358,True
T12,S4935,31.0,8,1149.9,3622.470342519947,-2472.5703425199467,2472.5703425199467,215.02481455082588,large,large,3884.707949927221,2734.8079499272208,237.8300678256562,-262.237607407274,-22.805253274830307,False
T12,S4936,76.0,10,1129.5,8361.34871602497,-7231.84871602497,7231.84871602497,640.2699173107543,large,large,7820.417595692191,6690.917595692191,592.3787158647358,540.9311203327788,47.8912014460185,True
T12,S4937,131.0,27,12657.6,21865.495905444353,-9207.895905444353,9207.895905444353,72.74598585390875,large,large,30369.889145359808,17712.289145359806,139.93402497598126,-8504.393239915453,-67.18803912207251,False
T12,S4938,79.0,13,4224.4,8766.551666734082,-4542.151666734082,4542.151666734082,107.52181769562736,large,large,8989.023046121383,4764.623046121384,112.78816035700655,-222.47137938730157,-5.266342661379184,False
T12,S4939,45.0,13,16549.7,17981.175432256277,-1431.4754322562767,1431.4754322562767,8.649555171732882,large,large,18168.004361583255,1618.304361583254,9.778451341010737,-186.82892932697723,-1.128896169277855,False
T12,S4940,81.0,15,15292.6,31565.554037798458,-16272.954037798458,16272.954037798458,106.41064330328693,large,large,28782.13959344058,13489.53959344058,88.20958890862627,2783.414444357877,18.20105439466066,True
T12,S4941,13.0,11,4071.8,13065.477428461258,-8993.677428461258,8993.677428461258,220.87719014836824,medium,large,12039.704711764383,7967.904711764383,195.6850707737213,1025.7727166968752,25.19211937464695,True
T12,S4942,0.0,5,10678.5,2970.245657341248,7708.254342658753,7708.254342658753,72.18480444499464,small,small,2916.478295464863,7762.021704535136,72.68831488069614,-53.7673618763838,-0.5035104357015001,False
T12,S4943,0.0,4,701.6,1007.6644682047754,-306.0644682047754,306.0644682047754,43.623783951649855,small,small,959.6739394889146,258.07393948891456,36.78362877550093,47.99052871586082,6.840155176148926,True
T12,S4944,1.0,1,500.0,883.7480026412481,-383.74800264124815,383.74800264124815,76.74960052824963,small,small,1029.5524534434965,529.5524534434965,105.91049068869928,-145.8044508022483,-29.160890160449654,False
T12,S4945,21.0,11,6046.1,15547.817436856403,-9501.717436856403,9501.717436856403,157.1544869726998,medium,large,14782.974059635942,8736.874059635942,144.50429300931083,764.8433772204608,12.650193963388972,True
T12,S4946,5.0,10,2532.2,5866.6709701283635,-3334.4709701283637,3334.4709701283637,131.68276479458035,medium,small,7626.857359217742,5094.657359217742,201.1949040051237,-1760.1863890893783,-69.51213921054335,False
T12,S4947,0.0,4,3783.8,1004.9492338962244,2778.8507661037756,2778.8507661037756,73.4407412152803,small,small,957.1919540890121,2826.608045910988,74.70289248667974,-47.7572798072124,-1.2621512713994463,False
T12,S4948,1.0,19,109307.0,25626.909328892427,83680.09067110758,83680.09067110758,76.55510687431507,small,small,23568.202478665768,85738.79752133423,78.43852408476513,-2058.7068502266484,-1.8834172104500624,False
T12,S4949,0.0,14,3020.8,7149.52354425498,-4128.72354425498,4128.72354425498,136.67649444700012,small,small,6748.625335944707,3727.825335944707,123.4052349028306,400.8982083102728,13.271259544169524,True
T12,S4950,43.0,46,90519.1,60861.88744059845,29657.212559401552,29657.212559401552,32.76348589347613,large,large,63652.063162140694,26867.036837859312,29.681069341011245,2790.1757215422404,3.0824165524648848,True
T12,S4952,0.0,26,29795.7,30397.4709496774,-601.7709496774005,601.7709496774005,2.0196570299653995,small,small,28867.3852370556,928.3147629443993,3.115599777633683,-326.54381326699877,-1.0959427476682833,False
T12,S4953,8.0,29,72349.5,45965.5322735439,26383.967726456103,26383.967726456103,36.46738087541186,medium,small,39194.44858621721,33155.05141378279,45.82623433995092,-6771.083687326689,-9.35885346453906,False
T12,S4954,18.0,23,610029.0,26023.022103391075,584005.9778966089,584005.9778966089,95.73413360620707,medium,large,24296.13235303521,585732.8676469647,96.01721682853844,-1726.8897503558546,-0.2830832223313706,False
T12,S4956,42.0,5,3289.5,9342.811132984918,-6053.311132984918,6053.311132984918,184.0191862892512,large,large,10089.27393246651,6799.773932466511,206.7114738551911,-746.4627994815928,-22.692287565939893,False
T12,S4957,5.0,1,2669.8,810.6226603377175,1859.1773396622825,1859.1773396622825,69.63732637884044,medium,small,940.996868208317,1728.8031317916832,64.75403145522822,130.37420787059932,4.883294923612226,True
T12,S4958,5.0,6,19139.7,7971.343662606871,11168.35633739313,11168.35633739313,58.351783661150016,medium,small,11307.424620917342,7832.275379082659,40.921620396780824,3336.080958310471,17.43016326436919,True
T12,S4959,21.0,6,5166.5,9320.455009066869,-4153.955009066869,4153.955009066869,80.40172281170751,medium,large,10268.614700185133,5102.114700185133,98.75379270657376,-948.1596911182642,-18.352069894866247,False
T12,S4965,40.0,10,6835.1,5037.359933036106,1797.7400669638946,1797.7400669638946,26.301591300257414,large,large,5610.883309548209,1224.2166904517917,17.910735621304614,573.5233765121029,8.3908556789528,True
T12,S4966,35.0,119,239840.0,356693.27136111376,-116853.27136111376,116853.27136111376,48.721343963106136,large,large,321543.31812049507,81703.31812049507,34.065759723355185,35149.95324061869,14.65558423975095,True
T12,S4968,0.0,5,1002.4,2839.861911205933,-1837.4619112059331,1837.4619112059331,183.30625610593907,small,small,2678.5250720683084,1676.1250720683083,167.21120032604833,161.3368391376248,16.095055779890743,True
T12,S4969,34.0,8,3490.8,5996.012239709889,-2505.212239709889,2505.212239709889,71.76613497507417,large,large,5103.344546693927,1612.5445466939273,46.19412589360397,892.667693015962,25.5720090814702,True
T12,S4970,21.0,9,12109.6,9959.955637804422,2149.6443621955787,2149.6443621955787,17.751571994083857,medium,large,10398.34278255573,1711.2572174442703,14.131409934632607,438.38714475130837,3.62016205945125,True
T44,S5017,36.0,11,2000.0,3114.1392048778566,-1114.1392048778566,1114.1392048778566,55.70696024389284,large,large,3099.635929278035,1099.6359292780348,54.981796463901745,14.50327559982179,0.7251637799910924,True
T44,S5018,54.0,15,3500.0,15476.698496712796,-11976.698496712796,11976.698496712796,342.1913856203656,large,large,15672.751375692935,12172.751375692935,347.79289644836956,-196.0528789801392,-5.6015108280039385,False
T44,S5019,38.0,10,4900.7,5122.673388654461,-221.9733886544609,221.9733886544609,4.529422095914072,large,large,6192.642868520917,1291.9428685209168,26.362414930946944,-1069.969479866456,-21.832992835032872,False
T44,S5020,20.0,5,1500.0,1502.4967600216828,-2.496760021682803,2.496760021682803,0.1664506681121869,medium,large,1546.4426318372484,46.44263183724843,3.096175455816562,-43.945871815565624,-2.929724787704375,False
T44,S5021,28.0,6,2000.0,2940.499492085356,-940.499492085356,940.499492085356,47.0249746042678,medium,large,2540.393992238785,540.3939922387849,27.019699611939245,400.1054998465711,20.00527499232855,True
T44,S5023,1.0,1,500.0,667.8599299360935,-167.85992993609352,167.85992993609352,33.5719859872187,small,small,659.869881431342,159.86988143134204,31.973976286268407,7.990048504751485,1.5980097009502963,True
T44,S5024,8.0,3,1500.0,3312.714729075018,-1812.714729075018,1812.714729075018,120.84764860500121,medium,small,3038.6116096538353,1538.6116096538353,102.5741073102557,274.1031194211828,18.273541294745513,True
T44,S5026,2.0,1,550.0,1752.7849755736136,-1202.7849755736136,1202.7849755736136,218.68817737702068,small,small,1881.3846621352682,1331.3846621352682,242.06993857004875,-128.5996865616546,-23.38176119302807,False
T44,S5027,5.0,1,500.0,1405.4269046639597,-905.4269046639597,905.4269046639597,181.08538093279194,medium,small,1540.6796889597128,1040.6796889597128,208.13593779194255,-135.25278429575314,-27.050556859150618,False
T5,S521,16.0,4,16385.1,3119.625032299488,13265.474967700511,13265.474967700511,80.96059815137235,medium,large,3141.229130257107,13243.870869742892,80.82874605429868,21.60409795761916,0.13185209707367562,True
T5,S522,30.0,9,1711.6,8079.4555865701805,-6367.85558657018,6367.85558657018,372.0411069508168,large,large,10030.366285464497,8318.766285464497,486.0228023758178,-1950.9106988943167,-113.98169542500096,False
T5,S523,3.0,6,13108.9,2824.2340498265166,10284.665950173483,10284.665950173483,78.45559848784782,small,small,2793.9810768750663,10314.918923124933,78.68638042188843,-30.25297295144992,-0.23078193404060698,False
T5,S524,8.0,10,5200.7,12823.979770155058,-7623.279770155058,7623.279770155058,146.5818018758063,medium,small,10730.510694594817,5529.8106945948175,106.32819994606145,2093.4690755602405,40.253601929744846,True
T5,S525,2.0,3,3390.8,1544.9509549137924,1845.8490450862078,1845.8490450862078,54.43697785437678,small,small,1447.4496503130179,1943.3503496869823,57.31244395679433,-97.50130460077457,-2.8754661024175547,False
T5,S526,2.0,10,17645.1,16555.147882307196,1089.9521176928029,1089.9521176928029,6.177080989582394,small,small,17493.915122984567,151.184877015432,0.8568094089318394,938.7672406773709,5.320271580650554,True
T5,S527,0.0,9,3097.2,17977.506646707934,-14880.306646707933,14880.306646707933,480.4438411051251,small,small,19306.331257963924,16209.131257963923,523.3479032017282,-1328.82461125599,-42.90406209660307,False
T5,S528,8.0,12,15906.6,13879.137303653864,2027.462696346136,2027.462696346136,12.746046900947631,medium,small,12266.415709142848,3640.1842908571525,22.8847414963421,-1612.7215945110165,-10.13869459539447,False
T6,S562,36.0,56,43644.5,65719.80889628702,-22075.308896287024,22075.308896287024,50.579818525328555,large,large,69519.37741180559,25874.877411805588,59.285539785781914,-3799.568515518564,-8.705721260453359,False
T6,S563,0.0,1,500.0,2969.8571544279903,-2469.8571544279903,2469.8571544279903,493.971430885598,small,small,2848.3495705518667,2348.3495705518667,469.6699141103734,121.50758387612359,24.301516775224627,True
T6,S564,8.0,14,33578.6,16543.83463229494,17034.76536770506,17034.76536770506,50.73101727798377,medium,small,13338.384385854793,20240.215614145207,60.277127736550085,-3205.4502464401485,-9.546110458566318,False
T6,S565,11.0,18,12830.3,28699.965568506395,-15869.665568506396,15869.665568506396,123.68896727673085,medium,small,24118.756456530893,11288.456456530894,87.98279429577558,4581.209111975502,35.70617298095527,True
T6,S567,36.0,45,112248.0,65225.98104711913,47022.01895288087,47022.01895288087,41.89118643795958,large,large,68797.58835708734,43450.41164291266,38.709296952206415,3571.6073099682108,3.1818894857531674,True
T6,S568,0.0,7,25500.2,4660.070415282154,20840.129584717848,20840.129584717848,81.72535738824733,small,small,4183.402875375643,21316.797124624358,83.59462719752926,-476.6675399065098,-1.8692698092819313,False
T6,S569,0.0,5,10592.7,5114.287783369096,5478.412216630904,5478.412216630904,51.718751750081694,small,small,4547.7163862931175,6044.983613706883,57.06744846646165,-566.5713970759789,-5.348696716379955,False
T1,S57,66.0,29,21916.7,25338.14322633752,-3421.44322633752,3421.44322633752,15.611124057625098,large,large,40377.245155794975,18460.545155794975,84.23049617777755,-15039.101929457454,-68.61937212015246,False
T1,S58,59.0,33,12144.8,18156.05200089971,-6011.252000899709,6011.252000899709,49.49650880129528,large,large,28519.855395574883,16375.055395574884,134.83182428343724,-10363.803394675175,-85.33531548214197,False
T1,S59,108.0,24,13760.8,19778.121541818506,-6017.321541818506,6017.321541818506,43.72799213576614,large,large,28991.01418955112,15230.21418955112,110.67826136235625,-9212.892647732613,-66.95026922659011,False
T1,S6,41.0,16,17412.6,21886.181596366867,-4473.581596366868,4473.581596366868,25.691634772330772,large,large,20888.38744317822,3475.787443178222,19.961335143391697,997.7941531886463,5.7302996289390755,True
T1,S60,39.0,13,5837.9,17646.451646218473,-11808.551646218473,11808.551646218473,202.27396231895844,large,large,15989.654678478664,10151.754678478665,173.8939460846994,1656.7969677398087,28.380016234259045,True
T1,S61,121.0,49,9925.7,28131.609952463597,-18205.909952463597,18205.909952463597,183.4219244230996,large,large,30650.729716372407,20725.029716372406,208.80169374827372,-2519.1197639088095,-25.379769325174124,False
T1,S62,95.0,33,15023.8,23743.367206467694,-8719.567206467695,8719.567206467695,58.038360511107015,large,large,28467.713738501712,13443.913738501713,89.48411013526348,-4724.346532034018,-31.445749624156463,False
T1,S63,62.0,30,8309.0,18618.625262493977,-10309.625262493977,10309.625262493977,124.07781035616775,large,large,32015.480893958527,23706.480893958527,285.310878492701,-13396.85563146455,-161.2330681365333,False
T1,S64,72.0,15,10688.8,23315.055023209505,-12626.255023209505,12626.255023209505,118.1260293317258,large,large,21207.503372934985,10518.703372934986,98.40864618044108,2107.5516502745195,19.71738315128472,True
T1,S65,12.0,10,2345.8,12680.368211966255,-10334.568211966256,10334.568211966256,440.55623718843276,medium,small,10651.7518577163,8305.9518577163,354.07757940644126,2028.6163542499562,86.4786577819915,True
T1,S66,18.0,17,8953.9,17836.156531470224,-8882.256531470224,8882.256531470224,99.19986298116156,medium,large,16488.606534605464,7534.706534605464,84.14999647757362,1347.54999686476,15.049866503587936,True
T7,S670,28.0,7,8176.2,7150.71737886161,1025.4826211383897,1025.4826211383897,12.54228885225887,medium,large,7255.037797736765,921.1622022632346,11.266385390074053,104.32041887515516,1.275903462184818,True
T7,S671,33.0,11,2630.4,6762.365945188185,-4131.965945188185,4131.965945188185,157.08508003300582,large,large,7704.671934213763,5074.2719342137625,192.9087566230901,-942.3059890255772,-35.82367659008429,False
T7,S672,42.0,8,3605.3,6158.862999324221,-2553.562999324221,2553.562999324221,70.82803093568415,large,large,6103.329387443559,2498.0293874435592,69.28769831757576,55.53361188066174,1.540332618108394,True
T7,S673,13.0,12,7047.7,6123.038792567978,924.6612074320219,924.6612074320219,13.120042104970727,medium,large,5219.45050926635,1828.2494907336495,25.9410799371944,-903.5882833016276,-12.821037832223672,False
T7,S674,5.0,15,9272.8,17264.676003473214,-7991.876003473215,7991.876003473215,86.18622210630247,medium,small,16800.98134340046,7528.181343400462,81.1856326395529,463.6946600727533,5.00058946674956,True
T7,S675,0.0,15,3682.3,17861.44873076327,-14179.14873076327,14179.14873076327,385.0622907086134,small,small,15309.761752403569,11627.461752403568,315.76628065077716,2551.686978359703,69.29601005783621,True
T7,S676,0.0,8,5954.3,7142.399167258573,-1188.0991672585724,1188.0991672585724,19.95363295867814,small,small,7633.169700077492,1678.8697000774919,28.19592059650155,-490.7705328189195,-8.242287637823413,False
T7,S677,0.0,10,27730.2,10253.335417060996,17476.864582939004,17476.864582939004,63.02466113817788,small,small,11248.561227051006,16481.638772948994,59.43570105137718,995.22580999001,3.5889600868007037,True
T7,S678,0.0,1,502.6,1181.6308582612814,-679.0308582612814,679.0308582612814,135.10363276189443,small,small,1234.1233302318287,731.5233302318287,145.547817395907,-52.492471970547285,-10.444184634012572,False
T7,S679,0.0,1,555.0,1181.6308582612814,-626.6308582612814,626.6308582612814,112.90646094797864,small,small,1234.1233302318287,679.1233302318287,122.3645640057349,-52.492471970547285,-9.458103057756261,False
T7,S680,0.0,2,500.0,790.7663826372539,-290.76638263725386,290.76638263725386,58.15327652745077,small,small,755.4824819332936,255.48248193329357,51.09649638665872,35.283900703960285,7.05678014079205,True
T7,S681,0.0,2,535.2,790.7663826372539,-255.5663826372538,255.5663826372538,47.7515662625661,small,small,755.4824819332936,220.28248193329352,41.15890918036127,35.283900703960285,6.5926570822048305,True
T7,S682,0.0,6,5915.3,2177.3741488964597,3737.9258511035405,3737.9258511035405,63.19080775452708,small,small,2240.146538098199,3675.153461901801,62.12962084597232,62.772389201739315,1.0611869085547596,True
T7,S685,0.0,2,631.3,790.3787090838688,-159.07870908386883,159.07870908386883,25.198591649591133,small,small,753.9558539764544,122.65585397645441,19.429091394971394,36.42285510741442,5.769500254619739,True
T8,S698,0.0,1,509.3,986.302775280592,-477.00277528059195,477.00277528059195,93.65850682909718,small,small,1029.7492216513056,520.4492216513056,102.18912657594848,-43.44644637071366,-8.5306197468513,False
T1,S7,80.0,29,32260.1,24286.167427273118,7973.932572726881,7973.932572726881,24.71763129291875,large,large,24202.435033639555,8057.664966360444,24.97718533532272,-83.73239363356333,-0.25955404240396973,False
T9,S783,5.0,1,9992.3,944.2306495228452,9048.069350477153,9048.069350477153,90.55041732611264,medium,small,1054.015408285185,8938.284591714815,89.45172374443136,109.78475876233824,1.0986935816812746,True
T9,S784,3.0,1,7837.2,655.4179967930121,7181.782003206988,7181.782003206988,91.63708981788123,small,small,681.0759303828618,7156.124069617138,91.30970333304163,25.657933589849563,0.3273864848396073,True
T9,S785,43.0,9,36653.6,24449.96910524493,12203.630894755068,12203.630894755068,33.294494660156346,large,large,18544.365074352165,18109.234925647834,49.40642917925616,-5905.604030892766,-16.111934519099812,False
T9,S786,27.0,11,20380.7,17875.95798471199,2504.7420152880113,2504.7420152880113,12.289774224084606,medium,large,22847.497868639864,2466.7978686398637,12.103597367312524,37.94414664814758,0.1861768567720823,True
T9,S787,10.0,3,27006.8,3929.2624231990153,23077.537576800984,23077.537576800984,85.4508404431513,medium,small,3180.3215863392725,23826.478413660727,88.22399696987695,-748.9408368597433,-2.773156526725657,False
T9,S788,0.0,1,500.0,561.0899186852885,-61.08991868528847,61.08991868528847,12.217983737057693,small,small,569.4675319088503,69.46753190885033,13.893506381770065,-8.377613223561866,-1.6755226447123714,False
T9,S789,17.0,6,3858.0,29583.76515983557,-25725.76515983557,25725.76515983557,666.8161005659816,medium,large,30676.402346885094,26818.402346885094,695.137437710863,-1092.637187049524,-28.32133714488134,False
T9,S790,13.0,3,6870.4,4544.352356919395,2326.0476430806048,2326.0476430806048,33.856073053688355,medium,large,4028.0666192425456,2842.333380757454,41.37071175997692,-516.2857376768493,-7.514638706288565,False
T9,S791,19.0,4,1543.0,4632.115931515792,-3089.115931515792,3089.115931515792,200.20193982603965,medium,large,4936.2823182524,3393.2823182524,219.9146026087103,-304.1663867366078,-19.712662782670662,False
T9,S792,19.0,4,4965.6,4632.115931515792,333.48406848420836,333.48406848420836,6.715886669973585,medium,large,4936.2823182524,29.317681747600545,0.5904156949331509,304.1663867366078,6.125470975040434,True
T9,S793,49.0,11,3897.9,17773.961467375928,-13876.061467375928,13876.061467375928,355.98813379963383,large,large,21575.632432046048,17677.732432046047,453.51939331553,-3801.6709646701183,-97.53125951589618,False
T9,S794,17.0,9,2507.0,25243.855219668803,-22736.855219668803,22736.855219668803,906.9347913709136,medium,large,25123.91337314332,22616.91337314332,902.1505134879666,119.9418465254821,4.784277882946981,True
T9,S795,60.0,21,237376.0,27035.04818011556,210340.95181988445,210340.95181988445,88.61087549705296,large,large,23494.864557284192,213881.1354427158,90.10225778626138,-3540.1836228313623,-1.491382289208417,False
T9,S797,0.0,2,1036.8,2730.0021282889948,-1693.2021282889948,1693.2021282889948,163.3103904599725,small,small,3004.637515678799,1967.837515678799,189.79914310173604,-274.63538738980424,-26.48875264176354,False
T1,S8,41.0,17,28958.9,19518.2498106045,9440.650189395503,9440.650189395503,32.60016847806892,large,large,21900.213189301543,7058.686810698458,24.374844385313178,2381.9633786970444,8.225324092755745,True
T10,S847,10.0,2,631.5,2134.5491146970485,-1503.0491146970485,1503.0491146970485,238.0125280597068,medium,small,1919.7204167261573,1288.2204167261573,203.99373186479136,214.8286979708912,34.01879619491544,True
T10,S848,125.0,6,22082.5,7830.846825434797,14251.653174565203,14251.653174565203,64.53822336495054,large,large,16417.913611321936,5664.586388678064,25.651925228928175,8587.066785887138,38.88629813602236,True
T10,S849,5.0,1,511.5,848.6296664244113,-337.1296664244113,337.1296664244113,65.9100032110286,medium,small,846.9889401701336,335.48894017013356,65.58923561488437,1.6407262542777517,0.320767596144222,True
T10,S851,45.0,5,2358.9,22894.6413527875,-20535.7413527875,20535.7413527875,870.5643033951205,large,large,20903.346400370832,18544.44640037083,786.1480520738832,1991.2949524166688,84.41625132123738,True
T10,S852,5.0,1,500.0,991.5216147020342,-491.5216147020342,491.5216147020342,98.30432294040683,medium,small,914.8901647100024,414.8901647100024,82.97803294200048,76.63144999203178,15.326289998406352,True
T10,S853,131.0,15,22487.6,7100.607519151835,15386.992480848163,15386.992480848163,68.4243426637265,large,large,18017.49950744964,4470.1004925503585,19.8780683245449,10916.891988297804,48.54627433918161,True
T10,S855,5.0,1,501.5,846.236403178888,-344.73640317888805,344.73640317888805,68.74105746338745,medium,small,863.3094135775733,361.8094135775733,72.14544637638551,-17.073010398685255,-3.4043889129980585,False
T10,S857,8.0,1,500.0,2548.954862321056,-2048.954862321056,2048.954862321056,409.7909724642112,medium,small,2556.7882014486886,2056.7882014486886,411.3576402897377,-7.833339127632371,-1.5666678255264515,False
T10,S858,13.0,1,4834.0,2309.361487093393,2524.638512906607,2524.638512906607,52.2266965847457,medium,large,2307.591730370409,2526.408269629591,52.26330719134445,-1.769756722983857,-0.036610606598749484,False
T1,S9,69.0,21,19307.4,20193.98021621134,-886.5802162113396,886.5802162113396,4.591919244493508,large,large,29406.287464544337,10098.887464544336,52.30578671672175,-9212.307248332996,-47.71386747222824,False
T2,S90,3.0,2,563.4,1452.6164008020098,-889.2164008020098,889.2164008020098,157.830387078809,small,small,1355.9246641536854,792.5246641536854,140.66820450012167,96.69173664832442,17.16218257868732,True
T2,S91,22.0,28,38831.6,54831.04787117621,-15999.447871176213,15999.447871176213,41.20213401244403,medium,large,43112.06973889217,4280.46973889217,11.023160876430975,11718.978132284043,30.178973136013052,True
T2,S92,54.0,35,54800.5,65967.73996107189,-11167.239961071886,11167.239961071886,20.37798918088683,large,large,31226.246340259873,23574.253659740127,43.018318555013416,-12407.013698668241,-22.640329374126587,False
T2,S93,1.0,4,5219.9,3898.6708988460614,1321.2291011539382,1321.2291011539382,25.311387213432024,small,small,3078.9814129904025,2140.918587009597,41.01455175404888,-819.6894858556589,-15.703164540616857,False
T2,S94,1.0,2,509.4,1384.9344057169908,-875.5344057169908,875.5344057169908,171.87561949685727,small,small,1364.5913932264618,855.1913932264619,167.88209525450765,20.343012490528963,3.993524242349622,True
T2,S95,16.0,6,1021.8,5042.966322488933,-4021.1663224889326,4021.1663224889326,393.5375144342271,medium,large,4303.316639243043,3281.516639243043,321.1505812529891,739.6496832458897,72.38693318123796,True
T11,S957,52.0,10,3264.0,8565.642470077197,-5301.642470077197,5301.642470077197,162.4277717548161,large,large,8558.274713274799,5294.274713274799,162.20204391160536,7.367756802397707,0.22572784321073414,True
T11,S958,19.0,5,4764.4,9567.943134723439,-4803.543134723439,4803.543134723439,100.8215753237226,medium,large,10811.223526694243,6046.823526694243,126.91678966279581,-1243.280391970804,-26.09521433907321,False
T11,S959,10.0,3,11573.7,4259.4590254464165,7314.240974553584,7314.240974553584,63.197084549915616,medium,small,4006.607790421484,7567.092209578517,65.38178983020569,-252.85123502493298,-2.184705280290075,False
T2,S96,3.0,1,520.8,1740.1827364823525,-1219.3827364823526,1219.3827364823526,234.1364701387006,small,small,1537.6011430328283,1016.8011430328283,195.23831471444478,202.58159344952423,38.898155424255805,True
T11,S962,75.0,8,9646.9,20446.619642801317,-10799.719642801318,10799.719642801318,111.9501564523455,large,large,19149.49485068396,9502.594850683961,98.50412931287732,1297.1247921173563,13.446027139468171,True
T11,S964,39.0,8,26018.0,7396.964902755543,18621.035097244458,18621.035097244458,71.56981742349319,large,large,8352.401719231912,17665.59828076809,67.89760273951913,955.4368164763691,3.6722146839740617,True
T11,S965,24.0,1,17036.0,1370.3213004130837,15665.678699586917,15665.678699586917,91.95632014314931,medium,large,1334.8950808070451,15701.104919192954,92.16426930730779,-35.42621960603719,-0.20794916415847808,False
T11,S966,5.0,1,500.0,1778.2024484073092,-1278.2024484073092,1278.2024484073092,255.64048968146187,medium,small,1710.313457598223,1210.313457598223,242.0626915196446,67.88899080908618,13.57779816181727,True
T11,S967,18.0,8,3374.6,7139.599737475262,-3764.9997374752625,3764.9997374752625,111.56877074246614,medium,large,10406.135880539607,7031.535880539606,208.36649915662915,-3266.536143064344,-96.797728414163,False
T11,S968,6.0,2,3357.0,1704.83390964163,1652.16609035837,1652.16609035837,49.215552289495676,medium,small,1663.8947252000082,1693.1052747999918,50.43506925230836,-40.93918444162182,-1.2195169628126834,False
T11,S969,23.0,8,14890.2,8999.592711166222,5890.6072888337785,5890.6072888337785,39.5602966302251,medium,large,8318.752635934534,6571.447364065467,44.13270046114536,-680.8400752316884,-4.572403830920258,False
T2,S97,1.0,1,623.4,708.9060814497998,-85.50608144979981,85.50608144979981,13.71608621267241,small,small,700.4805301596131,77.08053015961309,12.36453804292799,8.425551290186718,1.3515481697444205,True
T11,S970,7.0,2,6528.3,1753.0172512709644,4775.282748729036,4775.282748729036,73.14741584683662,medium,small,1700.400441623209,4827.899558376791,73.9533961119555,-52.61680964775496,-0.8059802651188761,False
T11,S971,29.0,6,54506.3,5560.755180452219,48945.54481954778,48945.54481954778,89.79795880393235,large,large,5411.956779149743,49094.34322085026,90.07095183648543,-148.7984013024834,-0.2729930325530887,False
T11,S972,1.0,1,500.7,651.7129113522728,-151.01291135227285,151.01291135227285,30.16035776957716,small,small,665.606842254861,164.90684225486103,32.93525908824866,-13.893930902588181,-2.774901318671496,False
T11,S973,7.0,2,3819.3,1753.0172512709644,2066.282748729036,2066.282748729036,54.10108524412944,medium,small,1700.400441623209,2118.899558376791,55.47874108807349,-52.61680964775496,-1.3776558439440478,False
T11,S974,21.0,7,3223.7,8612.809258035435,-5389.109258035435,5389.109258035435,167.1715500212624,medium,large,8020.221466856126,4796.521466856127,148.78932490170072,592.5877911793086,18.382225119561667,True
T11,S975,16.0,1,500.0,2116.5990109436248,-1616.5990109436248,1616.5990109436248,323.31980218872496,medium,large,1814.4083491635724,1314.4083491635724,262.8816698327145,302.1906617800523,60.43813235601044,True
T11,S976,60.0,16,35094.0,8497.174389031648,26596.82561096835,26596.82561096835,75.78738704897803,large,large,8924.900573801462,26169.09942619854,74.56858558784562,427.72618476981006,1.218801461132415,True
T11,S978,25.0,7,12078.2,6686.794485484987,5391.405514515014,5391.405514515014,44.63749163381144,medium,large,6622.532183850879,5455.667816149122,45.16954360872582,-64.26230163410764,-0.5320519749143742,False
T11,S979,39.0,3,23856.5,5153.288965038163,18703.211034961838,18703.211034961838,78.39880550358114,large,large,5240.608600109433,18615.891399890566,78.03278519435193,87.31963507127148,0.3660203092292136,True
T11,S981,15.0,4,3528.4,4570.752206209569,-1042.3522062095685,1042.3522062095685,29.54178115320169,medium,large,4825.566798172342,1297.1667981723417,36.763598179694526,-254.8145919627732,-7.221817026492836,False
T11,S982,65.0,8,4144.2,11624.679460404208,-7480.479460404208,7480.479460404208,180.504788871295,large,large,10740.995966535691,6596.795966535691,159.18140935610472,883.683493868517,21.323379515190283,True
T11,S983,12.0,3,1089.6,4633.218518010414,-3543.6185180104144,3543.6185180104144,325.2219638408971,medium,small,5113.112772955503,4023.512772955503,369.26512233438905,-479.8942549450885,-44.043158493491944,False
T11,S984,18.0,8,711.4,9212.460578269902,-8501.060578269902,8501.060578269902,1194.9761847441528,medium,large,9500.079873596897,8788.679873596897,1235.4062234462885,-287.6192953269947,-40.43003870213579,False
T11,S985,15.0,7,17288.5,5630.255418446612,11658.244581553388,11658.244581553388,67.43352275531936,medium,large,5154.985357277322,12133.51464272268,70.1825759477264,-475.2700611692908,-2.7490531924070467,False
T11,S986,5.0,5,514.5,7966.886016220072,-7452.386016220072,7452.386016220072,1448.4715289057476,medium,small,8780.814675278432,8266.314675278432,1606.6695190045543,-813.9286590583606,-158.1979900988067,False
T11,S988,16.0,1,1665.7,2116.5990109436248,-450.8990109436247,450.8990109436247,27.06964104842557,medium,large,1814.4083491635724,148.7083491635724,8.927679003636452,302.1906617800523,18.141962044789118,True
T2,S99,4.0,2,506.4,1388.060232743742,-881.6602327437421,881.6602327437421,174.10352147388272,small,small,1304.8807324163938,798.4807324163938,157.67786975047272,83.17950032734825,16.42565172341,True
T11,S990,126.0,34,568408.0,45896.52595414852,522511.4740458515,522511.4740458515,91.92542575858388,large,large,44966.41175499838,523441.5882450016,92.08906071782972,-930.1141991501208,-0.16363495924584015,False
T11,S992,75.0,11,4618.0,9138.459872440319,-4520.459872440319,4520.459872440319,97.88782746730877,large,large,9397.183724168055,4779.183724168055,103.49033616648018,-258.7238517277365,-5.602508699171409,False
T11,S993,4.0,1,602.9,1933.7361797106676,-1330.8361797106677,1330.8361797106677,220.73912418488436,small,small,1810.2523169184801,1207.35231691848,200.25747502379835,123.48386279218767,20.48164916108601,True
T11,S994,3.0,1,500.0,1743.7589144341018,-1243.7589144341018,1243.7589144341018,248.7517828868204,small,small,1546.7515277836778,1046.7515277836778,209.35030555673558,197.007386650424,39.401477330084816,True
T11,S995,7.0,1,500.0,1581.9403538953043,-1081.9403538953043,1081.9403538953043,216.38807077906085,medium,small,1523.0558664126052,1023.0558664126052,204.61117328252107,58.884487482699114,11.776897496539789,True
T11,S996,28.0,8,24638.5,8508.152215093194,16130.347784906806,16130.347784906806,65.46805927676931,medium,large,8217.311533445634,16421.188466554366,66.64849104675352,-290.8406816475599,-1.1804317699842102,False
T11,S998,14.0,2,656.0,2454.0562952987643,-1798.0562952987643,1798.0562952987643,274.0939474540799,medium,large,2445.0713798386428,1789.0713798386428,272.7242957071102,8.984915460121556,1.369651746969737,True
T11,S999,14.0,6,6464.5,13505.1708480745,-7040.6708480745,7040.6708480745,108.91284473779102,medium,large,12227.438841600528,5762.938841600528,89.14747995360086,1277.7320064739724,19.765364784190155,True
