team_id,sprint_id,planned_story_points,total_tasks,actual_sprint_cost,baseline_predicted_sprint_cost,residual,baseline_absolute_error,baseline_absolute_percentage_error,sprint_size_band,small_vs_large,segmented_predicted_sprint_cost,segmented_absolute_error,segmented_absolute_percentage_error,absolute_error_improvement,absolute_percentage_error_improvement,segmented_beats_baseline
T15,S1113,33.0,2,4433.0,7277.506056775283,-2844.5060567752826,2844.5060567752826,64.16661531187194,large,large,6605.35169514809,2172.3516951480897,49.00409869497157,672.1543616271929,15.16251661690037,True
T15,S1115,192.0,10,23652.1,12755.662977010876,10896.437022989123,10896.437022989123,46.069638733935356,large,large,25736.322691517402,2084.2226915174033,8.811998475896024,8812.21433147172,37.25764025803933,True
T15,S1116,18.0,8,16386.3,6612.498838960326,9773.801161039673,9773.801161039673,59.64617492075498,medium,large,7990.5278330702895,8395.77216692971,51.23653397612463,1378.0289941099636,8.409640944630347,True
T15,S1117,29.0,12,15435.3,8530.665206039428,6904.634793960571,6904.634793960571,44.73275410235351,large,large,9656.32251992289,5778.97748007711,37.44000751574061,1125.657313883461,7.2927465866129,True
T15,S1120,5.0,2,127600.0,3959.885858302745,123640.11414169725,123640.11414169725,96.89664117687873,medium,small,3581.0316078825067,124018.96839211749,97.1935488966438,-378.85425042023417,-0.29690771976507335,False
T15,S1121,21.0,16,31949.6,9248.573006607176,22701.02699339282,22701.02699339282,71.05261722648429,medium,large,9975.960093801199,21973.639906198798,68.77594682311765,727.3870871940235,2.276670403366637,True
T15,S1122,11.0,3,4990.6,22715.42302618461,-17724.82302618461,17724.82302618461,355.16416916171625,medium,small,22215.588164641933,17224.98816464193,345.148642741192,499.8348615426803,10.015526420524225,True
T15,S1123,16.0,10,233721.0,6387.90843643296,227333.09156356705,227333.09156356705,97.26686586295928,medium,large,7360.215414057221,226360.78458594278,96.85085404646685,972.3069776242774,0.41601181649242847,True
T16,S1159,2.0,5,3965.2,3657.2392999835106,307.9607000164892,307.9607000164892,7.766586805621135,small,small,3185.482313226188,779.7176867738117,19.664019135826987,-471.75698675732247,-11.897432330205852,False
T16,S1160,3.0,5,4006.5,3563.6956250472963,442.8043749527037,442.8043749527037,11.052149630667758,small,small,3158.478636141234,848.0213638587661,21.166139120398505,-405.2169889060624,-10.113989489730747,False
T16,S1161,5.0,4,7599.5,3864.9572287556316,3734.5427712443684,3734.5427712443684,49.14195369753758,medium,small,3810.471837851181,3789.028162148819,49.85891390418868,-54.48539090445047,-0.7169602066511018,False
T16,S1162,4.0,3,11470.8,2469.1132282275025,9001.686771772496,9001.686771772496,78.47479488590594,small,small,2516.0768849989768,8954.723115001023,78.06537569307305,46.963656771473325,0.4094191928328854,True
T16,S1163,0.0,1,655.8,743.6439422896477,-87.84394228964777,87.84394228964777,13.394928680946597,small,small,719.0545283891282,63.25452838912827,9.645399266411752,24.589413900519503,3.7495294145348446,True
T16,S1164,0.0,4,31092.2,2684.78841963778,28407.41158036222,28407.41158036222,91.3650741355138,small,small,2514.406956608423,28577.79304339158,91.91306193640713,-170.38146302936002,-0.5479878008933383,False
T16,S1165,9.0,6,4550.9,3904.2024746996362,646.6975253003634,646.6975253003634,14.210321591341568,medium,small,4113.146937160536,437.7530628394634,9.61904376803409,208.9444624609,4.591277823307479,True
T16,S1166,11.0,4,67233.5,6373.169088524798,60860.330911475205,60860.330911475205,90.52084290045171,medium,small,5732.816966221623,61500.683033778376,91.47327304658894,-640.3521223031712,-0.9524301461372318,False
T17,S1248,1.0,1,990.8,1410.6355393584645,-419.83553935846453,419.83553935846453,42.373389115711,small,small,1387.9560168399948,397.1560168399949,40.08437796124293,22.67952251846964,2.2890111544680707,True
T17,S1254,4.0,2,1331.6,2208.7528117664015,-877.1528117664016,877.1528117664016,65.87209460546723,small,small,2174.7574718878495,843.1574718878496,63.319125254419475,33.99533987855193,2.55296935104775,True
T17,S1259,4.5,4,3419.3,5823.062575643169,-2403.762575643169,2403.762575643169,70.29984428518027,medium,small,5469.402894873629,2050.1028948736284,59.956800949715685,353.6596807695405,10.343043335464586,True
T17,S1260,3.0,1,2098.5,737.9584509130433,1360.5415490869568,1360.5415490869568,64.8340028156758,small,small,726.5843159008818,1371.9156840991182,65.376015444323,-11.374135012161332,-0.5420126286471998,False
T17,S1261,1.5,3,1508.4,4813.19086579175,-3304.79086579175,3304.79086579175,219.09247320284737,small,small,5281.335048685299,3772.9350486852986,250.1282848505236,-468.14418289354853,-31.03581164767624,False
T17,S1262,0.0,1,6101.2,597.4108565987178,5503.789143401282,5503.789143401282,90.20830563497807,small,small,619.6758082675938,5481.524191732406,89.84337821629197,22.264951668876165,0.3649274186861078,True
T17,S1263,1.0,2,1331.6,1403.0806331025537,-71.48063310255384,71.48063310255384,5.3680259163828365,small,small,1372.7251892474123,41.125189247412436,3.0884041189105167,30.355443855141402,2.27962179747232,True
T17,S1267,14.5,6,17886.6,7611.5891197897845,10275.010880210215,10275.010880210215,57.44529916367681,medium,large,8370.258807996848,9516.34119200315,53.20374577618525,758.6696882070646,4.241553387491557,True
T17,S1269,14.5,7,7761.1,21614.78218120883,-13853.68218120883,13853.68218120883,178.50152918025574,medium,large,17025.457930728495,9264.357930728494,119.36913492582875,4589.324250480335,59.132394254427,True
T17,S1271,3.0,1,1371.8,737.6447411770904,634.1552588229096,634.1552588229096,46.22796754795959,small,small,723.8333607259043,647.9666392740957,47.23477469558942,-13.811380451186096,-1.0068071476298357,False
T17,S1272,1.0,1,174917.0,1244.717828842933,173672.28217115707,173672.28217115707,99.28839516522527,small,small,1247.0639491958527,173669.93605080416,99.28705388887539,2.3461203529150225,0.0013412763498763525,True
T19,S1321,0.0,10,12462.5,13366.659571224402,-904.1595712244016,904.1595712244016,7.255041694879852,small,small,14692.202501347749,2229.7025013477487,17.891293892459366,-1325.542930123347,-10.636252197579514,False
T19,S1330,23.0,47,14731.0,22212.91601068149,-7481.916010681489,7481.916010681489,50.790279075972364,medium,large,22058.115866190594,7327.115866190594,49.739432938636845,154.80014449089504,1.050846137335519,True
T19,S1334,17.0,26,10696.5,22456.7444893249,-11760.244489324901,11760.244489324901,109.94479025218438,medium,large,20904.169522080054,10207.669522080054,95.42999599943957,1552.5749672448474,14.514794252744807,True
T19,S1335,23.0,37,26807.1,21506.17254613584,5300.927453864158,5300.927453864158,19.774341326977403,medium,large,21213.524316255443,5593.575683744555,20.866023119787503,-292.6482298803967,-1.0916817928100997,False
T19,S1350,21.0,12,6755.4,8089.567415503176,-1334.167415503176,1334.167415503176,19.749643477857358,medium,large,6832.808711718074,77.4087117180743,1.1458790259359075,1256.7587037851017,18.60376445192145,True
T20,S1405,16.0,44,7415.0,25629.94602915726,-18214.94602915726,18214.94602915726,245.64998016395498,medium,large,26309.417707417353,18894.417707417353,254.81345525849432,-679.4716782600917,-9.163475094539336,False
T20,S1409,5.0,46,21848.4,23234.142538897988,-1385.7425388979864,1385.7425388979864,6.3425355582009955,medium,small,24496.39425845225,2647.994258452247,12.119854352960612,-1262.2517195542605,-5.7773187947596165,False
T20,S1410,34.0,31,10536.3,17244.585391046967,-6708.285391046968,6708.285391046968,63.6683218117078,large,large,17796.975626065083,7260.675626065084,68.9110563107076,-552.3902350181161,-5.242734498999795,False
T20,S1411,35.0,38,54816.1,35401.231976162206,19414.868023837793,19414.868023837793,35.418185576569286,large,large,28009.125239609224,26806.974760390774,48.90346952882598,-7392.106736552982,-13.485283952256694,False
T20,S1417,68.0,20,16376.6,4336.497301403488,12040.102698596513,12040.102698596513,73.5201610749271,large,large,2506.688288364656,13869.911711635345,84.6934755177225,-1829.8090130388318,-11.173314442795402,False
T20,S1420,23.0,19,9933.2,10433.837738410002,-500.6377384100015,500.6377384100015,5.040044883924631,medium,large,8432.679467762513,1500.5205322374877,15.106114164997056,-999.8827938274862,-10.066069281072425,False
T18,S1460,44.0,12,2152.7,9463.912509546293,-7311.212509546293,7311.212509546293,339.6298838456958,large,large,8359.569686389412,6206.869686389412,288.3295250796401,1104.3428231568814,51.300358766055695,True
T18,S1461,50.0,14,3500.0,30932.8153363914,-27432.8153363914,27432.8153363914,783.7947238968972,large,large,32052.44525427963,28552.44525427963,815.7841501222752,-1119.6299178882327,-31.989426225377997,False
T18,S1462,40.0,11,2794.7,10970.987447173507,-8176.287447173508,8176.287447173508,292.56404791832784,large,large,10298.735416795045,7504.035416795045,268.50951503900404,672.2520303784622,24.0545328793238,True
T18,S1463,30.0,7,27042.4,9702.130222038537,17340.269777961465,17340.269777961465,64.12252528607469,large,large,8570.785176996445,18471.614823003554,68.30612232273597,-1131.3450450420896,-4.183597036661283,False
T18,S1465,3.0,3,9491.3,4351.032917255768,5140.267082744232,5140.267082744232,54.15767158075534,small,small,4873.367170186369,4617.932829813631,48.65437642697661,522.334252930601,5.50329515377873,True
T18,S1466,18.0,6,114771.0,4325.595559270907,110445.4044407291,110445.4044407291,96.23110754522405,medium,large,4606.896275817393,110164.10372418261,95.98601016300512,281.30071654648054,0.24509738221892974,True
T18,S1467,10.0,2,94759.1,2490.6427156431027,92268.4572843569,92268.4572843569,97.37160577122081,medium,small,2632.465866166853,92126.63413383315,97.22193872022122,141.82315052374906,0.14966705099959654,True
T18,S1468,13.0,3,18564.8,3513.5428482884568,15051.257151711543,15051.257151711543,81.0741680584307,medium,large,3211.420424999281,15353.37957500072,82.70156196135008,-302.12242328917637,-1.6273939029193798,False
T18,S1469,13.0,2,80888.9,2731.738844506052,78157.16115549394,78157.16115549394,96.6228507934883,medium,large,2738.1177966469795,78150.78220335301,96.61496472736434,6.378952140934416,0.007886066123958813,True
T14,S1484,3.0,9,168993.0,13400.572488436248,155592.42751156376,155592.42751156376,92.0703387190971,small,small,13014.971076240809,155978.02892375918,92.29851468626462,-385.6014121954213,-0.2281759671675303,False
T14,S1485,0.0,1,4649.5,1649.6778748717657,2999.8221251282343,2999.8221251282343,64.51924131902858,small,small,1643.829194926536,3005.670805073464,64.64503290834422,-5.848679945229833,-0.12579158931563938,False
T21,S1811,0.0,1,500.0,500.06439821571024,-0.0643982157102414,0.0643982157102414,0.01287964314204828,small,small,500.4110247035948,0.41102470359481913,0.08220494071896382,-0.3466264878845777,-0.06932529757691554,False
T21,S1812,0.0,1,500.0,500.06439821571024,-0.0643982157102414,0.0643982157102414,0.01287964314204828,small,small,500.4110247035948,0.41102470359481913,0.08220494071896382,-0.3466264878845777,-0.06932529757691554,False
T21,S1813,0.0,1,500.0,500.06439821571024,-0.0643982157102414,0.0643982157102414,0.01287964314204828,small,small,500.4110247035948,0.41102470359481913,0.08220494071896382,-0.3466264878845777,-0.06932529757691554,False
T21,S1814,11.0,3,1500.0,7268.218971638716,-5768.218971638716,5768.218971638716,384.54793144258105,medium,small,7019.135254966081,5519.135254966081,367.9423503310721,249.08371667263418,16.605581111508968,True
T21,S1815,3.0,1,500.0,838.6449347968043,-338.64493479680425,338.64493479680425,67.72898695936085,small,small,780.0370103830995,280.0370103830995,56.007402076619904,58.60792441370472,11.721584882740949,True
T21,S1817,5.0,1,500.0,1059.5216496585158,-559.5216496585158,559.5216496585158,111.90432993170316,medium,small,1122.075470004911,622.075470004911,124.41509400098221,-62.55382034639524,-12.510764069279048,False
T21,S1818,0.0,1,500.0,500.28380496308216,-0.2838049630821615,0.2838049630821615,0.056760992616432304,small,small,503.1773288735722,3.1773288735722076,0.6354657747144415,-2.893523910490046,-0.5787047820980092,False
T21,S1823,0.0,1,500.0,500.85439872113295,-0.8543987211329522,0.8543987211329522,0.17087974422659044,small,small,505.23137945905984,5.231379459059838,1.0462758918119675,-4.3769807379268855,-0.875396147585377,False
T21,S1830,8.0,1,500.0,2954.7931225561424,-2454.7931225561424,2454.7931225561424,490.9586245112285,medium,small,2845.6856377820245,2345.6856377820245,469.1371275564049,109.10748477411789,21.8214969548236,True
T21,S1832,0.0,2,500.0,860.400595462734,-360.40059546273403,360.40059546273403,72.0801190925468,small,small,871.5184469456659,371.5184469456659,74.30368938913318,-11.117851482931883,-2.223570296586388,False
T21,S1839,0.0,1,500.0,505.15086972458346,-5.150869724583458,5.150869724583458,1.0301739449166916,small,small,511.1444716841159,11.1444716841159,2.22889433682318,-5.993601959532441,-1.1987203919064884,False
T21,S1841,0.0,10,1500.0,1789.2580887309773,-289.2580887309773,289.2580887309773,19.283872582065154,small,small,1797.8161072698008,297.8161072698008,19.854407151320054,-8.55801853882349,-0.5705345692548995,False
T21,S1851,5.0,1,500.0,1059.5216496585158,-559.5216496585158,559.5216496585158,111.90432993170316,medium,small,1143.991087431614,643.991087431614,128.7982174863228,-84.4694377730982,-16.893887554619653,False
T21,S1854,0.0,1,500.0,508.87758648215635,-8.877586482156346,8.877586482156346,1.775517296431269,small,small,511.1444716841159,11.1444716841159,2.22889433682318,-2.2668852019595533,-0.45337704039191085,False
T21,S1858,0.0,1,500.0,513.2985671822669,-13.29856718226688,13.29856718226688,2.6597134364533757,small,small,511.1444716841159,11.1444716841159,2.22889433682318,2.15409549815098,0.4308190996301957,True
T21,S1860,0.0,3,1000.0,1607.6681952102476,-607.6681952102476,607.6681952102476,60.766819521024765,small,small,1385.2892497913376,385.2892497913376,38.52892497913376,222.37894541891,22.237894541891002,True
T21,S1862,0.0,1,500.0,539.1504297453065,-39.150429745306496,39.150429745306496,7.830085949061299,small,small,526.9801126176899,26.980112617689883,5.396022523537977,12.170317127616613,2.4340634255233224,True
T21,S1876,0.0,3,1000.0,1627.9939365932617,-627.9939365932617,627.9939365932617,62.799393659326164,small,small,1405.9771188925993,405.97711889259926,40.59771188925993,222.0168177006624,22.201681770066237,True
T21,S1881,8.0,2,1000.0,3815.0210598130857,-2815.0210598130857,2815.0210598130857,281.5021059813086,medium,small,3652.067830474761,2652.067830474761,265.2067830474761,162.9532293383245,16.295322933832495,True
T21,S1883,0.0,1,500.0,602.7564676326202,-102.75646763262023,102.75646763262023,20.551293526524045,small,small,577.7587224638489,77.75872246384893,15.551744492769783,24.997745168771303,4.999549033754262,True
T21,S1887,3.0,2,500.0,1432.7985205377238,-932.7985205377238,932.7985205377238,186.55970410754477,small,small,1392.9520349284305,892.9520349284305,178.59040698568612,39.84648560929327,7.969297121858659,True
T21,S1889,0.0,1,500.0,613.2455082321301,-113.24550823213008,113.24550823213008,22.649101646426015,small,small,600.8196319010323,100.81963190103227,20.163926380206455,12.425876331097811,2.48517526621956,True
T21,S1890,3.0,1,500.0,913.5471493297842,-413.54714932978425,413.54714932978425,82.70942986595685,small,small,850.1251245756811,350.12512457568107,70.02502491513621,63.42202475410318,12.684404950820635,True
T21,S1892,0.0,1,500.0,616.846354991714,-116.84635499171395,116.84635499171395,23.369270998342788,small,small,617.4414847437497,117.4414847437497,23.48829694874994,-0.5951297520357457,-0.11902595040715269,False
T21,S1895,0.0,2,500.0,1080.7985655677512,-580.7985655677512,580.7985655677512,116.15971311355024,small,small,1154.9269900103404,654.9269900103404,130.98539800206808,-74.12842444258922,-14.825684888517841,False
T21,S1897,2.0,1,500.0,1079.3277770291868,-579.3277770291868,579.3277770291868,115.86555540583736,small,small,1107.0715033054864,607.0715033054864,121.41430066109729,-27.74372627629964,-5.548745255259931,False
T21,S1898,0.0,5,1000.0,1553.4407210849324,-553.4407210849324,553.4407210849324,55.34407210849325,small,small,1380.9581938303036,380.95819383030357,38.09581938303035,172.48252725462885,17.248252725462898,True
T21,S1903,0.5,1,500.0,656.2562958666514,-156.25629586665139,156.25629586665139,31.251259173330276,small,small,634.391158102653,134.39115810265298,26.878231620530595,21.865137763998405,4.37302755279968,True
T21,S1905,0.0,1,500.0,616.846354991714,-116.84635499171395,116.84635499171395,23.369270998342788,small,small,617.4414847437497,117.4414847437497,23.48829694874994,-0.5951297520357457,-0.11902595040715269,False
T21,S1907,0.0,1,500.0,616.846354991714,-116.84635499171395,116.84635499171395,23.369270998342788,small,small,617.4414847437497,117.4414847437497,23.48829694874994,-0.5951297520357457,-0.11902595040715269,False
T21,S1911,13.0,2,1000.0,5269.081506181762,-4269.081506181762,4269.081506181762,426.9081506181762,medium,large,4540.662171115255,3540.6621711152548,354.0662171115255,728.4193350665073,72.84193350665072,True
T21,S1914,0.0,2,1000.0,1659.8474100894741,-659.8474100894741,659.8474100894741,65.98474100894741,small,small,1405.547134360658,405.547134360658,40.554713436065796,254.30027572881613,25.430027572881613,True
T21,S1915,5.0,4,1000.0,4050.8825962627725,-3050.8825962627725,3050.8825962627725,305.08825962627725,medium,small,4540.219975764531,3540.2199757645312,354.02199757645315,-489.33737950175873,-48.933737950175896,False
T21,S1920,0.0,1,500.0,616.9456285499058,-116.94562854990579,116.94562854990579,23.38912570998116,small,small,618.8138503746806,118.81385037468056,23.76277007493611,-1.8682218247747642,-0.3736443649549521,False
T21,S1924,0.0,3,1000.0,1688.4605054075262,-688.4605054075262,688.4605054075262,68.84605054075261,small,small,1562.1056825409448,562.1056825409448,56.21056825409448,126.35482286658134,12.635482286658132,True
T21,S1926,0.0,1,500.0,623.451490192559,-123.45149019255905,123.45149019255905,24.69029803851181,small,small,620.5285126232152,120.52851262321519,24.10570252464304,2.922977569343857,0.58459551386877,True
T21,S1927,1.0,1,500.0,780.0232542955482,-280.0232542955482,280.0232542955482,56.00465085910964,small,small,819.6615295077606,319.66152950776063,63.93230590155212,-39.63827521221242,-7.927655042442481,False
T21,S1929,0.0,3,500.0,1485.237545645862,-985.2375456458619,985.2375456458619,197.0475091291724,small,small,1553.2131930309533,1053.2131930309533,210.64263860619067,-67.9756473850914,-13.595129477018276,False
T21,S1932,0.0,2,1000.0,2207.6434609141793,-1207.6434609141793,1207.6434609141793,120.76434609141793,small,small,2550.8246499447823,1550.8246499447823,155.08246499447824,-343.18118903060304,-34.31811890306031,False
T21,S1934,0.0,2,1000.0,2299.7240487657964,-1299.7240487657964,1299.7240487657964,129.97240487657965,small,small,2604.9729668813743,1604.9729668813743,160.49729668813742,-305.2489181155779,-30.52489181155778,False
T21,S1945,0.0,1,500.0,612.4213735446798,-112.4213735446798,112.4213735446798,22.48427470893596,small,small,613.3596874051241,113.35968740512408,22.671937481024816,-0.938313860444282,-0.1876627720888564,False
T21,S1946,0.0,1,500.0,612.4213735446798,-112.4213735446798,112.4213735446798,22.48427470893596,small,small,613.3596874051241,113.35968740512408,22.671937481024816,-0.938313860444282,-0.1876627720888564,False
T21,S1947,0.0,2,500.0,1277.6873051958364,-777.6873051958364,777.6873051958364,155.53746103916728,small,small,1403.3648737522176,903.3648737522176,180.67297475044353,-125.67756855638117,-25.135513711276246,False
T21,S1948,0.0,1,500.0,612.4213735446798,-112.4213735446798,112.4213735446798,22.48427470893596,small,small,613.3596874051241,113.35968740512408,22.671937481024816,-0.938313860444282,-0.1876627720888564,False
T22,S2391,1.0,1,646.4,1272.9989887411723,-626.5989887411723,626.5989887411723,96.93672474337444,small,small,1227.8045853733574,581.4045853733575,89.94501630157139,45.19440336781486,6.9917084418030555,True
T22,S2393,8.0,3,11147.5,14958.090980628736,-3810.5909806287364,3810.5909806287364,34.18336829449416,medium,small,13208.188377696139,2060.6883776961386,18.48565487953477,1749.9026029325978,15.697713414959388,True
T22,S2394,0.0,1,797.9,1085.3554300373612,-287.4554300373612,287.4554300373612,36.026498312741104,small,small,1013.1530165207938,215.25301652079384,26.977442852587274,72.20241351656739,9.04905546015383,True
T22,S2395,11.0,6,10750.5,9383.136854440398,1367.3631455596023,1367.3631455596023,12.719065583550554,medium,small,10612.792073451435,137.7079265485645,1.2809443890848287,1229.6552190110378,11.438121194465726,True
T22,S2399,0.0,2,2433.0,5524.934231941317,-3091.934231941317,3091.934231941317,127.08319901115155,small,small,5176.652344868642,2743.652344868642,112.76828380060182,348.2818870726751,14.314915210549728,True
T3,S240,14.0,26,15354.0,21388.56923960333,-6034.56923960333,6034.56923960333,39.30291285400111,medium,large,20886.400940736825,5532.400940736825,36.032310412510256,502.1682988665052,3.270602441490851,True
T22,S2402,0.0,6,6017.7,7601.409560005336,-1583.7095600053362,1583.7095600053362,26.317522641629466,small,small,7239.911121943613,1222.2111219436129,20.31027006902326,361.4984380617234,6.007252572606205,True
T22,S2403,0.0,3,2877.0,6556.994228477396,-3679.994228477396,3679.994228477396,127.91081781290914,small,small,6281.862295516574,3404.862295516574,118.34766407773981,275.13193296082227,9.563153735169337,True
T22,S2404,3.0,1,2374.2,1008.3607945372635,1365.8392054627363,1365.8392054627363,57.528397163791446,small,small,958.9365155471671,1415.2634844528327,59.610120649180054,-49.424278990096354,-2.0817234853886077,False
T22,S2406,0.0,1,2009.9,987.2533066975635,1022.6466933024366,1022.6466933024366,50.880476307400194,small,small,1002.6601447187259,1007.2398552812742,50.113928816422415,15.406838021162343,0.7665474909777785,True
T22,S2407,18.0,4,5109.3,12891.717609753212,-7782.417609753212,7782.417609753212,152.3186661529605,medium,large,12395.480483291081,7286.180483291081,142.60623731804907,496.2371264621306,9.712428834911435,True
T22,S2408,0.0,2,9936.5,6849.810370684186,3086.6896293158143,3086.6896293158143,31.064153668956013,small,small,6458.750178572729,3477.749821427271,34.99974660521583,-391.0601921114567,-3.9355929362598197,False
T3,S241,10.5,11,7100.3,12932.354421472019,-5832.0544214720185,5832.0544214720185,82.13814094435472,medium,small,15507.60242411377,8407.302424113768,118.4077070562338,-2575.2480026417497,-36.26956611187909,False
T22,S2410,0.0,2,9957.9,6849.810370684186,3108.089629315814,3108.089629315814,31.21230007648012,small,small,6458.750178572729,3499.1498214272706,35.13943523661887,-391.0601921114567,-3.9271351601387536,False
T22,S2411,3.0,3,1127.0,6375.721136886973,-5248.721136886973,5248.721136886973,465.7250343289239,small,small,6669.64578110301,5542.64578110301,491.80530444569746,-293.92464421603745,-26.080270116773534,False
T22,S2412,3.0,1,802.5,1069.394707638459,-266.89470763845907,266.89470763845907,33.257907493888986,small,small,1098.0835255216718,295.58352552167185,36.83283807123637,-28.688817883212778,-3.5749305773473807,False
T22,S2413,0.0,6,5924.7,6210.085088856397,-285.3850888563975,285.3850888563975,4.816869864404906,small,small,6019.298439670237,94.59843967023698,1.5966789823997332,190.7866491861605,3.2201908820051734,True
T22,S2414,0.0,1,500.0,1006.5162173451328,-506.51621734513276,506.51621734513276,101.30324346902655,small,small,982.2314714418975,482.2314714418975,96.44629428837949,24.28474590323526,4.856949180647064,True
T22,S2416,0.0,1,7724.3,1000.15335671991,6724.14664328009,6724.14664328009,87.05185768652292,small,small,978.6308625071076,6745.669137492892,87.33049127419821,-21.522494212802485,-0.27863358767528723,False
T22,S2417,2.0,5,66304.7,6741.610292826136,59563.08970717386,59563.08970717386,89.83237946506637,small,small,6495.613259402375,59809.086740597624,90.20338941371823,-245.99703342376597,-0.3710099486518601,False
T22,S2418,2.0,6,13666.3,6482.492804600687,7183.807195399312,7183.807195399312,52.56585319654414,small,small,6230.208372645765,7436.091627354234,54.41188637271416,-252.28443195492218,-1.8460331761700175,False
T22,S2419,0.0,1,537.6,1085.3554300373612,-547.7554300373612,547.7554300373612,101.8890308849258,small,small,1013.1530165207938,475.5530165207938,88.45852241830241,72.20241351656739,13.430508466623394,True
T3,S242,3.5,7,8075.8,6115.232262813198,1960.5677371868023,1960.5677371868023,24.2770714627257,small,small,6446.098308816224,1629.7016911837763,20.18006502369767,330.866046003026,4.097006439028032,True
T22,S2424,3.0,1,789.0,1228.7373662269,-439.7373662268999,439.7373662268999,55.73350649263623,small,small,1230.510976202668,441.51097620266796,55.958298631516854,-1.7736099757680677,-0.22479213888062333,False
T22,S2425,0.0,1,2223.5,1085.3554300373612,1138.1445699626388,1138.1445699626388,51.187073081296994,small,small,1013.1530165207938,1210.3469834792063,54.434314525712004,-72.2024135165675,-3.2472414444150104,False
T22,S2428,0.0,3,3390.4,2855.7261137599526,534.6738862400475,534.6738862400475,15.770230245400175,small,small,2669.6687375340293,720.7312624659708,21.25800089859517,-186.05737622592324,-5.487770653194996,False
T3,S243,2.0,5,4339.5,4624.949580188697,-285.4495801886969,285.4495801886969,6.5779370938748,small,small,4978.966715164157,639.466715164157,14.735953800303193,-354.01713497546007,-8.158016706428393,False
T22,S2430,0.0,1,791.5,1085.3554300373612,-293.8554300373612,293.8554300373612,37.12639671981822,small,small,1013.1530165207938,221.6530165207938,28.004171386076287,72.20241351656739,9.12222533374193,True
T22,S2432,0.0,5,7292.7,6481.895089685168,810.8049103148314,810.8049103148314,11.118034614269495,small,small,6744.0030085129465,548.6969914870533,7.523921064722988,262.1079188277781,3.594113549546507,True
T22,S2433,0.5,1,1631.6,1144.9843565506073,486.61564344939256,486.61564344939256,29.824444928254017,small,small,1063.8373818614166,567.7626181385833,34.7979050097195,-81.14697468919076,-4.973460081465483,False
T22,S2434,0.0,3,3777.2,7684.15856516476,-3906.9585651647603,3906.9585651647603,103.43531094897705,small,small,6522.6690073977325,2745.4690073977326,72.68529618229728,1161.4895577670277,30.75001476667977,True
T22,S2436,0.0,1,4452.1,1085.3554300373612,3366.744569962639,3366.744569962639,75.62149479936747,small,small,1013.1530165207938,3438.9469834792067,77.24325562047586,-72.2024135165675,-1.6217608211083956,False
T22,S2437,0.0,1,1054.8,1091.2653171453958,-36.46531714539583,36.46531714539583,3.457083536726947,small,small,1019.3747922067145,35.425207793285495,3.358476279226915,1.0401093521103348,0.09860725750003185,True
T3,S244,9.0,6,9766.4,15020.1526268663,-5253.7526268663005,5253.7526268663005,53.79415779474833,medium,small,15678.484415518109,5912.084415518109,60.53494036203831,-658.3317886518089,-6.740782567289983,False
T22,S2446,5.0,2,3339.9,36917.13968031596,-33577.23968031596,33577.23968031596,1005.3366771554824,medium,small,37035.845059624786,33695.945059624784,1008.8908368401684,-118.7053793088271,-3.554159684685942,False
T22,S2448,3.0,1,783.4,1319.620876632799,-536.2208766327991,536.2208766327991,68.44790357835066,small,small,1343.2986121797746,559.8986121797747,71.4703359943547,-23.677735546975555,-3.022432416004037,False
T22,S2449,11.0,6,5669.1,17138.391344878662,-11469.291344878662,11469.291344878662,202.3123837095599,medium,small,16604.555025981612,10935.455025981611,192.8957863855217,533.8363188970507,9.416597324038207,True
T3,S245,8.0,12,10533.9,25736.65300359316,-15202.753003593161,15202.753003593161,144.32216941107436,medium,small,25046.859799827518,14512.959799827519,137.77385203796808,689.7932037656428,6.548317373106272,True
T22,S2451,0.0,6,24958.4,7806.03955988045,17152.36044011955,17152.36044011955,68.72379816061746,small,small,7352.949085950592,17605.45091404941,70.53918085313725,-453.09047392985667,-1.8153826925197905,False
T22,S2454,0.0,3,5623.4,7684.15856516476,-2060.7585651647605,2060.7585651647605,36.6461316136992,small,small,6513.515692057512,890.1156920575122,15.828781378836865,1170.6428731072483,20.81735023486233,True
T22,S2458,0.0,1,632.4,1091.2653171453958,-458.8653171453958,458.8653171453958,72.55934806220681,small,small,1029.5140380454102,397.1140380454102,62.79475617416354,61.751279099985595,9.76459188804327,True
T3,S246,20.0,22,11468.2,18509.810728313223,-7041.610728313222,7041.610728313222,61.401185262841786,medium,large,19479.213315340538,8011.013315340537,69.85414725362774,-969.4025870273144,-8.452961990785958,False
T22,S2460,0.0,3,11392.5,2836.782434504623,8555.717565495377,8555.717565495377,75.09956168966755,small,small,2682.5570789671306,8709.942921032869,76.4533063070693,-154.22535553749185,-1.3537446174017447,False
T22,S2464,0.0,7,20732.9,13933.579033952086,6799.320966047915,6799.320966047915,32.79483799202193,small,small,15574.584162998455,5158.315837001546,24.87985683142033,1641.005129046369,7.914981160601602,True
T22,S2465,0.0,1,514.6,1091.2653171453958,-576.6653171453958,576.6653171453958,112.0608855704228,small,small,1029.5140380454102,514.9140380454102,100.06102565981543,61.751279099985595,11.99985991060737,True
T22,S2467,0.0,6,34261.6,15020.180643294409,19241.41935670559,19241.41935670559,56.16030587218809,small,small,17262.024572845738,16999.57542715426,49.616992280437174,2241.843929551331,6.543313591750916,True
T3,S247,9.5,11,6295.1,17507.87677850371,-11212.776778503709,11212.776778503709,178.11912087979076,medium,small,15932.372623590378,9637.272623590377,153.0916526121964,1575.5041549133311,25.027468267594344,True
T22,S2470,0.0,7,32645.4,13846.762494143366,18798.637505856634,18798.637505856634,57.5843380870096,small,small,15574.584162998455,17070.815837001544,52.291642427421756,1727.8216688550892,5.292695659587842,True
T22,S2471,0.0,4,10763.3,13147.189329132712,-2383.889329132713,2383.889329132713,22.14831259123794,small,small,11114.391974517333,351.09197451733417,3.261936158216664,2032.797354615379,18.886376433021276,True
T22,S2476,0.0,1,644.5,1091.2653171453958,-446.7653171453958,446.7653171453958,69.31967682628328,small,small,1029.5140380454102,385.0140380454102,59.7384077649977,61.751279099985595,9.581269061285582,True
T22,S2477,1.0,1,1538.2,1279.929676424991,258.2703235750091,258.2703235750091,16.79042540469439,small,small,1236.994607797479,301.2053922025211,19.581679378658244,-42.93506862751201,-2.7912539739638547,False
T3,S248,4.5,6,4904.0,8324.85470151286,-3420.8547015128606,3420.8547015128606,69.75641724128998,medium,small,9076.38819593299,4172.38819593299,85.08132536568087,-751.5334944201295,-15.324908124390888,False
T22,S2480,0.0,4,12581.3,5145.2952617856245,7436.004738214375,7436.004738214375,59.10362790978972,small,small,5571.668172245271,7009.631827754728,55.714686302327486,426.37291045964685,3.388941607462236,True
T22,S2483,1.0,9,91629.9,9300.664043876712,82329.23595612329,82329.23595612329,89.84974986999144,small,small,9537.716081115836,82092.18391888415,89.59104388292923,237.05203723913291,0.25870598706221415,True
T22,S2484,0.0,3,15971.2,2821.546282595559,13149.653717404442,13149.653717404442,82.33353609875552,small,small,2725.5868483769445,13245.613151623056,82.93436405293939,-95.95943421861375,-0.6008279541838704,False
T22,S2485,0.0,6,11480.5,6430.003538499266,5050.496461500734,5050.496461500734,43.991955589919726,small,small,6394.468051609369,5086.031948390631,44.30148467741502,-35.535486889897584,-0.3095290874952923,False
T22,S2486,5.0,6,74689.3,16390.628920280942,58298.67107971906,58298.67107971906,78.05491694221135,medium,small,15442.423264397627,59246.876735602375,79.32445040401018,-948.2056558833137,-1.2695334617988294,False
T22,S2487,0.0,3,15369.8,7274.337057761198,8095.462942238802,8095.462942238802,52.67123152050645,small,small,6317.266968560958,9052.533031439041,58.89818365521374,-957.0700892002396,-6.22695213470729,False
T22,S2488,0.0,8,8124.5,10239.044777300449,-2114.544777300449,2114.544777300449,26.026768137121653,small,small,10195.69457160265,2071.1945716026494,25.493194308605442,43.35020569779954,0.5335738285162108,True
T3,S249,10.0,9,8809.2,21026.5595903846,-12217.3595903846,12217.3595903846,138.68863904082775,medium,small,16333.768562944539,7524.568562944538,85.41716118313283,4692.791027440062,53.27147785769492,True
T22,S2493,0.0,4,10820.8,12235.781114040492,-1414.9811140404927,1414.9811140404927,13.076492625688422,small,small,10358.261211085228,462.53878891477143,4.274534127927431,952.4423251257213,8.80195849776099,True
T22,S2494,5.0,1,4947.5,2092.38925884507,2855.11074115493,2855.11074115493,57.708150402322985,medium,small,1986.4297405838636,2961.0702594161367,59.84982838637972,-105.95951826120654,-2.1416779840567344,False
T22,S2497,0.0,1,500.0,1091.2653171453958,-591.2653171453958,591.2653171453958,118.25306342907915,small,small,1029.5140380454102,529.5140380454102,105.90280760908203,61.751279099985595,12.350255819997116,True
T3,S250,1.0,8,4415.3,8996.590235027672,-4581.290235027672,4581.290235027672,103.75943276850205,small,small,9325.2047450393,4909.9047450393,111.2020643000317,-328.6145100116282,-7.442631531529642,False
T22,S2503,0.0,8,14490.2,17247.66078509737,-2757.46078509737,2757.46078509737,19.029832473653705,small,small,19487.57724740642,4997.377247406421,34.48797978914315,-2239.916462309051,-15.458147315489441,False
T22,S2505,0.0,2,1668.9,5407.589635366713,-3738.689635366713,3738.689635366713,224.02118972776756,small,small,5139.375569542166,3470.475569542166,207.94988133154567,268.2140658245471,16.071308396221895,True
T22,S2506,0.0,2,1578.0,5407.589635366713,-3829.589635366713,3829.589635366713,242.68628867976636,small,small,5162.992684825511,3584.992684825511,227.1858482145444,244.5969505412022,15.50044046522197,True
T3,S251,0.0,3,3534.6,4685.643287068998,-1151.0432870689979,1151.0432870689979,32.56502255047241,small,small,5024.380382708495,1489.780382708495,42.14848590246407,-338.73709563949706,-9.583463351991654,False
T22,S2510,0.0,2,2273.6,5407.589635366713,-3133.989635366713,3133.989635366713,137.8426123929765,small,small,5182.062850716101,2908.462850716101,127.92324290623245,225.52678465061217,9.919369486744046,True
T22,S2512,0.0,1,500.0,1091.2653171453958,-591.2653171453958,591.2653171453958,118.25306342907915,small,small,1029.5140380454102,529.5140380454102,105.90280760908203,61.751279099985595,12.350255819997116,True
T22,S2513,0.0,1,1510.6,1100.5278847038462,410.0721152961537,410.0721152961537,27.14630711612298,small,small,1049.1175546291197,461.4824453708802,30.54961243021847,-51.41033007472652,-3.4033053140954905,False
T22,S2517,0.0,1,2647.9,1137.4637518302286,1510.4362481697715,1510.4362481697715,57.04279799727223,small,small,1056.1474728447693,1591.7525271552308,60.113770427706136,-81.31627898545935,-3.0709724304339048,False
T3,S252,3.0,10,15242.7,14118.064819555868,1124.6351804441329,1124.6351804441329,7.378188775244103,small,small,15927.040114430518,684.3401144305171,4.489625292307249,440.2950660136157,2.8885634829368545,True
T22,S2524,0.0,1,500.0,1137.4637518302286,-637.4637518302286,637.4637518302286,127.49275036604573,small,small,1056.1474728447693,556.1474728447693,111.22949456895385,81.31627898545935,16.263255797091873,True
T3,S253,0.0,13,11122.5,12554.39339849385,-1431.8933984938503,1431.8933984938503,12.873844895426839,small,small,13140.103605191198,2017.6036051911979,18.13983911163136,-585.7102066973475,-5.265994216204522,False
T3,S254,0.0,3,6196.1,2990.045207873218,3206.0547921267826,3206.0547921267826,51.74310924818486,small,small,2772.1595319855055,3423.940468014495,55.25960633324986,-217.8856758877123,-3.516497085065005,False
T3,S255,21.0,18,29661.1,21026.850301827577,8634.249698172422,8634.249698172422,29.109674618178094,medium,large,23605.382378438404,6055.717621561595,20.41636224402195,2578.532076610827,8.693312374156143,True
T27,S2550,80.0,27,322790.0,54046.92432077173,268743.0756792283,268743.0756792283,83.25632010881016,large,large,45842.64313697348,276947.3568630265,85.79799772701338,-8204.281183798215,-2.5416776182032237,False
T27,S2551,92.0,36,115000.0,65276.47095160035,49723.52904839965,49723.52904839965,43.23785134643448,large,large,64112.564071154484,50887.435928845516,44.24994428595262,-1163.9068804458657,-1.0120929395181406,False
T27,S2552,83.0,50,108145.0,125711.22331978462,-17566.22331978462,17566.22331978462,16.243213574168593,large,large,146279.73018308674,38134.730183086736,35.26259205981482,-20568.506863302115,-19.01937848564623,False
T27,S2553,100.0,51,181412.0,161558.80284854057,19853.197151459433,19853.197151459433,10.943706674012432,large,large,178794.54543455786,2617.454565442138,1.4428232781966672,17235.742586017295,9.500883395815766,True
T27,S2554,143.0,65,206097.0,285887.91325513733,-79790.91325513733,79790.91325513733,38.715223052803935,large,large,279327.10366437875,73230.10366437875,35.53186298897061,6560.809590758581,3.1833600638333266,True
T3,S256,1.0,3,1973.4,3849.4444567628757,-1876.0444567628756,1876.0444567628756,95.0666087343101,small,small,4018.756469514528,2045.3564695145278,103.64631952541438,-169.31201275165222,-8.57971079110429,False
T3,S257,9.0,13,16893.7,20068.96580742981,-3175.265807429809,3175.265807429809,18.79556170305977,medium,small,19206.595280692698,2312.8952806926973,13.690874590484603,862.3705267371115,5.104687112575169,True
T3,S258,22.0,11,18203.4,24892.039381147257,-6688.639381147255,6688.639381147255,36.743901585128356,medium,large,22655.66192359449,4452.261923594488,24.458408448940787,2236.3774575527677,12.285493136187569,True
T3,S259,16.0,19,7932.7,20171.874287174196,-12239.174287174195,12239.174287174195,154.28762322001583,medium,large,21918.446076309418,13985.746076309417,176.30499169651463,-1746.5717891352215,-22.017368476498802,False
T3,S260,29.0,14,10926.5,22664.2036414052,-11737.703641405202,11737.703641405202,107.42418561666776,large,large,24284.921094069676,13358.421094069676,122.25709142058001,-1620.717452664474,-14.832905803912254,False
T3,S261,40.0,47,26810.0,38951.870357780965,-12141.870357780965,12141.870357780965,45.28858768288312,large,large,46744.67450513401,19934.67450513401,74.35536928434917,-7792.804147353047,-29.066781601466047,False
T26,S2615,14.0,12,24190.7,22635.933959552054,1554.7660404479466,1554.7660404479466,6.427122987131197,medium,large,24789.695516576063,598.9955165760621,2.4761396593569516,955.7705238718845,3.9509833277742454,True
T26,S2616,16.0,5,13605.8,9256.560951201325,4349.239048798674,4349.239048798674,31.96606630112654,medium,large,9012.032090616085,4593.767909383914,33.76330615901979,-244.52886058524018,-1.7972398578932527,False
T26,S2617,27.0,10,13830.0,13913.631443192027,-83.63144319202729,83.63144319202729,0.6047103629213832,medium,large,14772.496111963595,942.4961119635955,6.814867042397653,-858.8646687715682,-6.2101566794762695,False
T26,S2618,61.0,22,69263.5,25931.71474923223,43331.785250767774,43331.785250767774,62.56077912719943,large,large,28289.48918925676,40974.01081074324,59.15671430225622,2357.7744400245356,3.4040648249432124,True
T26,S2619,29.0,15,9859.9,24836.706154343497,-14976.806154343498,14976.806154343498,151.8961262725129,large,large,22782.443334274925,12922.543334274926,131.06160644910116,2054.262820068572,20.83451982341174,True
T3,S262,25.0,29,12186.9,20218.16946306179,-8031.26946306179,8031.26946306179,65.90083994339652,medium,large,20526.38393462569,8339.48393462569,68.42990370500857,-308.2144715639006,-2.5290637616120506,False
T26,S2620,42.0,17,31037.6,34001.5564031809,-2963.9564031808986,2963.9564031808986,9.549566987076638,large,large,35288.21293898791,4250.612938987913,13.695043878998097,-1286.6565358070147,-4.14547689192146,False
T26,S2621,26.0,15,27372.1,24362.923823820383,3009.176176179615,3009.176176179615,10.993589005518814,medium,large,22785.34374017523,4586.756259824768,16.75704918447897,-1577.5800836451526,-5.763460178960155,False
T26,S2622,16.0,8,105877.0,10683.268995898947,95193.73100410105,95193.73100410105,89.90973582940681,medium,large,11086.669561859735,94790.33043814027,89.52872714389363,403.4005659607792,0.38100868551318,True
T26,S2623,61.0,15,16636.0,28851.413077902973,-12215.413077902973,12215.413077902973,73.42758522423041,large,large,28374.407530728655,11738.407530728655,70.56027609238191,477.00554717431805,2.8673091318485007,True
T26,S2624,39.0,27,19045.8,33458.8114840531,-14413.011484053099,14413.011484053099,75.67553730509141,large,large,33749.74518648107,14703.945186481073,77.20308512365494,-290.9337024279739,-1.5275478185635336,False
T26,S2625,36.0,13,8035.4,29169.986000622874,-21134.586000622876,21134.586000622876,263.0184682856221,large,large,29805.334187514327,21769.93418751433,270.9253327465257,-635.3481868914532,-7.906864460903648,False
T26,S2626,43.0,15,18614.3,25308.89103871867,-6694.5910387186705,6694.5910387186705,35.964774601884955,large,large,27513.862081757277,8899.562081757278,47.81035054639325,-2204.9710430386076,-11.845575944508298,False
T26,S2627,70.0,20,16604.2,31243.381468169096,-14639.181468169096,14639.181468169096,88.16553322755144,large,large,30666.746569448955,14062.546569448954,84.69270768509747,576.6348987201418,3.472825542453961,True
T26,S2628,59.0,19,14798.0,28299.655567525177,-13501.655567525177,13501.655567525177,91.23973217681562,large,large,29176.415654010874,14378.415654010874,97.16458747135339,-876.7600864856977,-5.924855294537764,False
T26,S2629,67.0,16,13681.5,32076.96778750167,-18395.46778750167,18395.46778750167,134.4550508899,large,large,30798.149634323992,17116.649634323992,125.10798987189995,1278.818153177679,9.347061018000062,True
T3,S263,0.0,12,33778.3,11139.728221601854,22638.57177839815,22638.57177839815,67.02105132110896,small,small,13886.577081146714,19891.722918853287,58.88905871181582,2746.8488595448616,8.131992609293135,True
T23,S2668,71.0,20,19157.9,53295.329997028006,-34137.429997028004,34137.429997028004,178.1898328993679,large,large,52800.792693468815,33642.89269346881,175.60845757347522,494.53730355919106,2.5813753258926795,True
T23,S2669,32.0,9,25531.3,16070.654840903617,9460.645159096382,9460.645159096382,37.05508594978079,large,large,16362.241929480173,9169.058070519826,35.91300901450309,291.5870885765562,1.1420769352777,True
T23,S2670,28.0,16,64980.3,28578.363950877578,36401.93604912242,36401.93604912242,56.01995689327753,medium,large,27932.92231884538,37047.37768115463,57.01324506220289,-645.4416320322052,-0.9932881689253605,False
T23,S2671,26.0,10,5179.7,16329.387679502459,-11149.687679502458,11149.687679502458,215.25740254266577,medium,large,16447.022019207623,11267.322019207622,217.5284672704524,-117.63433970516417,-2.271064727786637,False
T23,S2672,21.0,11,9376.4,13321.512773107166,-3945.1127731071665,3945.1127731071665,42.074919725130826,medium,large,13609.389730441082,4232.989730441082,45.14514878248669,-287.8769573339159,-3.070229057355867,False
T23,S2673,22.0,9,26687.6,15433.44143667568,11254.15856332432,11254.15856332432,42.16999116939822,medium,large,15736.221086774924,10951.378913225075,41.03545808999339,302.77965009924446,1.1345330794048323,True
T23,S2674,26.0,12,8242.3,21047.5381766905,-12805.238176690502,12805.238176690502,155.36001087912965,medium,large,20771.98991630555,12529.68991630555,152.016911739509,275.5482603849523,3.343099139620648,True
T23,S2675,0.0,24,19641.3,35889.05085494058,-16247.75085494058,16247.75085494058,82.72238016292496,small,small,40801.49338730357,21160.19338730357,107.73316118232282,-4912.442532362991,-25.010781019397854,False
T23,S2676,0.0,5,8475.1,7067.42458766071,1407.6754123392902,1407.6754123392902,16.609543395821763,small,small,6815.480049873985,1659.6199501260153,19.582305225024076,-251.94453778672505,-2.9727618292023124,False
T25,S2732,26.0,12,13866.8,14822.965040547848,-956.1650405478485,956.1650405478485,6.895354664002139,medium,large,14862.9655261766,996.1655261766009,7.18381693091846,-40.00048562875236,-0.28846226691632104,False
T25,S2733,4.0,5,4831.3,6226.885834771139,-1395.5858347711392,1395.5858347711392,28.886341870120653,small,small,6688.804129403677,1857.5041294036764,38.44729429767715,-461.91829463253725,-9.5609524275565,False
T25,S2734,4.0,10,24327.6,13171.393687910298,11156.2063120897,11156.2063120897,45.85822815275531,small,small,13134.68520691497,11192.914793085029,46.00912047668093,-36.7084809953285,-0.1508923239256177,False
T25,S2735,67.0,35,76712.4,55255.63005328017,21456.769946719825,21456.769946719825,27.97040627945394,large,large,57327.30333825885,19385.096661741147,25.269834683494647,2071.6732849786786,2.7005715959592926,True
T25,S2736,64.0,25,85749.0,42210.69706203333,43538.30293796667,43538.30293796667,50.774123241048486,large,large,44656.04408698644,41092.95591301356,47.922373337314205,2445.347024953109,2.85174990373428,True
T25,S2737,3.0,49,77416.3,65868.50431189053,11547.795688109472,11547.795688109472,14.91649134369567,small,small,70371.76613639093,7044.533863609075,9.09954862685129,4503.261824500398,5.81694271684438,True
T25,S2738,5.0,12,22793.3,14760.01575849766,8033.284241502339,8033.284241502339,35.244059620600524,medium,small,14504.724956305026,8288.575043694973,36.3640852517844,-255.29080219263415,-1.1200256311838785,False
T25,S2739,29.0,24,167940.0,57257.198004721606,110682.8019952784,110682.8019952784,65.90615814890937,large,large,51804.26977460118,116135.73022539882,69.15310838716138,-5452.928230120422,-3.246950238252012,False
T25,S2740,6.0,29,168956.0,39340.71726302171,129615.28273697829,129615.28273697829,76.71540681418729,medium,small,38848.92041281127,130107.07958718872,77.00648665166595,-491.79685021043406,-0.2910798374786623,False
T25,S2741,0.0,15,139474.0,14505.832318005465,124968.16768199453,124968.16768199453,89.59961547097993,small,small,15108.226817682167,124365.77318231783,89.16771095854268,602.394499676695,0.43190451243724226,True
T25,S2742,0.0,20,15798.8,40030.290643187145,-24231.490643187146,24231.490643187146,153.37551360348348,small,small,49303.51061822307,33504.710618223064,212.07123717132356,-9273.219975035918,-58.695723567840076,False
T25,S2743,0.0,26,58824.1,39061.165183907455,19762.934816092544,19762.934816092544,33.59666329972332,small,small,47222.811413012794,11601.288586987204,19.72199929448509,8161.646229105339,13.874664005238227,True
T25,S2744,0.0,32,36236.8,34052.62806103676,2184.1719389632417,2184.1719389632417,6.027496740780758,small,small,44704.85043455781,8468.050434557808,23.368648541145486,-6283.878495594567,-17.341151800364727,False
T25,S2745,0.0,34,115018.0,52505.022327796825,62512.977672203175,62512.977672203175,54.35060396825121,small,small,61561.71428966571,53456.28571033429,46.47645212952259,9056.691961868884,7.874151838728615,True
T25,S2746,0.0,42,43917.6,33426.262069940654,10491.337930059344,10491.337930059344,23.888686836392118,small,small,43282.73389952817,634.8661004718306,1.4455846869406128,9856.471829587514,22.443102149451505,True
T25,S2747,0.0,24,16507.9,36610.914725792216,-20103.014725792214,20103.014725792214,121.77814698291249,small,small,51305.10478166024,34797.204781660235,210.79122590796064,-14694.19005586802,-89.01307892504815,False
T24,S2863,3.0,5,7719.6,11450.844967185461,-3731.244967185461,3731.244967185461,48.334693082354796,small,small,12243.713206703202,4524.113206703201,58.605539233939595,-792.8682395177402,-10.270846151584799,False
T24,S2865,0.0,5,7712.3,15870.3508378181,-8158.050837818099,8158.050837818099,105.77973934906706,small,small,18091.384597045464,10379.084597045465,134.57833068015333,-2221.0337592273654,-28.79859133108627,False
T24,S2866,8.0,7,3369.6,20883.291528793205,-17513.691528793206,17513.691528793206,519.7558027300928,medium,small,23682.757632877972,20313.157632877974,602.8358746699304,-2799.4661040847677,-83.08007193983758,False
T24,S2867,24.0,4,9787.1,19685.58922711187,-9898.489227111868,9898.489227111868,101.13812290782629,medium,large,14533.15866550331,4746.058665503309,48.49300268213576,5152.4305616085585,52.645120225690526,True
T24,S2868,14.0,7,109885.0,16435.74257500168,93449.25742499832,93449.25742499832,85.04277874596016,medium,large,15520.919046926005,94364.080953074,85.87530686906675,-914.823528075678,-0.8325281231065844,False
T24,S2869,23.0,12,24892.4,69912.66495069933,-45020.264950699326,45020.264950699326,180.8594790004151,medium,large,64033.91290766675,39141.51290766675,157.24282474838404,5878.752043032575,23.616654252031054,True
T24,S2870,0.0,12,18228.7,61097.044607975695,-42868.3446079757,42868.3446079757,235.1695107603707,small,small,52846.99039099838,34618.29039099837,189.91091186424907,8250.054216977325,45.25859889612164,True
T24,S2871,12.0,11,3781.8,40926.55775625556,-37144.75775625556,37144.75775625556,982.1978358521224,medium,small,38370.53893409898,34588.738934098976,914.610474750092,2556.018822156584,67.5873611020304,True
T24,S2872,31.0,11,47084.6,28791.03168607142,18293.56831392858,18293.56831392858,38.852551182188186,large,large,28795.62164592132,18288.978354078678,38.842802857152186,4.589959849901788,0.009748325035999983,True
T24,S2873,14.0,3,1900.7,13952.687961877824,-12051.987961877823,12051.987961877823,634.0815468973443,medium,large,14621.912198280963,12721.212198280962,669.2909032609545,-669.224236403139,-35.20935636361014,False
T24,S2874,12.0,3,42815.8,8047.475096670703,34768.324903329296,34768.324903329296,81.20442664467159,medium,small,7818.6396866509185,34997.160313349086,81.73889151516282,-228.8354100197903,-0.5344648704912345,False
T24,S2875,0.0,11,47130.7,35493.21187442227,11637.488125577729,11637.488125577729,24.691948402161923,small,small,38157.394794131134,8973.305205868863,19.039193574185962,2664.1829197088664,5.652754827975961,True
T24,S2876,13.0,26,130061.0,118837.63577955763,11223.364220442367,11223.364220442367,8.629307955837927,medium,large,129643.83545805227,417.16454194772814,0.32074529793537504,10806.199678494639,8.308562657902552,True
T24,S2877,9.0,2,8268.0,8133.239894632279,134.76010536772083,134.76010536772083,1.629899677887286,medium,small,6620.049641879721,1647.950358120279,19.93166857910352,-1513.190252752558,-18.30176890121623,False
T24,S2878,9.0,3,5058.3,10261.487468099236,-5203.187468099236,5203.187468099236,102.86435102898672,medium,small,8397.50550935876,3339.2055093587596,66.01438248737243,1863.9819587404763,36.84996854161429,True
T24,S2879,2.0,15,16533.7,86525.97349846513,-69992.27349846513,69992.27349846513,423.33097551343695,small,small,61017.28075424784,44483.58075424784,269.0479490631126,25508.69274421729,154.28302645032437,True
T24,S2880,13.0,11,27000.7,46274.01516146356,-19273.31516146356,19273.31516146356,71.38079813287641,medium,large,48515.32513941252,21514.625139412517,79.68173098998366,-2241.3099779489567,-8.300932857107256,False
T24,S2881,45.0,20,60757.8,94633.63010786964,-33875.83010786964,33875.83010786964,55.7555245711162,large,large,80251.18818007079,19493.38818007079,32.08376238124288,14382.441927798849,23.67176218987332,True
T24,S2882,0.0,5,11166.0,26795.74210310728,-15629.74210310728,15629.74210310728,139.9761965171707,small,small,23606.091992557056,12440.091992557056,111.41046025933241,3189.650110550225,28.565736257838296,True
T24,S2883,48.0,20,347037.0,42409.84513870429,304627.1548612957,304627.1548612957,87.77944566755006,large,large,50577.30265349732,296459.6973465027,85.42596246120809,8167.45751479303,2.353483206341977,True
T24,S2885,21.0,27,460349.0,97126.59672051603,363222.40327948396,363222.40327948396,78.90152976969298,medium,large,116413.65326916195,343935.34673083806,74.71187006615374,19287.056548645895,4.189659703539249,True
T24,S2886,4.0,2,5332.1,12355.349932201623,-7023.249932201623,7023.249932201623,131.7163956452734,small,small,12573.655356085876,7241.555356085875,135.81056912071932,-218.30542388425238,-4.094173475445928,False
T24,S2887,18.0,26,45037.9,79193.96313237144,-34156.06313237144,34156.06313237144,75.83848965509368,medium,large,60507.66407079275,15469.76407079275,34.348324568402944,18686.29906157869,41.49016508669074,True
T24,S2888,26.0,3,22663.5,15273.785085931533,7389.714914068467,7389.714914068467,32.606238727771384,medium,large,12201.199390382591,10462.300609617409,46.16365790640196,-3072.5856955489417,-13.557419178630575,False
T24,S2889,8.0,5,13557.4,12927.990933488907,629.4090665110925,629.4090665110925,4.642549946974292,medium,small,13338.804894261695,218.59510573830448,1.6123674579071539,410.81396077278805,3.030182489067138,True
T28,S3205,74.6,22,135441.0,65656.88578888332,69784.11421111668,69784.11421111668,51.52362594127088,large,large,66370.99143271889,69070.00856728111,50.996381130736715,714.1056438355736,0.5272448105341638,True
T28,S3206,140.0,30,161498.0,105638.31619737098,55859.68380262902,55859.68380262902,34.58846784643092,large,large,67340.6756958342,94157.3243041658,58.30247080717148,-38297.64050153678,-23.714002960740558,False
T28,S3207,39.0,9,6868.7,23445.225568067643,-16576.525568067642,16576.525568067642,241.33424910197917,large,large,18512.22530638721,11643.525306387208,169.51570612178733,4933.000261680434,71.81854298019184,True
T28,S3208,122.0,23,31372.5,70376.20938012096,-39003.709380120956,39003.709380120956,124.32451790619477,large,large,66197.45406274768,34824.95406274768,111.00471451987468,4178.755317373274,13.319803386320089,True
T28,S3209,74.80000000000001,23,29911.3,50262.374841623976,-20351.074841623977,20351.074841623977,68.03808206806116,large,large,51194.70460621262,21283.404606212618,71.15506382608785,-932.3297645886414,-3.1169817580266965,False
T28,S3210,73.0,16,36571.6,52344.4468987172,-15772.846898717202,15772.846898717202,43.12867607301076,large,large,48668.6794902722,12097.079490272205,33.07779667904113,3675.7674084449973,10.05087939396963,True
T28,S3211,235.59999999999997,67,562235.0,317534.87945853797,244700.12054146203,244700.12054146203,43.5227477018439,large,large,272848.53788542066,289386.46211457934,51.47073058677943,-44686.3415731173,-7.947982884935534,False
T28,S3212,136.5,30,106895.0,98623.14488489377,8271.855115106227,8271.855115106227,7.738299373316083,large,large,108351.41397813645,1456.4139781364502,1.3624715638116378,6815.441136969777,6.375827809504446,True
T28,S3213,127.0,26,24287.8,76892.60465375488,-52604.80465375488,52604.80465375488,216.58941795368406,large,large,62374.3564612675,38086.55646126751,156.81352967855264,14518.248192487372,59.77588827513142,True
T28,S3214,58.0,13,7514.5,40530.24719793205,-33015.74719793205,33015.74719793205,439.3605322766923,large,large,40105.44377723388,32590.94377723388,433.7074160254692,424.80342069816834,5.653116251223139,True
T28,S3215,70.85,16,25287.5,56314.683824184176,-31027.183824184176,31027.183824184176,122.69771161318508,large,large,53911.63773469376,28624.13773469376,113.19481061668317,2403.046089490417,9.502900996501907,True
T28,S3216,182.25,30,300013.0,111311.30482071634,188701.69517928368,188701.69517928368,62.8978394867168,large,large,119076.50235138116,180936.49764861882,60.30955246893262,7765.197530664853,2.5882870177841752,True
T28,S3217,108.0,18,20824.8,53706.25069407029,-32881.450694070285,32881.450694070285,157.8956373846101,large,large,38537.43495800488,17712.63495800488,85.05548652570437,15168.815736065404,72.84015085890573,True
T28,S3218,29.0,9,17342.5,25446.102287360747,-8103.602287360747,8103.602287360747,46.72684034805101,large,large,22292.0638107164,4949.563810716401,28.540082518185965,3154.038476644346,18.186757829865048,True
T28,S3219,141.75,34,73080.7,107858.78476754832,-34778.084767548324,34778.084767548324,47.588603786701995,large,large,118273.36903849259,45192.66903849259,61.83940361612928,-10414.584270944266,-14.250799829427287,False
T28,S3220,54.75,23,75504.5,55519.65572631142,19984.844273688577,19984.844273688577,26.468414827842814,large,large,55074.68596448647,20429.814035513533,27.057743625232316,-444.96976182495564,-0.5893287973895021,False
T28,S3221,160.0,27,96847.5,104574.65547518007,-7727.155475180072,7727.155475180072,7.978683471622987,large,large,114272.09337523715,17424.59337523715,17.991784377745578,-9697.437900057077,-10.013100906122592,False
T28,S3222,124.35,33,70493.2,124774.73210519676,-54281.53210519676,54281.53210519676,77.00250819255866,large,large,134060.21343956256,63567.013439562565,90.17467420909048,-9285.481334365802,-13.172166016531818,False
T28,S3223,151.25,34,87655.4,110444.21891966887,-22788.818919668876,22788.818919668876,25.99819169117804,large,large,116444.7749309249,28789.37493092491,32.843812167789906,-6000.556011256034,-6.845620476611867,False
T28,S3224,25.35,15,35639.7,22241.404250799173,13398.295749200825,13398.295749200825,37.59373886200172,medium,large,22427.61971768738,13212.080282312618,37.071244377232745,186.21546688820672,0.522494484768977,True
T28,S3225,189.0,40,104610.0,116410.11905262826,-11800.119052628259,11800.119052628259,11.280106158711652,large,large,104970.2513902528,360.2513902528008,0.3443756717835778,11439.867662375458,10.935730486928074,True
T28,S3226,4.0,1,500.0,730.784269034342,-230.78426903434195,230.78426903434195,46.15685380686839,small,small,788.6119539374082,288.6119539374082,57.722390787481636,-57.827684903066256,-11.565536980613246,False
T28,S3227,104.2,28,65612.9,73285.52007385479,-7672.620073854792,7672.620073854792,11.693767649128134,large,large,68532.61362303968,2919.7136230396864,4.449907903841602,4752.906450815106,7.243859745286532,True
T28,S3228,67.85,24,38756.3,55677.68139402354,-16921.381394023534,16921.381394023534,43.6609825861177,large,large,46973.82637531294,8217.52637531294,21.203072469025525,8703.855018710594,22.457910117092172,True
T28,S3229,87.6,34,90616.4,61566.735939238606,29049.664060761388,29049.664060761388,32.05784390106138,large,large,60721.230215228956,29895.16978477104,32.99090427866373,-845.5057240096503,-0.9330603776023452,False
T28,S3230,129.1,25,60444.8,92510.02013229426,-32065.220132294256,32065.220132294256,53.04876537319051,large,large,86718.10654233875,26273.306542338745,43.466611755417745,5791.913589955511,9.582153617772768,True
T28,S3231,165.5,41,95961.5,134545.18949616773,-38583.68949616773,38583.68949616773,40.20746809519206,large,large,134693.99678104927,38732.49678104927,40.36253787305249,-148.80728488153545,-0.15506977786042597,False
T28,S3232,98.9,27,41075.1,82248.72149948312,-41173.62149948312,41173.62149948312,100.2398569923947,large,large,78467.86380705482,37392.76380705482,91.03511326096545,3780.857692428297,9.20474373142926,True
T28,S3233,63.0,15,50681.1,55968.0577922987,-5286.957792298701,5286.957792298701,10.431813422160728,large,large,57733.58890938615,7052.488909386149,13.915421941090761,-1765.5311170874484,-3.4836085189300334,False
T28,S3234,148.0,44,55688.1,112108.229781606,-56420.129781606,56420.129781606,101.31451743120343,large,large,124251.1774365057,68563.0774365057,123.1198001664731,-12142.947654899697,-21.80528273526967,False
T28,S3235,78.7,31,68347.9,75951.7189681762,-7603.818968176201,7603.818968176201,11.125168393141855,large,large,77218.59165825546,8870.69165825547,12.978733301616394,-1266.872690079268,-1.8535649084745387,False
T28,S3236,177.2,35,109636.0,104248.35992557002,5387.640074429975,5387.640074429975,4.914115869267372,large,large,95749.67918856686,13886.320811433136,12.66584042780942,-8498.68073700316,-7.751724558542048,False
T28,S3237,164.5,46,232294.0,113587.81788840618,118706.18211159382,118706.18211159382,51.101699618411935,large,large,123430.65172147608,108863.34827852392,46.864468423000126,9842.833833069904,4.237231195411809,True
T28,S3239,72.1,21,67502.8,53654.69631300466,13848.103686995346,13848.103686995346,20.514858179209376,large,large,46347.09388816939,21155.706111830616,31.340486782519562,-7307.60242483527,-10.825628603310186,False
T28,S3240,108.7,23,31160.1,55165.24659869265,-24005.14659869265,24005.14659869265,77.03809229974439,large,large,44002.84154064588,12842.741540645882,41.21534122369916,11162.405058046766,35.82275107604523,True
T28,S3241,41.0,7,72027.3,13003.699534216434,59023.60046578357,59023.60046578357,81.94615161998794,large,large,12841.54687257357,59185.75312742643,82.1712782895186,-162.15266164286004,-0.22512666953065263,False
T28,S3242,15.0,6,9447.4,6579.9070228303035,2867.492977169696,2867.492977169696,30.352191895862312,medium,large,6919.195114267681,2528.204885732319,26.760853628853642,339.28809143737726,3.5913382670086698,True
T28,S3243,119.0,34,73191.2,88721.92894179156,-15530.72894179156,15530.72894179156,21.21939378202784,large,large,63410.20772298768,9780.992277012316,13.363617862546748,5749.736664779244,7.855775919481092,True
T28,S3244,70.0,8,2500.0,25136.23884361878,-22636.23884361878,22636.23884361878,905.4495537447511,large,large,26302.221040571887,23802.221040571887,952.0888416228754,-1165.9821969531076,-46.639287878124264,False
T28,S3245,11.0,4,222351.0,5008.548611645547,217342.45138835444,217342.45138835444,97.74745847257465,medium,small,4904.580263745089,217446.4197362549,97.79421713248642,-103.96834790045978,-0.04675865991177375,False
T28,S3246,18.0,4,500.9,3407.98556273633,-2907.08556273633,2907.08556273633,580.3724421513934,medium,large,2991.5986713662614,2490.6986713662614,497.2446938243684,416.3868913700685,83.12774832702502,True
T28,S3247,14.0,10,42885.2,10097.393209489135,32787.80679051086,32787.80679051086,76.45483008243139,medium,large,10442.298910691667,32442.901089308332,75.6505766308851,344.9057012025296,0.8042534515462876,True
T28,S3248,2.0,1,13779.1,1197.7464753847405,12581.35352461526,12581.35352461526,91.30751300604003,small,small,1125.8523078342548,12653.247692165745,91.8292754400922,-71.89416755048478,-0.521762434052178,False
T28,S3249,76.0,21,71070.7,71587.78057346209,-517.0805734620953,517.0805734620953,0.72755801400872,large,large,60524.70332066512,10545.99667933488,14.838740408262307,-10028.916105872784,-14.111182394253587,False
T28,S3250,4.0,1,20100.5,688.4584853184768,19412.041514681525,19412.041514681525,96.57491860740541,small,small,684.9144155168,19415.5855844832,96.59255035687272,-3.544069801675505,-0.01763174946731283,False
T28,S3251,72.0,24,50112.4,49705.326903515794,407.0730964842078,407.0730964842078,0.8123200973894841,large,large,47954.161031484306,2158.238968515696,4.306796259041067,-1751.165872031488,-3.494476161651583,False
T28,S3252,25.0,11,19553.8,23282.142112864854,-3728.342112864855,3728.342112864855,19.067097509767184,medium,large,19896.68953640768,342.8895364076816,1.7535698248303737,3385.4525764571736,17.31352768493681,True
T28,S3253,82.0,12,153362.0,47142.80740991246,106219.19259008754,106219.19259008754,69.2604377812545,large,large,38664.75531884773,114697.24468115227,74.78856866834826,-8478.052091064732,-5.528130887093766,False
T28,S3254,54.0,18,65094.5,36954.63226507243,28139.867734927568,28139.867734927568,43.229255520708456,large,large,39143.69088384512,25950.80911615488,39.86636215986739,2189.0586187726876,3.3628933608410634,True
T28,S3255,84.5,24,64529.8,65008.58883167818,-478.7888316781755,478.7888316781755,0.7419654666187954,large,large,56306.5166847215,8223.283315278502,12.743388814591865,-7744.494483600327,-12.00142334797307,False
T28,S3256,139.0,11,13417.9,13253.161016110176,164.73898388982343,164.73898388982343,1.2277553409238662,large,large,25064.13279147828,11646.232791478282,86.79624077894664,-11481.493807588458,-85.56848543802278,False
T28,S3257,94.0,24,38548.5,74796.89442177775,-36248.394421777746,36248.394421777746,94.0332163943545,large,large,55921.442706269874,17372.942706269874,45.06775284711434,18875.451715507872,48.965463547240155,True
T28,S3258,68.3,16,21764.0,18453.81048990396,3310.189510096039,3310.189510096039,15.209472110347544,large,large,17635.074169668664,4128.925830331336,18.97135558873064,-818.7363202352972,-3.761883478383094,False
T28,S3259,51.0,27,43661.1,31150.676808621436,12510.423191378562,12510.423191378562,28.653476873872997,large,large,20786.20355501629,22874.896444983708,52.391938006563535,-10364.473253605145,-23.73846113269054,False
T28,S3260,31.5,12,26959.0,12777.889395419721,14181.110604580279,14181.110604580279,52.602509753997836,large,large,14890.449921431315,12068.550078568685,44.76631209825545,2112.5605260115935,7.836197655742389,True
T28,S3261,148.2,30,146809.0,84309.81373270605,62499.186267293946,62499.186267293946,42.57176758052568,large,large,80610.64877546736,66198.35122453264,45.091480239312745,-3699.164957238696,-2.519712658787064,False
T28,S3262,0.0,3,4528.0,7241.734119178469,-2713.734119178469,2713.734119178469,59.932290617899056,small,small,7626.09317379206,3098.09317379206,68.42078564028401,-384.35905461359107,-8.488495022384953,False
T28,S3263,23.0,12,25053.3,9892.770697190257,15160.529302809742,15160.529302809742,60.513103275056544,medium,large,8394.167647918488,16659.132352081513,66.49476257451718,-1498.603049271771,-5.981659299460638,False
T28,S3264,35.0,10,24125.4,13726.290147807737,10399.109852192265,10399.109852192265,43.10440387389335,large,large,15916.517751247724,8208.882248752278,34.02589075726113,2190.2276034399874,9.078513116632216,True
T28,S3265,0.0,8,8500.6,11578.014995217212,-3077.414995217212,3077.414995217212,36.202326838308025,small,small,11584.065692784985,3083.4656927849846,36.27350649112985,-6.050697567772659,-0.07117965282182581,False
T28,S3266,11.0,5,2378.0,6983.144062005153,-4605.144062005153,4605.144062005153,193.65618427271457,medium,small,7141.789263377366,4763.789263377366,200.327555230335,-158.6452013722137,-6.671370957620439,False
T28,S3267,38.5,7,28973.5,9808.954879170002,19164.54512083,19164.54512083,66.14508126677826,large,large,8320.112769753378,20653.387230246622,71.28371522338213,-1488.8421094166224,-5.138633956603869,False
T28,S3268,4.0,11,12354.8,9610.900758981114,2743.8992410188857,2743.8992410188857,22.209175713236036,small,small,10391.3849318231,1963.4150681768988,15.89192110092352,780.484172841987,6.3172546123125155,True
T28,S3269,64.0,5,27187.0,9325.758822773667,17861.241177226333,17861.241177226333,65.69772750662571,large,large,8766.63073892174,18420.36926107826,67.75432839621239,-559.1280838519269,-2.056600889586676,False
T28,S3270,21.0,3,8616.3,6266.6855894619575,2349.6144105380417,2349.6144105380417,27.26941274721217,medium,large,6718.59972910617,1897.700270893829,22.024538037136928,451.9141396442128,5.244874710075241,True
T28,S3271,29.0,10,200662.0,8227.757202780693,192434.2427972193,192434.2427972193,95.89969341341127,large,large,9060.537285019884,191601.46271498012,95.48467707636729,832.7800822391873,0.4150163370439799,True
T28,S3272,7.0,3,2548.8,6241.7365971962245,-3692.9365971962243,3692.9365971962243,144.88922619257,medium,small,5811.753498135192,3262.9534981351917,128.0192050429689,429.9830990610326,16.870021149601087,True
T28,S3273,145.0,20,435239.0,83070.34910427505,352168.65089572495,352168.65089572495,80.9138544330184,large,large,44373.11626975295,390865.88373024703,89.80488507009873,-38697.23283452209,-8.891030637080334,False
T28,S3274,8.0,2,1032.8,3050.0125965133934,-2017.2125965133935,2017.2125965133935,195.31492994901177,medium,small,2773.000434165787,1740.2004341657869,168.49345799436358,277.0121623476066,26.82147195464819,True
T28,S3275,4.0,2,5949.4,3778.066757221897,2171.3332427781024,2171.3332427781024,36.49667601401995,small,small,4025.2958132524755,1924.1041867475242,32.34114678366767,247.22905603057825,4.155529230352279,True
T28,S3276,6.0,2,3284.2,3157.9149449734073,126.28505502659254,126.28505502659254,3.84523034609928,medium,small,3410.890925581772,126.69092558177226,3.857588623767501,-0.4058705551797175,-0.012358277668221174,False
T28,S3277,156.6,48,135394.0,79659.7998803035,55734.2001196965,55734.2001196965,41.164453461524516,large,large,52297.82058351039,83096.17941648961,61.373605489526575,-27361.979296793113,-20.20915202800206,False
T28,S3278,14.0,6,4658.2,5040.25901694059,-382.0590169405905,382.0590169405905,8.201859450873524,medium,large,5180.939156150831,522.7391561508311,11.221913102718457,-140.68013921024067,-3.0200536518449326,False
T28,S3279,158.25,28,143665.0,56173.9879890402,87491.01201095979,87491.01201095979,60.89932273759078,large,large,38127.24057278869,105537.7594272113,73.4610095898175,-18046.747416251514,-12.561686852226714,False
T28,S3280,10.0,5,2160.3,5663.7624327768,-3503.4624327767997,3503.4624327767997,162.1748105715317,medium,small,5477.736596905145,3317.436596905145,153.56369934292204,186.02583587165464,8.611111228609673,True
T28,S3282,0.0,3,500.0,5770.371183173613,-5270.371183173613,5270.371183173613,1054.0742366347226,small,small,5675.440557384301,5175.440557384301,1035.0881114768604,94.9306257893113,18.98612515786226,True
T28,S3283,42.0,11,20389.5,5844.314193275387,14545.185806724614,14545.185806724614,71.3366478173796,large,large,4997.855263885868,15391.644736114133,75.48809306807,-846.4589293895187,-4.151445250690401,False
T28,S3284,9.0,25,136511.0,34138.5597014073,102372.4402985927,102372.4402985927,74.9920814429553,medium,small,32831.088781543694,103679.91121845631,75.94985841320943,-1307.470919863612,-0.9577769702541303,False
T29,S3291,5.0,5,7273.3,3692.727433395474,3580.5725666045264,3580.5725666045264,49.22899600737666,medium,small,4703.83860321638,2569.4613967836203,35.327312179940606,1011.1111698209061,13.901683827436052,True
T29,S3292,28.0,13,26280.2,9523.716213886704,16756.4837861133,16756.4837861133,63.76086858590612,medium,large,10033.21924695378,16246.98075304622,61.82213511710801,509.5030330670779,1.9387334687981053,True
T30,S3359,16.0,6,4454.7,7628.948699464572,-3174.2486994645724,3174.2486994645724,71.25617212078417,medium,large,7799.300571049088,3344.600571049088,75.08026513680132,-170.35187158451572,-3.8240930160171445,False
T30,S3360,10.0,9,13883.1,19348.724879687077,-5465.624879687077,5465.624879687077,39.3689080946408,medium,small,19271.144633024815,5388.044633024814,38.81009740637764,77.58024666226265,0.5588106882631578,True
T30,S3361,8.0,8,10586.8,12885.90352479099,-2299.1035247909913,2299.1035247909913,21.71669933115759,medium,small,15752.158991794071,5165.358991794072,48.79055986505906,-2866.2554670030804,-27.07386053390147,False
T30,S3362,39.0,22,41297.5,34201.58244788572,7095.917552114282,7095.917552114282,17.1824385304541,large,large,31454.074465385776,9843.425534614224,23.835402953239843,-2747.507982499941,-6.652964422785743,False
T30,S3363,36.0,17,24866.1,35860.45536640076,-10994.355366400763,10994.355366400763,44.214232896999384,large,large,35971.974892517756,11105.874892517757,44.66271306122696,-111.5195261169938,-0.44848016422757553,False
T30,S3364,37.0,24,31054.9,35533.07377804588,-4478.173778045879,4478.173778045879,14.420184183642126,large,large,35502.68651310778,4447.786513107778,14.322334037809743,30.387264938100998,0.09785014583238372,True
T30,S3365,5.0,9,6834.3,20358.227095318285,-13523.927095318286,13523.927095318286,197.8831350001944,medium,small,17847.21268457013,11012.912684570132,161.14178020528996,2511.0144107481538,36.741354794904424,True
T30,S3366,8.0,5,1281.1,4201.941385287699,-2920.841385287699,2920.841385287699,227.9948001941846,medium,small,4531.997728903988,3250.897728903988,253.75831152166018,-330.05634361628927,-25.763511327475584,False
T30,S3367,39.0,17,14633.0,19845.988545287953,-5212.9885452879535,5212.9885452879535,35.62487900832333,large,large,20190.163509682927,5557.163509682927,37.97692550866484,-344.17496439497336,-2.3520465003415083,False
T30,S3368,37.0,12,19057.4,25774.94830991935,-6717.548309919348,6717.548309919348,35.249028251069646,large,large,20736.30755499481,1678.9075549948102,8.809740861790223,5038.640754924538,26.43928738927942,True
T30,S3369,43.0,14,9137.4,31242.930726237253,-22105.53072623725,22105.53072623725,241.92364049113812,large,large,24455.622650548135,15318.222650548136,167.64312222895063,6787.308075689116,74.28051826218748,True
T30,S3370,26.0,12,7102.7,25658.566359233104,-18555.866359233103,18555.866359233103,261.25088148497196,medium,large,22427.265421056378,15324.565421056377,215.756901193298,3231.300938176726,45.49398029167395,True
T30,S3371,22.0,9,11296.6,10154.239843000087,1142.3601569999137,1142.3601569999137,10.112424596780569,medium,large,10750.743321437885,545.8566785621151,4.832043965105564,596.5034784377985,5.280380631675005,True
T30,S3372,8.0,5,10697.3,5320.623829809048,5376.676170190951,5376.676170190951,50.261992934581166,medium,small,5685.108443884532,5012.191556115467,46.85473489680076,364.4846140754835,3.4072580377804087,True
T30,S3373,5.0,2,2022.1,2781.362595895742,-759.2625958957419,759.2625958957419,37.54822194232441,medium,small,2813.056228920567,790.9562289205669,39.115584240174414,-31.693633024824976,-1.5673622978500035,False
T30,S3375,6.0,2,1876.7,4361.921232959155,-2485.221232959155,2485.221232959155,132.42506703038072,medium,small,4227.502204343523,2350.802204343523,125.26254618977583,134.41902861563176,7.162520840604884,True
T31,S3430,0.0,1,1536.2,2406.960099201016,-870.7600992010159,870.7600992010159,56.68273006125608,small,small,2523.387389397157,987.1873893971572,64.26164492886063,-116.42729019614126,-7.578914867604553,False
T31,S3431,0.0,2,3542.8,2310.1777620024855,1232.6222379975147,1232.6222379975147,34.79231788408927,small,small,2315.6657302430826,1227.1342697569175,34.63741305625261,5.4879682405971835,0.15490482783665982,True
T31,S3432,0.0,2,1422.6,2310.1777620024855,-887.5777620024855,887.5777620024855,62.391238718015295,small,small,2315.6657302430826,893.0657302430827,62.77700901469723,-5.4879682405971835,-0.3857702966819332,False
T31,S3433,0.0,10,21074.3,25137.473753484497,-4063.173753484498,4063.173753484498,19.280231151139056,small,small,26682.74546025307,5608.445460253071,26.612724789212795,-1545.2717067685735,-7.332493638073739,False
T31,S3434,0.0,7,3850.0,16356.506134807105,-12506.506134807105,12506.506134807105,324.84431518979494,small,small,14277.290985262609,10427.290985262609,270.8387268899379,2079.215149544496,54.00558829985704,True
T31,S3435,0.0,1,775.4,2383.730132730107,-1608.330132730107,1608.330132730107,207.41941355817733,small,small,2476.781892753224,1701.3818927532238,219.4198984721723,-93.05176002311691,-12.000484913994967,False
T31,S3436,0.0,9,9103.5,25811.954748000855,-16708.454748000855,16708.454748000855,183.53880098864016,small,small,27435.024771990684,18331.524771990684,201.36787798089398,-1623.0700239898288,-17.829076992253817,False
T31,S3437,0.0,25,18484.8,35548.20362930692,-17063.40362930692,17063.40362930692,92.31045848105967,small,small,33126.5074140276,14641.707414027598,79.20944459246299,2421.6962152793203,13.101013888596682,True
T31,S3438,0.0,18,19368.2,34289.35515640164,-14921.155156401637,14921.155156401637,77.03945207299407,small,small,33994.287442617984,14626.087442617983,75.51598725032777,295.06771378365374,1.5234648226662983,True
T31,S3439,0.0,6,7726.7,14729.85850947636,-7003.15850947636,7003.15850947636,90.63582783693376,small,small,15645.553224633484,7918.853224633484,102.486873110558,-915.6947151571239,-11.851045273624237,False
T32,S3477,0.0,3,14538.9,6647.5662342004825,7891.333765799517,7891.333765799517,54.27737838350575,small,small,6431.560077809921,8107.339922190079,55.76309020758159,-216.00615639056196,-1.4857118240758425,False
T32,S3478,5.0,24,26514.3,18295.050239198565,8219.249760801435,8219.249760801435,30.999308904257077,medium,small,17028.014846440816,9486.285153559184,35.777995849632774,-1267.035392757749,-4.778686945375696,False
T32,S3479,0.0,31,10482.2,35381.58636853893,-24899.386368538926,24899.386368538926,237.5396993812265,small,small,30053.139584062108,19570.939584062107,186.70641262389677,5328.446784476819,50.833286757329745,True
T32,S3480,3.0,17,168472.0,12620.08485325935,155851.91514674065,155851.91514674065,92.50909061846517,small,small,12496.231521230504,155975.7684787695,92.58260629586489,-123.85333202884067,-0.07351567739972609,False
T32,S3481,0.0,17,37157.9,12502.78475927377,24655.11524072623,24655.11524072623,66.35228374242416,small,small,13404.35209807525,23753.54790192475,63.92596971821537,901.5673388014802,2.426314024208793,True
T32,S3482,0.0,9,15796.5,11376.697886100586,4419.802113899414,4419.802113899414,27.979629119738004,small,small,11766.655423051714,4029.844576948286,25.51099659385488,389.9575369511276,2.468632525883123,True
T32,S3483,0.0,20,62821.8,23069.887465059954,39751.91253494005,39751.91253494005,63.277258109350655,small,small,24178.374452840017,38643.42554715999,61.512763956397286,1108.4869877800593,1.7644941529533682,True
T32,S3484,0.0,5,19923.4,4639.276651934966,15284.123348065035,15284.123348065035,76.71443301878712,small,small,4859.74084654336,15063.659153456641,75.60787392441371,220.46419460839388,1.1065590943734094,True
T32,S3485,0.0,10,21798.9,7370.162755950515,14428.737244049487,14428.737244049487,66.19020796484908,small,small,7223.480111130329,14575.419888869674,66.86309808692032,-146.6826448201864,-0.6728901220712373,False
T34,S4046,245.0,18,147385.0,66879.19213535181,80505.80786464819,80505.80786464819,54.62279598646279,large,large,61338.94395356915,86046.05604643085,58.381827218801675,-5540.248181782663,-3.7590312323388844,False
T34,S4047,259.0,17,137754.0,71199.00202475167,66554.99797524833,66554.99797524833,48.314385045260636,large,large,64333.920505151356,73420.07949484864,53.29796557257767,-6865.08151960031,-4.983580527317031,False
T34,S4048,0.0,8,178575.0,33657.099542840995,144917.900457159,144917.900457159,81.15240120798488,small,small,34611.52012060214,143963.47987939787,80.61793637373533,954.4205777611351,0.5344648342495475,True
T34,S4049,761.0,33,122734.0,60084.51396885438,62649.48603114562,62649.48603114562,51.044931340252596,large,large,43521.457674907055,79212.54232509295,64.54001525664685,-16563.056293947324,-13.495083916394258,False
T34,S4050,826.0,75,123595.0,118396.63072087876,5198.369279121238,5198.369279121238,4.205970532077542,large,large,121812.24294622931,1782.7570537706924,1.4424184261262125,3415.6122253505455,2.7635521059513293,True
T34,S4051,532.0,32,151869.0,61177.66928908983,90691.33071091017,90691.33071091017,59.71681561800642,large,large,43681.840408699594,108187.15959130041,71.23715807129857,-17495.82888039024,-11.520342453292145,False
T34,S4052,410.0,29,79287.7,75371.49971490544,3916.2002850945573,3916.2002850945573,4.939228007742131,large,large,67160.24620834028,12127.453791659718,15.295504588554994,-8211.253506565161,-10.356276580812864,False
T34,S4053,597.0,48,76271.7,142221.5156659745,-65949.8156659745,65949.8156659745,86.46695388456597,large,large,125269.82383898343,48998.12383898343,64.24155202910573,16951.691826991068,22.225401855460234,True
T34,S4054,0.0,1,84667.5,3242.5778385876074,81424.9221614124,81424.9221614124,96.17022134988325,small,small,3126.3700574937097,81541.12994250629,96.30747328373495,-116.20778109389357,-0.13725193385170087,False
T34,S4055,441.0,23,99622.5,67124.82707608143,32497.672923918566,32497.672923918566,32.62081650622958,large,large,42254.041274957366,57368.458725042634,57.58584529101623,-24870.785801124068,-24.965028784786647,False
T34,S4056,303.0,26,75534.2,62909.43537686403,12624.764623135969,12624.764623135969,16.713971450198677,large,large,45251.602315245895,30282.597684754102,40.09124037158546,-17657.833061618134,-23.37726892138678,False
T34,S4057,385.0,29,94368.1,104020.62618094202,-9652.526180942019,9652.526180942019,10.22859014957599,large,large,91801.59418852656,2566.505811473442,2.7196751990062764,7086.020369468577,7.508914950569713,True
T34,S4058,350.0,38,198729.0,128594.64770589041,70134.35229410959,70134.35229410959,35.29145333298592,large,large,77863.53342993192,120865.46657006808,60.81923955238947,-50731.11427595849,-25.527786219403552,False
T34,S4059,337.0,45,87052.1,117089.94152415753,-30037.841524157528,30037.841524157528,34.50559093250769,large,large,104234.98726848382,17182.887268483813,19.738624649472918,12854.954255673714,14.766966283034769,True
T34,S4060,612.0,87,224473.0,123425.11357284542,101047.88642715458,101047.88642715458,45.01560830351738,large,large,98378.45908104157,126094.54091895843,56.173589215165485,-25046.654491803856,-11.157980911648103,False
T34,S4061,528.0,46,139427.0,90430.47274152565,48996.52725847435,48996.52725847435,35.14134798745892,large,large,59082.148739015305,80344.8512609847,57.625030489779384,-31348.324002510344,-22.483682502320463,False
T34,S4062,546.0,48,112536.0,90974.29004792035,21561.709952079647,21561.709952079647,19.15983325520691,large,large,61618.31464704486,50917.68535295514,45.245686138617984,-29355.97540087549,-26.085852883411075,False
T34,S4063,240.0,36,74671.6,120428.64794372521,-45757.04794372521,45757.04794372521,61.27771193295069,large,large,97574.50710414999,22902.907104149985,30.67150978973262,22854.140839575222,30.606202143218066,True
T34,S4064,386.0,47,353865.0,127655.14639152608,226209.8536084739,226209.8536084739,63.925466946003105,large,large,110040.65023840778,243824.34976159222,68.90321160939686,-17614.49615311832,-4.977744663393757,False
T34,S4065,642.0,55,249357.0,120364.20779095548,128992.79220904452,128992.79220904452,51.730166872814685,large,large,113872.65106112011,135484.3489388799,54.333485299742904,-6491.556729835385,-2.603318426928219,False
T34,S4066,187.5,24,157125.0,57514.95735407968,99610.04264592033,99610.04264592033,63.39541298069711,large,large,39001.710650423345,118123.28934957666,75.17790889392309,-18513.246703656332,-11.78249591322598,False
T34,S4067,284.0,32,78117.7,109774.24698547859,-31656.54698547859,31656.54698547859,40.52416671955088,large,large,86826.46109853486,8708.761098534858,11.148255899155837,22947.785886943733,29.375910820395042,True
T34,S4068,286.0,53,210071.0,136768.00363732947,73302.99636267053,73302.99636267053,34.894391116656045,large,large,109846.47262132903,100224.52737867097,47.70983495040771,-26921.531016000445,-12.815443833751665,False
T34,S4069,152.0,10,28827.9,40845.94960442359,-12018.049604423592,12018.049604423592,41.688952731290144,large,large,27933.043350632037,894.8566493679646,3.104134013812885,11123.192955055627,38.58481871747726,True
T34,S4070,156.0,9,91749.0,15003.825333127654,76745.17466687235,76745.17466687235,83.64687862197118,large,large,23630.89598441879,68118.10401558121,74.24397433822844,8627.070651291142,9.402904283742743,True
T34,S4071,241.0,21,56862.3,66125.58867930155,-9263.28867930155,9263.28867930155,16.290738642829343,large,large,68731.15948611998,11868.859486119982,20.87298523999202,-2605.570806818432,-4.582246597162676,False
T35,S4164,5.0,3,3455.7,3915.5332871853207,-459.83328718532084,459.83328718532084,13.306516398568188,medium,small,4200.950047775505,745.2500477755048,21.56582017465361,-285.4167605901839,-8.25930377608542,False
T35,S4166,2.0,1,3496.4,902.1432038982787,2594.256796101721,2594.256796101721,74.1979406275518,small,small,850.1733409899101,2646.22665901009,75.68432270364059,-51.96986290836867,-1.4863820760887876,False
T35,S4167,0.0,5,5297.4,5257.740086004511,39.65991399548875,39.65991399548875,0.7486675349320185,small,small,4615.742346567161,681.6576534328387,12.86777765380826,-641.99773943735,-12.119110118876241,False
T35,S4168,30.0,8,5832.0,23339.33544549471,-17507.33544549471,17507.33544549471,300.1943663493606,large,large,21004.188936333656,15172.188936333656,260.15413128144127,2335.1465091610553,40.040235067919355,True
T35,S4171,8.0,4,4393.7,3580.4808247662268,813.2191752337731,813.2191752337731,18.508755154739127,medium,small,3397.7784797622303,995.9215202377695,22.667035078356957,-182.70234500399647,-4.15827992361783,False
T35,S4172,8.0,6,11180.0,7641.808549674436,3538.191450325564,3538.191450325564,31.647508500228653,medium,small,9939.4119162317,1240.5880837682998,11.09649448808855,2297.603366557264,20.5510140121401,True
T35,S4173,5.0,3,5230.5,3915.5332871853207,1314.9667128146793,1314.9667128146793,25.140363498990144,medium,small,4200.950047775505,1029.5499522244954,19.68358574179324,285.4167605901839,5.456777757196903,True
T35,S4174,0.0,1,503.2,645.8178058930695,-142.6178058930695,142.6178058930695,28.342171282406497,small,small,657.4311382831004,154.2311382831004,30.650067226371302,-11.613332390030905,-2.3078959439648052,False
T35,S4176,0.0,15,3672.5,19937.182860150166,-16264.682860150166,16264.682860150166,442.8776816923122,small,small,18680.756584532817,15008.256584532817,408.6659383126703,1256.4262756173484,34.211743379641916,True
T35,S4179,1.0,1,6560.0,582.9791130428479,5977.0208869571525,5977.0208869571525,91.11312327678586,small,small,574.6264620278158,5985.373537972184,91.24045027396622,-8.35265101503137,-0.12732699718036145,False
T35,S4181,15.0,5,11055.4,5910.665298359734,5144.7347016402655,5144.7347016402655,46.53594353565014,medium,large,6010.964606865303,5044.435393134697,45.628700844245316,100.29930850556866,0.907242691404825,True
T35,S4184,34.0,5,6121.6,4951.885253384717,1169.7147466152837,1169.7147466152837,19.107990502732676,large,large,5226.919197717905,894.6808022820951,14.615146404242275,275.03394433318863,4.4928440984904014,True
T35,S4185,0.0,4,1000.1,3303.890509119017,-2303.7905091190173,2303.7905091190173,230.3560153103707,small,small,3226.470575528852,2226.370575528852,222.6147960732779,77.41993359016533,7.741219237092821,True
T35,S4186,9.0,7,2334.8,4930.78021356631,-2595.9802135663094,2595.9802135663094,111.18640626890138,medium,small,4468.519376587081,2133.7193765870807,91.38767245961455,462.26083697922877,19.79873380928683,True
T35,S4187,3.0,2,1000.4,1941.8505506024876,-941.4505506024876,941.4505506024876,94.10741209541061,small,small,2024.0704041217618,1023.6704041217619,102.32610996818892,-82.21985351927424,-8.218697872778307,False
T35,S4189,18.0,15,42641.6,16518.21357943721,26123.386420562787,26123.386420562787,61.262678746957874,medium,large,13058.084854877112,29583.51514512289,69.37712268095683,-3460.1287245601015,-8.114443933998956,False
T35,S4190,20.0,13,1655.5,9124.14593559826,-7468.645935598261,7468.645935598261,451.141403539611,medium,large,8677.93720380519,7022.43720380519,424.1882937967496,446.2087317930709,26.953109742861443,True
T35,S4191,14.0,8,1256.0,5618.281300333006,-4362.281300333006,4362.281300333006,347.3153901539017,medium,large,5620.605008420102,4364.605008420102,347.5003987595623,-2.3237080870967475,-0.18500860566058464,False
T35,S4193,12.0,4,2337.5,4405.730974526955,-2068.230974526955,2068.230974526955,88.48046949847935,medium,small,4759.992775422015,2422.4927754220153,103.63605456350868,-354.26180089506033,-15.155585065029328,False
T35,S4195,18.0,15,972.8,7067.09006108321,-6094.290061083209,6094.290061083209,626.4689618712181,medium,large,6163.207459680256,5190.407459680256,533.5533984046316,903.8826014029537,92.91556346658649,True
T36,S4442,90.0,20,13154.9,17121.91318114902,-3967.013181149019,3967.013181149019,30.156163719595124,large,large,17373.33384758814,4218.4338475881395,32.0673957809496,-251.4206664391204,-1.9112320613544789,False
T36,S4443,48.0,12,9860.8,10586.968114679288,-726.1681146792889,726.1681146792889,7.364190681073432,large,large,11483.903635791465,1623.1036357914654,16.46016181031423,-896.9355211121765,-9.095971129240798,False
T36,S4444,91.0,27,7466.6,12258.70679713634,-4792.106797136339,4792.106797136339,64.180574788208,large,large,12405.756863957946,4939.1568639579455,66.15001291026633,-147.05006682160638,-1.969438122058321,False
T36,S4445,141.0,25,21425.3,17920.31429247881,3504.9857075211876,3504.9857075211876,16.359097457310693,large,large,18868.22170426984,2557.07829573016,11.93485410113352,947.9074117910277,4.424243356177172,True
T36,S4446,69.0,16,6775.8,11765.439432001096,-4989.639432001096,4989.639432001096,73.6391191003438,large,large,12471.136712919155,5695.336712919155,84.05408531714565,-705.6972809180588,-10.414966216801844,False
T36,S4447,138.0,36,14204.3,24138.53984435847,-9934.239844358472,9934.239844358472,69.93825703736525,large,large,24183.694752603136,9979.394752603137,70.2561530846514,-45.15490824466542,-0.3178960472861547,False
T36,S4448,99.0,22,12180.0,14326.488631465676,-2146.488631465676,2146.488631465676,17.62305937163938,large,large,13375.219108845442,1195.219108845442,9.812964768845992,951.269522620234,7.810094602793386,True
T36,S4449,85.0,16,15199.0,13689.356001584887,1509.643998415113,1509.643998415113,9.932521866011665,large,large,13367.648720057252,1831.351279942748,12.049156391491204,-321.70728152763513,-2.1166345254795385,False
T36,S4450,74.0,15,5747.9,9573.561520959363,-3825.6615209593638,3825.6615209593638,66.5575518182182,large,large,9836.21165571518,4088.3116557151807,71.12704910863413,-262.6501347558169,-4.569497290415924,False
T36,S4452,95.0,17,8596.8,11699.330936373906,-3102.530936373907,3102.530936373907,36.089369723314576,large,large,13144.875158707693,4548.075158707694,52.904280182250304,-1445.5442223337868,-16.814910458935728,False
T36,S4453,55.0,8,14401.3,7486.446806852038,6914.853193147961,6914.853193147961,48.01547911055225,large,large,9293.31736476288,5107.98263523712,35.468899580156794,1806.870557910841,12.546579530395455,True
T36,S4454,94.0,14,10489.9,12328.781329115323,-1838.8813291153238,1838.8813291153238,17.530017722907974,large,large,14068.613994490075,3578.7139944900755,34.11580658052103,-1739.8326653747517,-16.585788857613057,False
T36,S4455,53.0,14,6561.2,11001.309502061127,-4440.109502061127,4440.109502061127,67.67221700391892,large,large,12910.81496539403,6349.614965394031,96.77520827583417,-1909.5054633329037,-29.102991271915258,False
T36,S4456,84.0,15,15979.8,14252.879172816285,1726.9208271837142,1726.9208271837142,10.806898879733879,large,large,14221.82566622519,1757.9743337748096,11.001228637247085,-31.053506591095356,-0.1943297575132057,False
T36,S4457,50.0,10,9419.6,8428.816078483069,990.7839215169315,990.7839215169315,10.518322662500864,large,large,10569.18332434836,1149.5833243483594,12.204162855624011,-158.79940283142787,-1.6858401931231466,False
T36,S4458,47.0,4,5356.7,6386.455194722082,-1029.7551947220818,1029.7551947220818,19.22368612619863,large,large,6457.357313251352,1100.6573132513522,20.547301757637207,-70.90211852927041,-1.323615631438578,False
T36,S4459,22.0,4,4317.3,7010.088399291014,-2692.788399291014,2692.788399291014,62.37204732798308,medium,large,6726.941729692163,2409.6417296921627,55.81362725991158,283.1466695988511,6.558420068071506,True
T36,S4460,60.0,13,12412.0,11798.533487309183,613.4665126908167,613.4665126908167,4.942527495091981,large,large,12358.174369858023,53.825630141976944,0.4336579934094179,559.6408825488397,4.508869501682563,True
T36,S4462,14.0,7,4966.8,6059.543492743228,-1092.7434927432278,1092.7434927432278,22.00095620405951,medium,large,6891.924923101995,1925.1249231019947,38.75986395872583,-832.3814303587669,-16.75890775466632,False
T36,S4464,60.0,16,9903.1,10776.843585144621,-873.7435851446207,873.7435851446207,8.822930043568384,large,large,11625.852918950373,1722.752918950373,17.39609737304857,-849.0093338057522,-8.573167329480185,False
T36,S4465,23.0,8,2955.0,7267.807350216814,-4312.807350216814,4312.807350216814,145.94948731698184,medium,large,7965.346707402724,5010.346707402724,169.5548801151514,-697.5393571859104,-23.60539279816956,False
T36,S4466,40.0,11,8856.2,8664.63572738806,191.5642726119404,191.5642726119404,2.1630526931634377,large,large,9179.868071519395,323.6680715193943,3.6547059858561717,-132.1037989074539,-1.491653292692734,False
T36,S4467,86.0,24,15080.7,12831.253366285766,2249.446633714235,2249.446633714235,14.91606247531106,large,large,12809.06676552196,2271.6332344780403,15.063181645931822,-22.186600763805473,-0.14711917062076196,False
T36,S4470,58.0,14,13606.8,12659.248690123948,947.5513098760512,947.5513098760512,6.963807139636441,large,large,13014.022435205114,592.7775647948856,4.356480324506023,354.77374508116554,2.607326815130418,True
T36,S4472,66.0,12,17821.6,11859.12315087423,5962.476849125769,5962.476849125769,33.4564620972627,large,large,13697.543403148798,4124.0565968512,23.140776343601026,1838.420252274569,10.315685753661676,True
T36,S4473,30.0,5,9569.1,8320.105519169749,1248.9944808302516,1248.9944808302516,13.05237149606809,large,large,7228.75036715504,2340.34963284496,24.45736414965838,-1091.3551520147084,-11.404992653590288,False
T36,S4474,25.0,5,1179.2,6803.917096391831,-5624.717096391832,5624.717096391832,476.9943263561594,medium,large,6555.827020541282,5376.627020541282,455.9554800323339,248.0900758505495,21.038846323825453,True
T36,S4475,21.0,2,2545.9,3226.481799115665,-680.581799115665,680.581799115665,26.732463926928197,medium,large,2896.039709160034,350.1397091600338,13.753081784831839,330.4420899556312,12.979382142096359,True
T36,S4476,5.0,4,3451.8,4062.26853626358,-610.4685362635796,610.4685362635796,17.685512957401343,medium,small,4559.886614347217,1108.0866143472167,32.10170387470933,-497.6180780836371,-14.416190917307986,False
T36,S4477,1.0,1,500.0,715.232457805525,-215.23245780552497,215.23245780552497,43.04649156110499,small,small,676.2023555444111,176.20235554441115,35.24047110888223,39.030102261113825,7.806020452222761,True
T36,S4478,7.0,7,1548.6,4598.601408899103,-3050.0014088991034,3050.0014088991034,196.9521767337662,medium,small,4855.687859615175,3307.0878596151747,213.55339400847052,-257.08645071607134,-16.60121727470431,False
T36,S4479,12.0,5,4112.2,5095.708364583448,-983.5083645834484,983.5083645834484,23.91684170476748,medium,small,5372.6374658105005,1260.4374658105007,30.651171290562246,-276.92910122705234,-6.7343295857947645,False
T4,S448,55.0,17,30711.7,51683.25498393798,-20971.55498393798,20971.55498393798,68.28523000660327,large,large,57174.17238195732,26462.472381957323,86.16414064332916,-5490.917398019345,-17.87891063672589,False
T36,S4480,8.0,1,1792.8,1149.2983358897734,643.5016641102266,643.5016641102266,35.89366711904432,medium,small,1130.8912208286479,661.9087791713521,36.920391520044184,-18.407115061125523,-1.0267244009998606,False
T36,S4481,16.0,3,18729.7,5767.746047599205,12961.953952400796,12961.953952400796,69.20534740225843,medium,large,5830.756402749001,12898.943597251,68.86892794466009,63.01035514979594,0.336419457598339,True
T36,S4482,36.0,7,5044.4,7789.165453272295,-2744.7654532722954,2744.7654532722954,54.4121293567579,large,large,7897.677496859587,2853.2774968595877,56.563268116318845,-108.51204358729228,-2.1511387595609435,False
T36,S4483,0.0,2,1000.0,3502.1575381023945,-2502.1575381023945,2502.1575381023945,250.21575381023945,small,small,3388.6280732329683,2388.6280732329683,238.86280732329683,113.52946486942619,11.352946486942614,True
T36,S4484,0.0,1,1629.6,864.0962389995632,765.5037610004367,765.5037610004367,46.9749485149998,small,small,863.2761896165267,766.3238103834732,47.025270642088444,-0.8200493830364621,-0.050322127088641366,False
T36,S4486,0.0,11,2874.4,4957.459823175044,-2083.059823175044,2083.059823175044,72.46937876339562,small,small,4406.743051512657,1532.343051512657,53.31001431647151,550.7167716623871,19.159364446924116,True
T36,S4487,27.0,5,6626.7,7465.413540153744,-838.7135401537444,838.7135401537444,12.656579295180775,medium,large,6857.271362909259,230.57136290925882,3.4794296242361784,608.1421772444855,9.177149670944596,True
T36,S4489,5.0,1,500.0,1164.8281483835683,-664.8281483835683,664.8281483835683,132.96562967671366,medium,small,1173.3436069284437,673.3436069284437,134.66872138568874,-8.5154585448754,-1.70309170897508,False
T4,S449,40.0,18,101581.0,25283.600851715055,76297.39914828495,76297.39914828495,75.10991144828752,large,large,22644.40673927952,78936.59326072049,77.7080293172153,-2639.194112435536,-2.598117868927787,False
T36,S4490,17.0,4,12025.7,3096.1656619358964,8929.534338064104,8929.534338064104,74.2537593492612,medium,large,3164.796144535116,8860.903855464885,73.68306090676539,68.63048259921925,0.5706984424958108,True
T36,S4491,3.0,1,1229.3,872.9065722507072,356.39342774929275,356.39342774929275,28.991574696924495,small,small,915.9773936886411,313.32260631135887,25.48788792901317,43.07082143793389,3.5036867679113257,True
T36,S4492,6.0,2,500.0,5414.582720440868,-4914.582720440868,4914.582720440868,982.9165440881736,medium,small,5250.90336832842,4750.90336832842,950.1806736656839,163.6793521124482,32.73587042248971,True
T36,S4494,8.0,1,500.0,1149.2983358897734,-649.2983358897734,649.2983358897734,129.85966717795466,medium,small,1130.8912208286479,630.8912208286479,126.17824416572958,18.407115061125523,3.681423012225082,True
T36,S4495,5.0,1,1343.6,1164.8281483835683,178.7718516164316,178.7718516164316,13.305437006283984,medium,small,1173.3436069284437,170.2563930715562,12.671657715953872,8.5154585448754,0.6337792903301125,True
T36,S4496,10.0,3,664.8,3132.2918888156323,-2467.4918888156326,2467.4918888156326,371.1630398338798,medium,small,3107.0506836950944,2442.2506836950943,367.36622799264353,25.241205120538325,3.796811841236263,True
T36,S4497,21.0,3,10579.6,6082.721775356119,4496.878224643881,4496.878224643881,42.50518190332225,medium,large,6225.254518256658,4354.345481743342,41.157940581339005,142.53274290053923,1.3472413219832475,True
T36,S4498,3.0,1,500.9,872.9065722507072,-372.0065722507072,372.0065722507072,74.26763271126117,small,small,915.9773936886411,415.0773936886411,82.86631936287505,-43.07082143793389,-8.598686651613875,False
T4,S450,32.0,11,40399.6,34413.37258290053,5986.2274170994715,5986.2274170994715,14.817541305110623,large,large,33740.640098713644,6658.959901286355,16.482737208502943,-672.7324841868831,-1.6651959033923198,False
T36,S4500,14.0,6,4862.8,6702.864120564782,-1840.0641205647817,1840.0641205647817,37.839601064505665,medium,large,6173.514063524201,1310.7140635242013,26.953896181710153,529.3500570405804,10.885704882795512,True
T36,S4501,21.0,13,285391.0,6146.334088768716,279244.6659112313,279244.6659112313,97.8463462096672,medium,large,6551.6217549611165,278839.3782450389,97.7043348406358,405.2876661923947,0.1420113690314082,True
T36,S4502,16.0,3,3903.1,3589.248751848596,313.851248151404,313.851248151404,8.04107627658538,medium,large,3394.3866723647957,508.7133276352042,13.033571459486156,-194.86207948380024,-4.992495182900775,False
T36,S4503,0.0,2,1002.9,3493.5908675233286,-2490.6908675233285,2490.6908675233285,248.34887501478997,small,small,3377.2318191099175,2374.3318191099174,236.74661672249653,116.35904841341107,11.602258292293442,True
T36,S4504,0.0,3,1002.1,3353.4939218298296,-2351.3939218298297,2351.3939218298297,234.64663425105576,small,small,3391.3358510786557,2389.2358510786557,238.42289702411495,-37.84192924882609,-3.7762627730591873,False
T36,S4505,0.0,1,500.0,864.0962389995632,-364.0962389995632,364.0962389995632,72.81924779991263,small,small,863.2761896165267,363.2761896165267,72.65523792330535,0.8200493830364621,0.16400987660728106,True
T4,S451,60.0,17,35622.6,51689.458988774,-16066.858988774002,16066.858988774002,45.10299357366953,large,large,54427.77911659775,18805.17911659775,52.79002407628233,-2738.3201278237466,-7.687030502612799,False
T4,S452,21.0,4,4604.2,8616.05833489432,-4011.8583348943203,4011.8583348943203,87.13475380944182,medium,large,8298.81511945147,3694.6151194514705,80.24445331331113,317.24321544284976,6.890300496130692,True
T4,S453,39.0,11,327197.0,23654.3906458924,303542.6093541076,303542.6093541076,92.77059672127422,large,large,27372.29138199623,299824.70861800376,91.63430857190126,3717.900736103824,1.1362881493729589,True
T4,S454,24.0,8,14743.7,17818.49102684089,-3074.7910268408887,3074.7910268408887,20.85494839721975,medium,large,18383.644579637257,3639.9445796372565,24.68813513322474,-565.1535527963679,-3.83318673600499,False
T4,S455,31.0,9,25380.9,24103.434075795038,1277.4659242049638,1277.4659242049638,5.033178193858231,large,large,25577.21814618075,196.31814618074714,0.7734877257337097,1081.1477780242167,4.259690468124521,True
T4,S456,9.0,2,18068.3,3895.076099772776,14173.223900227224,14173.223900227224,78.44248711958085,medium,small,3862.6594684551947,14205.640531544805,78.62189874833165,-32.41663131758105,-0.17941162875079897,False
T4,S457,4.0,7,172968.0,9855.23200033901,163112.76799966098,163112.76799966098,94.30228019035948,small,small,18787.20177634701,154180.798223653,89.13833670022952,8931.969776007987,5.163943490129967,True
T4,S458,2.0,1,6569.0,939.7351033532395,5629.2648966467605,5629.2648966467605,85.6943963563215,small,small,1023.3079576596035,5545.692042340396,84.42216535759471,83.5728543063642,1.2722309987267977,True
T4,S459,3.0,10,14800.7,15758.721800475912,-958.0218004759117,958.0218004759117,6.472814126871781,small,small,19755.544128437683,4954.844128437682,33.47709316746966,-3996.8223279617705,-27.00427904059788,False
T4,S460,31.0,12,5390.6,22303.337635374464,-16912.737635374462,16912.737635374462,313.744993792425,large,large,23109.565068223947,17718.965068223944,328.70116625651957,-806.2274328494823,-14.95617246409455,False
T4,S461,12.0,8,101956.0,27509.141752743657,74446.85824725634,74446.85824725634,73.01861415439636,medium,small,31024.861711544287,70931.13828845571,69.57034239128222,3515.7199588006333,3.4482717631141355,True
T4,S462,29.0,9,81596.2,19276.63967025613,62319.560329743865,62319.560329743865,76.37556691334139,large,large,19660.941715352936,61935.25828464706,75.90458659183523,384.30204509680334,0.4709803215061612,True
T4,S463,8.0,10,69365.6,29717.761085866805,39647.8389141332,39647.8389141332,57.15778269651411,medium,small,30644.948538687062,38720.65146131294,55.82111516560505,927.1874528202607,1.336667530909061,True
T4,S464,33.0,10,22607.0,24081.212253823058,-1474.2122538230578,1474.2122538230578,6.521043277847825,large,large,24436.741433086605,1829.741433086605,8.093694134943181,-355.5291792635471,-1.572650857095356,False
T13,S4640,88.0,16,3052.0,8691.552410792414,-5639.552410792414,5639.552410792414,184.78218908232026,large,large,7850.464138954102,4798.464138954102,157.22359564069797,841.0882718383118,27.558593441622293,True
T13,S4641,67.0,11,6347.2,8768.79469946349,-2421.5946994634896,2421.5946994634896,38.15217260309254,large,large,9561.911936092725,3214.7119360927254,50.64771767224485,-793.1172366292358,-12.495545069152314,False
T13,S4642,47.0,7,3591.5,6898.7591503730555,-3307.2591503730555,3307.2591503730555,92.0857343832119,large,large,7261.989395483697,3670.489395483697,102.1993427671919,-363.2302451106416,-10.113608383979994,False
T13,S4643,52.0,12,11054.2,16448.906923749488,-5394.706923749487,5394.706923749487,48.80232783692612,large,large,17623.878174526504,6569.678174526503,59.431511774045184,-1174.9712507770164,-10.629183937119066,False
T13,S4644,73.0,16,7454.7,17902.637660315784,-10447.937660315783,10447.937660315783,140.1523556993009,large,large,31301.260071128767,23846.560071128766,319.88624721489487,-13398.622410812983,-179.73389151559397,False
T13,S4645,118.0,24,3514.1,11066.689867649153,-7552.589867649152,7552.589867649152,214.92245148542023,large,large,16544.479692524987,13030.379692524986,370.8027572500779,-5477.789824875834,-155.88030576465766,False
T13,S4646,143.0,34,5778.1,18308.4016702855,-12530.3016702855,12530.3016702855,216.8585117994756,large,large,33804.24827395723,28026.14827395723,485.040900537499,-15495.846603671731,-268.1823887380234,False
T13,S4647,166.0,39,4797.5,18448.81745161313,-13651.31745161313,13651.31745161313,284.5506503723425,large,large,30544.267954051546,25746.767954051546,536.6705149359364,-12095.450502438416,-252.11986456359386,False
T13,S4648,61.0,11,5032.9,8139.524621865701,-3106.6246218657016,3106.6246218657016,61.72633316508775,large,large,8745.003416220394,3712.103416220394,73.75674891653708,-605.4787943546926,-12.030415751449326,False
T13,S4649,97.0,20,9811.8,9926.573035791427,-114.7730357914279,114.7730357914279,1.1697449580242965,large,large,9361.92516234467,449.8748376553285,4.585038806899127,-335.1018018639006,-3.4152938488748306,False
T4,S465,2.0,6,28306.4,10655.908410642713,17650.49158935729,17650.49158935729,62.35512671818842,small,small,19211.5930116234,9094.8069883766,32.12986105042181,8555.68460098069,30.225265667766614,True
T13,S4650,121.0,22,8684.9,12481.671295913224,-3796.771295913224,3796.771295913224,43.71692588185499,large,large,17111.004932778684,8426.104932778684,97.02017216984288,-4629.33363686546,-53.30324628798789,False
T13,S4651,71.0,14,2954.0,6922.986226744018,-3968.9862267440176,3968.9862267440176,134.35972331564042,large,large,7098.517786065485,4144.517786065485,140.30188849239963,-175.53155932146728,-5.942165176759204,False
T13,S4652,161.0,25,10866.4,16935.08869612405,-6068.688696124051,6068.688696124051,55.84819899989003,large,large,26229.35957767648,15362.959577676482,141.38039808654642,-9294.270881552431,-85.53219908665639,False
T13,S4653,53.0,10,4160.4,8503.95759695113,-4343.55759695113,4343.55759695113,104.40240354175391,large,large,12406.045978619986,8245.645978619987,198.19358664118803,-3902.0883816688565,-93.79118309943412,False
T13,S4654,10.0,2,1017.9,4048.6354225453324,-3030.7354225453323,3030.7354225453323,297.7439259795002,medium,small,3639.809926971831,2621.909926971831,257.5803052335034,408.8254955735015,40.16362074599681,True
T13,S4655,13.0,3,1001.0,3696.3504494861163,-2695.3504494861163,2695.3504494861163,269.2657791694422,medium,large,3518.015093451035,2517.015093451035,251.45005928581773,178.33535603508108,17.815719883624496,True
T13,S4656,90.0,21,4000.0,11469.604307755008,-7469.6043077550075,7469.6043077550075,186.7401076938752,large,large,11814.96690128663,7814.966901286631,195.37417253216574,-345.36259353162313,-8.634064838290556,False
T13,S4657,103.0,20,3130.1,10670.255079836868,-7540.155079836868,7540.155079836868,240.8918270929641,large,large,10175.565680095304,7045.4656800953035,225.0875588669788,494.68939974156456,15.804268225985282,True
T13,S4658,230.0,53,4896.3,29532.311498864594,-24636.011498864595,24636.011498864595,503.1556787546636,large,large,49035.30348889092,44139.003488890914,901.4766964624494,-19502.99199002632,-398.32101770778576,False
T13,S4659,238.0,56,9891.6,68144.07662315559,-58252.47662315559,58252.47662315559,588.9085347482267,large,large,56865.644269910415,46974.04426991042,474.88823112449364,11278.432353245174,114.02030362373301,True
T4,S466,28.0,10,133522.0,20624.2312959322,112897.7687040678,112897.7687040678,84.55368306651174,medium,large,22646.299723725228,110875.70027627477,83.03927463359953,2022.0684277930268,1.5144084329122052,True
T13,S4660,85.0,20,3799.3,11522.657328683368,-7723.357328683368,7723.357328683368,203.28369248765213,large,large,11491.65331191602,7692.353311916019,202.46764698539255,31.00401676734873,0.816045502259584,True
T13,S4661,74.0,17,3209.8,12428.994913057042,-9219.194913057043,9219.194913057043,287.22022908147056,large,large,11768.788171471982,8558.988171471981,266.65175934550376,660.2067415850615,20.5684697359668,True
T13,S4662,174.0,36,17592.8,18554.749746020472,-961.949746020473,961.949746020473,5.467860408919973,large,large,32896.62625076219,15303.826250762188,86.98914471125795,-14341.876504741715,-81.52128430233797,False
T13,S4663,79.0,21,4467.0,12570.520262594177,-8103.5202625941765,8103.5202625941765,181.40855747916223,large,large,12912.852454798749,8445.852454798749,189.0721391269028,-342.3321922045725,-7.663581647740585,False
T13,S4664,97.0,17,2676.2,12850.860757234243,-10174.660757234244,10174.660757234244,380.19059701196636,large,large,13563.037389695595,10886.837389695596,406.80208466092205,-712.1766324613527,-26.611487648955688,False
T13,S4665,80.0,18,5465.5,12412.053945541424,-6946.553945541424,6946.553945541424,127.09823338288216,large,large,11766.419642992001,6300.919642992001,115.2853287529412,645.6343025494225,11.81290462994096,True
T13,S4666,83.0,18,5758.0,11692.902143037758,-5934.902143037758,5934.902143037758,103.07228452653278,large,large,12917.65069515555,7159.650695155549,124.34266577206581,-1224.7485521177914,-21.27038124553303,False
T13,S4667,57.0,13,3865.8,17793.643130341134,-13927.843130341134,13927.843130341134,360.2835927968631,large,large,17459.160686287054,13593.360686287055,351.63124544174696,334.4824440540797,8.652347355116149,True
T13,S4668,8.0,1,509.0,1225.906128322856,-716.9061283228559,716.9061283228559,140.8459977058656,medium,small,1151.2366029088944,642.2366029088944,126.17614988386923,74.66952541396154,14.669847821996385,True
T4,S467,15.5,13,55779.3,24995.724244922403,30783.5757550776,30783.5757550776,55.188171517171426,medium,large,26970.549106390223,28808.75089360978,51.64774547835806,1974.8248614678196,3.540426038813365,True
T4,S468,41.0,10,58555.6,28219.605108255302,30335.994891744696,30335.994891744696,51.807162580085766,large,large,25832.298414220102,32723.301585779896,55.88415383973505,-2387.3066940352,-4.076991259649283,False
T4,S469,29.0,14,44928.4,24664.494599362424,20263.905400637577,20263.905400637577,45.10266424051953,large,large,26359.593642479576,18568.806357520425,41.329774391076526,1695.0990431171522,3.772889849443004,True
T4,S470,16.0,9,100303.0,27244.054583892113,73058.94541610789,73058.94541610789,72.83824553214548,medium,large,28966.129164689173,71336.87083531082,71.1213730748939,1722.074580797067,1.7168724572515828,True
T4,S471,18.0,4,6825.4,7649.578699081468,-824.178699081468,824.178699081468,12.075170672509568,medium,large,8711.299275514782,1885.8992755147829,27.630604440981966,-1061.7205764333148,-15.555433768472398,False
T4,S472,61.1,33,115897.0,102058.68120707468,13838.318792925318,13838.318792925318,11.940187229113192,large,large,82610.404432564,33286.595567436,28.720843134365857,-19448.276774510683,-16.780655905252665,False
T4,S473,17.0,5,5295.2,7123.496293023857,-1828.2962930238573,1828.2962930238573,34.527426594346906,medium,large,8464.013259452333,3168.813259452333,59.84312697258524,-1340.5169664284758,-25.315700378238333,False
T4,S474,9.0,32,207210.0,54320.053882125016,152889.946117875,152889.946117875,73.7850229804908,medium,small,56274.89960107187,150935.10039892813,72.84161015343281,1954.8457189468609,0.9434128270579833,True
T4,S475,64.0,19,130407.0,51486.20017162868,78920.79982837132,78920.79982837132,60.518837047375776,large,large,52984.5255248178,77422.4744751822,59.369876214606734,1498.3253531891241,1.148960832769042,True
T4,S476,0.0,1,12406.6,817.3832978329508,11589.21670216705,11589.21670216705,93.4117058836994,small,small,833.5829826949969,11573.017017305003,93.28113276244098,16.199684862047434,0.13057312125842202,True
T4,S477,2.0,24,73505.3,38991.510964266556,34513.78903573345,34513.78903573345,46.95415029356175,small,small,28651.52660548051,44853.77339451949,61.021141869388316,-10339.984358786045,-14.066991575826563,False
T4,S478,25.0,12,10854.7,14825.38391828647,-3970.6839182864696,3970.6839182864696,36.580319292900484,medium,large,16113.203660125668,5258.503660125667,48.444486352692074,-1287.8197418391974,-11.86416705979159,False
T4,S479,26.0,13,12263.5,20383.334353816474,-8119.834353816474,8119.834353816474,66.21139441282239,medium,large,19546.115326537085,7282.615326537085,59.38447691553868,837.2190272793887,6.826917497283709,True
T4,S480,17.0,9,110838.0,21504.40418941707,89333.59581058293,89333.59581058293,80.59834696636797,medium,large,24309.399752539863,86528.60024746014,78.06763045838083,2804.995563122793,2.5307165079871368,True
T4,S481,59.0,18,187337.0,23623.72292348975,163713.27707651025,163713.27707651025,87.38971856948187,large,large,21093.83811719851,166243.1618828015,88.74016445379263,-2529.8848062912584,-1.3504458843107585,False
T4,S482,10.0,12,8963.5,20576.634383841923,-11613.134383841923,11613.134383841923,129.56026534101548,medium,small,17052.770161533244,8089.270161533244,90.24678040423099,3523.864222308679,39.31348493678449,True
T4,S483,26.0,9,35840.1,16491.998639398615,19348.101360601384,19348.101360601384,53.98450718776283,medium,large,16369.807985931611,19470.292014068385,54.325439979431934,-122.19065346700154,-0.34093279166910406,False
T4,S484,20.0,13,21699.0,16647.900803284236,5051.099196715764,5051.099196715764,23.278027543738254,medium,large,14731.483419034628,6967.516580965372,32.10985105749285,-1916.4173842496075,-8.831823513754593,False
T4,S485,41.0,27,310508.0,52810.96617986858,257697.03382013142,257697.03382013142,82.99207550856384,large,large,37657.464503865085,272850.5354961349,87.87230457705917,-15153.501676003478,-4.880229068495325,False
T4,S486,1.0,13,3954.9,22697.958129746443,-18743.05812974644,18743.05812974644,473.91990011748567,small,small,19212.44188501222,15257.54188501222,385.78831032421095,3485.516244734221,88.13158979327471,True
T4,S487,2.0,27,10354.9,26211.035007468683,-15856.135007468683,15856.135007468683,153.12687720276085,small,small,20070.540330853808,9715.640330853808,93.82650079531246,6140.494676614875,59.3003764074484,True
T4,S488,35.0,27,42680.1,35097.35899661963,7582.741003380368,7582.741003380368,17.766455569177133,large,large,25671.251462599812,17008.848537400187,39.85194162478576,-9426.107534019819,-22.085486055608627,False
T4,S489,34.0,40,52505.0,38405.236876144765,14099.763123855235,14099.763123855235,26.85413412790255,large,large,32447.077095831326,20057.922904168674,38.20192915754437,-5958.159780313439,-11.34779502964182,False
T4,S490,0.0,16,25752.2,21027.141460095605,4725.058539904396,4725.058539904396,18.348174291533912,small,small,18342.854187043322,7409.345812956679,28.77170033223056,-2684.287273052283,-10.423526040696647,False
T12,S4904,61.0,9,10122.8,8732.71878405536,1390.0812159446396,1390.0812159446396,13.732180977048245,large,large,10228.540384251108,105.74038425110848,1.0445764437814486,1284.340831693531,12.687604533266796,True
T12,S4905,18.0,3,1545.3,5590.702093873188,-4045.4020938731874,4045.4020938731874,261.7874907055709,medium,large,5887.634521525961,4342.334521525961,281.0026869556695,-296.9324276527732,-19.215196250098586,False
T12,S4906,45.0,10,47089.1,12845.27135982403,34243.82864017597,34243.82864017597,72.72134876261379,large,large,12229.284755112694,34859.8152448873,74.02947867954006,-615.9866047113319,-1.3081299169262763,False
T12,S4907,39.0,6,5120.4,4716.547233702369,403.8527662976303,403.8527662976303,7.887133159472509,large,large,5015.015286469033,105.38471353096702,2.058134394402137,298.4680527666633,5.828998765070372,True
T12,S4908,95.0,17,163743.0,37489.340320300806,126253.6596796992,126253.6596796992,77.10476764179182,large,large,32849.423626395546,130893.57637360445,79.93842568757408,-4639.916693905252,-2.8336580457822578,False
T12,S4909,107.0,13,18034.5,33750.2749819881,-15715.7749819881,15715.7749819881,87.14283723966896,large,large,36264.56147032317,18230.06147032317,101.08437422896763,-2514.2864883350703,-13.941536989298669,False
T12,S4910,81.0,12,6224.6,12970.142572686264,-6745.542572686263,6745.542572686263,108.36909315757256,large,large,14141.765002560496,7917.165002560496,127.19154648588658,-1171.6224298742327,-18.822453328314012,False
T12,S4911,40.0,7,15486.1,4332.761360456601,11153.338639543399,11153.338639543399,72.02161060269144,large,large,4496.6731217249435,10989.426878275057,70.9631661830613,163.91176126834216,1.0584444196301348,True
T12,S4913,112.0,13,8758.5,13537.204429666432,-4778.704429666432,4778.704429666432,54.560763026390724,large,large,11637.885240902317,2879.3852409023166,32.87532386712698,1899.319188764115,21.685439159263744,True
T12,S4915,56.0,8,5612.1,12714.825092347233,-7102.725092347233,7102.725092347233,126.56091467271133,large,large,13808.31504738917,8196.215047389169,146.0454205625197,-1093.489955041936,-19.48450588980836,False
T12,S4916,26.0,4,11954.8,5039.508539202659,6915.29146079734,6915.29146079734,57.845312851719314,medium,large,5931.658161456771,6023.141838543228,50.38262320192081,892.1496222541118,7.462689649798506,True
T12,S4917,127.0,22,32911.4,35047.57871613895,-2136.178716138951,2136.178716138951,6.490695370415573,large,large,33742.5626024212,831.1626024212019,2.5254550168671095,1305.0161137177492,3.965240353548464,True
T12,S4918,14.0,3,11687.3,2438.4800479512387,9248.819952048761,9248.819952048761,79.13564255258923,medium,large,2623.7251974914902,9063.574802508509,77.55063019267503,185.2451495402529,1.5850123599142023,True
T12,S4919,66.0,11,53820.9,14190.991278721162,39629.90872127884,39629.90872127884,73.63293575781684,large,large,16427.329581336424,37393.57041866358,69.47778728832773,2236.338302615266,4.155148469489106,True
T12,S4920,342.0,34,42616.9,38817.99573469771,3798.9042653022916,3798.9042653022916,8.914079309621984,large,large,47075.262611727245,4458.362611727243,10.461489718227378,-659.4583464249517,-1.5474104086053941,False
T12,S4921,13.0,3,10443.1,3716.531469563004,6726.568530436996,6726.568530436996,64.41160699827634,medium,large,4072.535870805412,6370.5641291945885,61.00261540342032,356.00440124240777,3.408991594856019,True
T12,S4922,67.0,12,11526.6,20732.936892610694,-9206.336892610694,9206.336892610694,79.87035979916622,large,large,20847.88997602927,9321.28997602927,80.86764506471353,-114.95308341857526,-0.9972852655473048,False
T12,S4923,47.0,8,7252.8,8569.680454414156,-1316.8804544141558,1316.8804544141558,18.156856033727053,large,large,7859.305155981625,606.5051559816247,8.362358757743557,710.375298432531,9.794497275983495,True
T12,S4924,58.0,8,19089.9,10553.360960865282,8536.53903913472,8536.53903913472,44.71756813359273,large,large,11766.094920952835,7323.805079047166,38.36481636387391,1212.733960087553,6.3527517697188145,True
T12,S4925,118.0,16,27058.1,37912.19231643453,-10854.09231643453,10854.09231643453,40.11402247916347,large,large,32062.563648224863,5004.463648224864,18.49525150777351,5849.628668209665,21.618770971389957,True
T12,S4928,123.0,13,28320.5,33916.42014909477,-5595.920149094767,5595.920149094767,19.75925618931434,large,large,30557.113019029162,2236.6130190291624,7.897505407846481,3359.3071300656047,11.861750781467858,True
T12,S4929,91.0,17,56070.3,26030.826743052618,30039.473256947385,30039.473256947385,53.574661196653814,large,large,26137.545010061378,29932.754989938625,53.3843317940846,106.71826700876045,0.19032940256921194,True
T12,S4930,0.0,1,615.7,1068.566318477751,-452.86631847775107,452.86631847775107,73.5530807987252,small,small,1145.395023116352,529.6950231163519,86.03135018943509,-76.82870463860081,-12.478269390709883,False
T12,S4931,130.0,20,26435.4,4223.136873068342,22212.26312693166,22212.26312693166,84.024690857455,large,large,14985.631000511159,11449.768999488842,43.312259317009925,10762.494127442817,40.712431540445074,True
T12,S4932,100.0,22,44296.3,20721.83882681158,23574.46117318842,23574.46117318842,53.21993298128381,large,large,23326.7237329808,20969.5762670192,47.339340457372735,2604.88490616922,5.880592523911076,True
T12,S4933,153.0,26,5772.8,23970.979234218325,-18198.179234218325,18198.179234218325,315.2400781980724,large,large,31637.612557982262,25864.812557982263,448.0462264062892,-7666.633323763937,-132.80614820821677,False
T12,S4934,38.0,34,55504.3,38624.49228561172,16879.807714388284,16879.807714388284,30.41171173114206,large,large,48841.07068207851,6663.22931792149,12.00488848237252,10216.578396466793,18.40682324876954,True
T12,S4935,31.0,8,1149.9,3369.3708329777824,-2219.4708329777823,2219.4708329777823,193.0142475848145,large,large,3426.622065696803,2276.722065696803,197.9930485865556,-57.25123271902066,-4.97880100174109,False
T12,S4936,76.0,10,1129.5,6744.777109603141,-5615.277109603141,5615.277109603141,497.1471544580028,large,large,5735.888602299059,4606.388602299059,407.82546279761476,1008.8885073040819,89.32169166038801,True
T12,S4937,131.0,27,12657.6,22694.03281523622,-10036.43281523622,10036.43281523622,79.29175211127085,large,large,29691.81850633458,17034.218506334582,134.57700121930367,-6997.785691098363,-55.285249108032815,False
T12,S4938,79.0,13,4224.4,9185.275563396446,-4960.8755633964465,4960.8755633964465,117.4338500946039,large,large,8943.50625995704,4719.10625995704,111.71068696044503,241.76930343940694,5.723163134158867,True
T12,S4939,45.0,13,16549.7,17651.614065824615,-1101.9140658246142,1101.9140658246142,6.658211724832561,large,large,18597.26571441656,2047.5657144165598,12.372222544315363,-945.6516485919456,-5.7140108194828025,False
T12,S4940,81.0,15,15292.6,30505.66405897328,-15213.064058973281,15213.064058973281,99.47990569931392,large,large,28392.42443064011,13099.824430640108,85.6611984269523,2113.2396283331727,13.818707272361621,True
T12,S4941,13.0,11,4071.8,11973.828103568323,-7902.028103568323,7902.028103568323,194.06719641358424,medium,large,12888.22640442882,8816.426404428821,216.52405335303357,-914.3983008604982,-22.456856939449324,False
T12,S4942,0.0,5,10678.5,2460.9646237053807,8217.53537629462,8217.53537629462,76.95402328318228,small,small,2291.8512852170975,8386.648714782903,78.53770393578596,-169.11333848828326,-1.5836806526036753,False
T12,S4943,0.0,4,701.6,1020.6229168369746,-319.02291683697456,319.02291683697456,45.47076921849694,small,small,968.8394869332366,267.23948693323655,38.09000668945789,51.78342990373801,7.380762529039053,True
T12,S4944,1.0,1,500.0,865.9763620474288,-365.9763620474288,365.9763620474288,73.19527240948575,small,small,1006.9076899880389,506.9076899880389,101.38153799760778,-140.93132794061012,-28.186265588122026,False
T12,S4945,21.0,11,6046.1,16623.09462921545,-10576.994629215451,10576.994629215451,174.9391281853666,medium,large,15069.025484349877,9022.925484349877,149.23546557863543,1554.0691448655743,25.70366260673117,True
T12,S4946,5.0,10,2532.2,5349.866436638697,-2817.6664366386976,2817.6664366386976,111.27345536050461,medium,small,7132.832414216481,4600.632414216481,181.6851913046553,-1782.9659775777836,-70.41173594415068,False
T12,S4947,0.0,4,3783.8,1017.8727995465988,2765.9272004534014,2765.9272004534014,73.09919130116288,small,small,968.8394869332366,2814.9605130667637,74.39506615219524,-49.03331261336234,-1.2958748510323659,False
T12,S4948,1.0,19,109307.0,24331.61305025333,84975.38694974667,84975.38694974667,77.74011449380795,small,small,20350.510169044523,88956.48983095548,81.3822443493605,-3981.102881208819,-3.642129855552554,False
T12,S4949,0.0,14,3020.8,4823.710300731627,-1802.910300731627,1802.910300731627,59.683206459601,small,small,5533.7429689212995,2512.9429689212993,83.18799552837987,-710.0326681896722,-23.50478906877887,False
T12,S4950,43.0,46,90519.1,58026.02698656398,32493.073013436027,32493.073013436027,35.89637216171617,large,large,64486.09119465883,26033.008805341175,28.75968586225578,6460.064208094853,7.1366862994603935,True
T12,S4952,0.0,26,29795.7,28379.3296955105,1416.370304489501,1416.370304489501,4.753606407936383,small,small,23965.957705226465,5829.742294773536,19.565716847644243,-4413.371990284035,-14.81211043970786,False
T12,S4953,8.0,29,72349.5,38627.34760241621,33722.15239758379,33722.15239758379,46.61006972761911,medium,small,36789.983564997885,35559.516435002115,49.14963674248214,-1837.3640374183233,-2.5395670148630245,False
T12,S4954,18.0,23,610029.0,25236.12839680116,584792.8716031988,584792.8716031988,95.86312644205421,medium,large,21923.598540511575,588105.4014594884,96.40613830809494,-3312.5298562896205,-0.5430118660407288,False
T12,S4956,42.0,5,3289.5,9012.041575924233,-5722.541575924233,5722.541575924233,173.96387219711912,large,large,9884.612276241352,6595.112276241352,200.4898092792629,-872.5707003171192,-26.52593708214377,False
T12,S4957,5.0,1,2669.8,792.9307276104909,1876.8692723895092,1876.8692723895092,70.29999522022283,medium,small,982.246184508231,1687.5538154917692,63.20899750886843,189.31545689773998,7.090997711354397,True
T12,S4958,5.0,6,19139.7,7249.47097911434,11890.229020885661,11890.229020885661,62.12338239829079,medium,small,9580.616752747253,9559.083247252747,49.9437464915999,2331.145773632914,12.179635906690883,True
T12,S4959,21.0,6,5166.5,7799.698909032062,-2633.198909032062,2633.198909032062,50.9667842646291,medium,large,10093.528758857103,4927.028758857103,95.36492323346758,-2293.8298498250406,-44.39813896883848,False
T12,S4965,40.0,10,6835.1,4373.722442884468,2461.377557115532,2461.377557115532,36.01084925042109,large,large,4496.893526486275,2338.2064735137255,34.20881148064733,123.17108360180646,1.8020377697737615,True
T12,S4966,35.0,119,239840.0,373042.98076822684,-133202.98076822684,133202.98076822684,55.538267498426805,large,large,331408.86106993724,91568.86106993724,38.17914487572433,41634.11969828961,17.359122622702472,True
T12,S4968,0.0,5,1002.4,2341.3468960018813,-1338.9468960018812,1338.9468960018812,133.57411173203124,small,small,2204.5469938948486,1202.1469938948485,119.92687488974944,136.79990210703272,13.6472368422818,True
T12,S4969,34.0,8,3490.8,5495.045135379461,-2004.2451353794604,2004.2451353794604,57.41506632804687,large,large,5271.038490171899,1780.2384901718988,50.99800877082327,224.00664520756163,6.4170575572236,True
T12,S4970,21.0,9,12109.6,9121.787605114852,2987.812394885148,2987.812394885148,24.673089077138368,medium,large,9103.824027755685,3005.775972244315,24.821430701627758,-17.963577359167175,-0.14834162448939026,False
T44,S5017,36.0,11,2000.0,3209.56750352895,-1209.56750352895,1209.56750352895,60.47837517644751,large,large,2986.8036563769124,986.8036563769124,49.34018281884562,222.76384715203767,11.138192357601888,True
T44,S5018,54.0,15,3500.0,15085.277649203157,-11585.277649203157,11585.277649203157,331.00793283437594,large,large,16272.852253149991,12772.852253149991,364.93863580428547,-1187.574603946834,-33.93070296990953,False
T44,S5019,38.0,10,4900.7,5307.474213593395,-406.77421359339496,406.77421359339496,8.3003288018731,large,large,5841.741008299338,941.0410082993385,19.202175368811364,-534.2667947059435,-10.901846566938264,False
T44,S5020,20.0,5,1500.0,1511.886950437947,-11.886950437947007,11.886950437947007,0.7924633625298004,medium,large,1555.7730863851757,55.7730863851757,3.7182057590117132,-43.886135947228695,-2.9257423964819127,False
T44,S5021,28.0,6,2000.0,2954.8160913709744,-954.8160913709744,954.8160913709744,47.74080456854872,medium,large,2552.5178132529904,552.5178132529904,27.62589066264952,402.29827811798395,20.114913905899197,True
T44,S5023,1.0,1,500.0,668.433834657013,-168.433834657013,168.433834657013,33.6867669314026,small,small,656.6642154636885,156.6642154636885,31.3328430927377,11.769619193324502,2.353923838664901,True
T44,S5024,8.0,3,1500.0,3212.455785069817,-1712.455785069817,1712.455785069817,114.16371900465447,medium,small,3210.409362408161,1710.409362408161,114.02729082721075,2.0464226616559245,0.13642817744371882,True
T44,S5026,2.0,1,550.0,1033.7859803916208,-483.7859803916208,483.7859803916208,87.96108734393106,small,small,995.9638661953214,445.96386619532143,81.08433930824026,37.82211419629937,6.876748035690795,True
T44,S5027,5.0,1,500.0,1408.8369878983406,-908.8369878983406,908.8369878983406,181.7673975796681,medium,small,1635.914026104286,1135.914026104286,227.18280522085718,-227.07703820594543,-45.41540764118906,False
T5,S521,16.0,4,16385.1,3053.580360943512,13331.519639056487,13331.519639056487,81.36367577284538,medium,large,3217.0219306795834,13168.078069320414,80.36617456909273,163.44156973607278,0.9975012037526483,True
T5,S522,30.0,9,1711.6,10113.15679993521,-8401.55679993521,8401.55679993521,490.8598270586124,large,large,12438.531507776133,10726.931507776133,626.7195318868974,-2325.3747078409233,-135.85970482828498,False
T5,S523,3.0,6,13108.9,2425.254044966376,10683.645955033624,10683.645955033624,81.49917960342687,small,small,2088.131926026962,11020.768073973039,84.07088370475813,-337.1221189394146,-2.571704101331264,False
T5,S524,8.0,10,5200.7,11864.583342728789,-6663.883342728789,6663.883342728789,128.13435388945314,medium,small,10225.299465577582,5024.599465577582,96.61390708130794,1639.283877151207,31.520446808145195,True
T5,S525,2.0,3,3390.8,1489.1155675143102,1901.68443248569,1901.68443248569,56.08365083418927,small,small,1496.2246920938433,1894.575307906157,55.87399162162784,7.109124579533045,0.2096592125614336,True
T5,S526,2.0,10,17645.1,16261.590256845302,1383.5097431546965,1383.5097431546965,7.840758868777716,small,small,14280.606948443874,3364.4930515561246,19.067577126545753,-1980.983308401428,-11.226818257768038,False
T5,S527,0.0,9,3097.2,15568.155386414115,-12470.955386414116,12470.955386414116,402.6525696246325,small,small,16087.795752962342,12990.595752962341,419.43031618759983,-519.6403665482248,-16.77774656296731,False
T5,S528,8.0,12,15906.6,12992.123911916275,2914.4760880837257,2914.4760880837257,18.3224327517114,medium,small,11701.14327721852,4205.4567227814805,26.43843890448921,-1290.9806346977548,-8.11600615277781,False
T6,S562,36.0,56,43644.5,82818.94207881326,-39174.442078813256,39174.442078813256,89.75802696516917,large,large,73369.18695265896,29724.686952658958,68.10637526528878,9449.755126154298,21.65165169988039,True
T6,S563,0.0,1,500.0,3203.8037222322287,-2703.8037222322287,2703.8037222322287,540.7607444464458,small,small,3146.060662557356,2646.060662557356,529.2121325114712,57.74305967487271,11.548611934974588,True
T6,S564,8.0,14,33578.6,22790.051340933675,10788.548659066324,10788.548659066324,32.12923903636937,medium,small,15898.556118860497,17680.0438811395,52.65271298130209,-6891.495222073176,-20.523473944932718,False
T6,S565,11.0,18,12830.3,31270.62067043211,-18440.32067043211,18440.32067043211,143.724781730997,medium,small,31985.393197412188,19155.09319741219,149.29575456078337,-714.7725269800794,-5.5709728297863705,False
T6,S567,36.0,45,112248.0,63413.11527920758,48834.88472079242,48834.88472079242,43.50624039697137,large,large,67294.17821182337,44953.82178817663,40.04866170281576,3881.062932615787,3.4575786941556146,True
T6,S568,0.0,7,25500.2,13615.1325100164,11885.067489983601,11885.067489983601,46.607742252937626,small,small,15515.102303108608,9985.097696891393,39.15693875691717,1899.9697930922084,7.450803496020455,True
T6,S569,0.0,5,10592.7,18441.135687079717,-7848.435687079716,7848.435687079716,74.09287232792127,small,small,19021.434685541517,8428.734685541516,79.57116396708597,-580.2989984617998,-5.478291639164695,False
T1,S57,66.0,29,21916.7,25204.35587599078,-3287.6558759907784,3287.6558759907784,15.000688406515481,large,large,43496.95548588372,21580.25548588372,98.46489428556178,-18292.599609892943,-83.4642058790463,False
T1,S58,59.0,33,12144.8,17851.34155939001,-5706.541559390011,5706.541559390011,46.987530131332015,large,large,28650.91575535378,16506.11575535378,135.9109722297097,-10799.57419596377,-88.92344209837768,False
T1,S59,108.0,24,13760.8,19970.012429156075,-6209.212429156076,6209.212429156076,45.12246692892911,large,large,28051.429262159858,14290.629262159859,103.85027950526029,-8081.416833003783,-58.72781257633118,False
T1,S6,41.0,16,17412.6,20207.23347984781,-2794.633479847813,2794.633479847813,16.049489908731683,large,large,20949.748854183104,3537.148854183106,20.313731747028623,-742.515374335293,-4.26424183829694,False
T1,S60,39.0,13,5837.9,16936.87223655392,-11098.972236553922,11098.972236553922,190.11925926367226,large,large,16238.471966891042,10400.571966891042,178.1560486971521,698.4002696628795,11.96321056652016,True
T1,S61,121.0,49,9925.7,29024.9725289967,-19099.2725289967,19099.2725289967,192.42242389954058,large,large,29289.779075854265,19364.079075854264,195.09031177503113,-264.806546857566,-2.6678878754905497,False
T1,S62,95.0,33,15023.8,22948.43663527705,-7924.636635277049,7924.636635277049,52.74721864825843,large,large,28100.747043482224,13076.947043482225,87.04154104475715,-5152.310408205176,-34.29432239649872,False
T1,S63,62.0,30,8309.0,18764.919669425126,-10455.919669425126,10455.919669425126,125.83848440757161,large,large,30923.694415137234,22614.694415137234,272.1710725133859,-12158.774745712108,-146.3325881058143,False
T1,S64,72.0,15,10688.8,23551.686262377738,-12862.886262377739,12862.886262377739,120.33985351375027,large,large,21725.686925782662,11036.886925782663,103.25655757225005,1825.9993365950759,17.083295941500225,True
T1,S65,12.0,10,2345.8,10865.034116217248,-8519.234116217249,8519.234116217249,363.1696698873411,medium,small,10428.4008558154,8082.6008558154,344.5562646353227,436.63326040184893,18.613405252018424,True
T1,S66,18.0,17,8953.9,17749.55953749791,-8795.65953749791,8795.65953749791,98.23272023920202,medium,large,15867.638294785178,6913.738294785178,77.21482588352761,1881.9212427127313,21.017894355674414,True
T7,S670,28.0,7,8176.2,4943.783142956705,3232.416857043295,3232.416857043295,39.53446414034998,medium,large,5463.437839367727,2712.7621606322728,33.178764715054335,519.6546964110221,6.355699425295647,True
T7,S671,33.0,11,2630.4,6463.412059750842,-3833.0120597508417,3833.0120597508417,145.71974071437202,large,large,5702.132969929797,3071.7329699297966,116.77816947725807,761.2790898210451,28.941571237113948,True
T7,S672,42.0,8,3605.3,5448.036569020645,-1842.7365690206452,1842.7365690206452,51.11187887334327,large,large,5446.9629358804905,1841.6629358804903,51.082099572309936,1.073633140154925,0.02977930103333648,True
T7,S673,13.0,12,7047.7,7814.293703679033,-766.5937036790328,766.5937036790328,10.877218151723724,medium,large,5735.54514760235,1312.1548523976498,18.61819958848489,-545.561148718617,-7.740981436761167,False
T7,S674,5.0,15,9272.8,16607.345845029067,-7334.545845029068,7334.545845029068,79.09742305483854,medium,small,15546.290722100766,6273.490722100767,67.6547614755065,1061.055122928301,11.44266157933204,True
T7,S675,0.0,15,3682.3,16835.62699563339,-13153.32699563339,13153.32699563339,357.20411144212557,small,small,14097.669297167415,10415.369297167414,282.8495586228013,2737.957698465976,74.35455281932428,True
T7,S676,0.0,8,5954.3,4944.559397045919,1009.7406029540816,1009.7406029540816,16.958174814068517,small,small,6513.239928733981,558.9399287339811,9.38716438093447,450.8006742201005,7.571010433134047,True
T7,S677,0.0,10,27730.2,3003.0221686618056,24727.177831338195,24727.177831338195,89.17057154776451,small,small,3081.7130721741078,24648.486927825892,88.88679824821276,78.69090351230261,0.2837732995517541,True
T7,S678,0.0,1,502.6,1218.3670903864593,-715.7670903864592,715.7670903864592,142.41287114732575,small,small,1268.100173038019,765.5001730380189,152.30803283685214,-49.7330826515597,-9.89516168952639,False
T7,S679,0.0,1,555.0,1218.3670903864593,-663.3670903864593,663.3670903864593,119.5256018714341,small,small,1268.100173038019,713.100173038019,128.48651766450791,-49.7330826515597,-8.96091579307381,False
T7,S680,0.0,2,500.0,844.8542464907388,-344.8542464907388,344.8542464907388,68.97084929814775,small,small,765.9619546055104,265.9619546055104,53.19239092110208,78.89229188522836,15.778458377045673,True
T7,S681,0.0,2,535.2,844.8542464907388,-309.65424649073873,309.65424649073873,57.85766937420379,small,small,765.9619546055104,230.76195460551037,43.11695713854827,78.89229188522836,14.740712235655515,True
T7,S682,0.0,6,5915.3,2008.6333585893017,3906.6666414106985,3906.6666414106985,66.04342368790591,small,small,1872.6963548222884,4042.6036451777118,68.34148133108569,-135.93700376701327,-2.2980576431797743,False
T7,S685,0.0,2,631.3,845.3248862978779,-214.02488629787797,214.02488629787797,33.90224715632472,small,small,764.4884902113421,133.18849021134213,21.097495677386686,80.83639608653584,12.804751478938034,True
T8,S698,0.0,1,509.3,988.3181545508638,-479.0181545508638,479.0181545508638,94.05422237401606,small,small,986.2889692468666,476.9889692468666,93.655796042974,2.029185303997224,0.39842633104206016,True
T1,S7,80.0,29,32260.1,23818.697956040654,8441.402043959344,8441.402043959344,26.166695217805724,large,large,25054.10703520538,7205.992964794619,22.33716871551737,1235.409079164725,3.8295265022883527,True
T9,S783,5.0,1,9992.3,886.327199838282,9105.972800161717,9105.972800161717,91.12989802309495,medium,small,1017.5455344294346,8974.754465570564,89.81670351741406,131.2183345911526,1.3131945056808974,True
T9,S784,3.0,1,7837.2,660.6221809150146,7176.577819084985,7176.577819084985,91.57068620278908,small,small,680.2527832415224,7156.947216758477,91.3202064099229,19.63060232650787,0.25047979286617306,True
T9,S785,43.0,9,36653.6,24569.057974932955,12084.542025067043,12084.542025067043,32.96959104990245,large,large,17373.134286404507,19280.46571359549,52.601833690539245,-7195.923688528448,-19.632242640636797,False
T9,S786,27.0,11,20380.7,18040.694835910886,2340.0051640891143,2340.0051640891143,11.481475926190535,medium,large,24544.1050310887,4163.4050310887,20.42817484722654,-1823.3998669995854,-8.946698921036004,False
T9,S787,10.0,3,27006.8,3245.0397103835594,23761.76028961644,23761.76028961644,87.9843605670292,medium,small,3451.939268425781,23554.86073157422,87.21825885174927,206.89955804221972,0.7661017152799303,True
T9,S788,0.0,1,500.0,561.955224636819,-61.955224636819025,61.955224636819025,12.391044927363804,small,small,569.3197809447178,69.31978094471776,13.863956188943552,-7.364556307898738,-1.472911261579748,False
T9,S789,17.0,6,3858.0,26856.105965566847,-22998.105965566847,22998.105965566847,596.114721761712,medium,large,26721.67125374523,22863.67125374523,592.6301517300474,134.43471182161738,3.484570031664589,True
T9,S790,13.0,3,6870.4,3830.3434719420184,3040.0565280579813,3040.0565280579813,44.24861038742986,medium,large,3994.471866243126,2875.9281337568736,41.85968988351295,164.12839430110762,2.388920503916914,True
T9,S791,19.0,4,1543.0,4582.055572265005,-3039.055572265005,3039.055572265005,196.95758731464713,medium,large,5095.852490657796,3552.852490657796,230.2561562318727,-513.7969183927908,-33.298568917225566,False
T9,S792,19.0,4,4965.6,4582.055572265005,383.5444277349952,383.5444277349952,7.724029880276204,medium,large,5095.852490657796,130.25249065779553,2.623096718579739,253.2919370771997,5.100933161696465,True
T9,S793,49.0,11,3897.9,16377.565447636998,-12479.665447636999,12479.665447636999,320.16381763608604,large,large,20810.162552445243,16912.26255244524,433.88138619372586,-4432.597104808243,-113.71756855763982,False
T9,S794,17.0,9,2507.0,24778.09528831848,-22271.09528831848,22271.09528831848,888.3564135747299,medium,large,27986.852495032443,25479.852495032443,1016.348324492718,-3208.7572067139627,-127.9919109179881,False
T9,S795,60.0,21,237376.0,27503.332248510913,209872.6677514891,209872.6677514891,88.41360025928869,large,large,24681.79434382821,212694.20565617178,89.60223681255552,-2821.5379046826856,-1.1886365532668322,False
T9,S797,0.0,2,1036.8,2957.9066601515347,-1921.1066601515347,1921.1066601515347,185.29192323992427,small,small,2849.2897379574792,1812.4897379574793,174.8157540468248,108.6169221940554,10.47616919309948,True
T1,S8,41.0,17,28958.9,18771.246290277893,10187.653709722108,10187.653709722108,35.179698502781896,large,large,21422.057503114025,7536.842496885976,26.0259971783665,2650.8112128361317,9.153701324415398,True
T10,S847,10.0,2,631.5,2001.7043167397242,-1370.2043167397242,1370.2043167397242,216.9761388344773,medium,small,1865.8055776642677,1234.3055776642677,195.45614848206932,135.89873907545643,21.519990352407973,True
T10,S848,125.0,6,22082.5,6519.6298889987565,15562.870111001244,15562.870111001244,70.47603356051735,large,large,15619.702630694874,6462.797369305126,29.26660192145421,9100.072741696118,41.20943163906314,True
T10,S849,5.0,1,511.5,839.5092274748919,-328.0092274748919,328.0092274748919,64.12692619254973,medium,small,861.6955416035358,350.19554160353584,68.4644265109552,-22.18631412864397,-4.337500318405475,False
T10,S851,45.0,5,2358.9,20022.804060138253,-17663.90406013825,17663.90406013825,748.819537078225,large,large,19168.469214561246,16809.569214561245,712.6020269855121,854.3348455770065,36.21751009271293,True
T10,S852,5.0,1,500.0,990.5952766865986,-490.5952766865986,490.5952766865986,98.11905533731972,medium,small,927.2028519923291,427.2028519923291,85.44057039846582,63.392424694269494,12.678484938853899,True
T10,S853,131.0,15,22487.6,6866.750231081631,15620.849768918368,15620.849768918368,69.46428151033622,large,large,17053.95218419344,5433.647815806558,24.16286226990234,10187.20195311181,45.30141924043388,True
T10,S855,5.0,1,501.5,838.3402627081673,-336.8402627081673,336.8402627081673,67.1665528829845,medium,small,861.5433084025896,360.04330840258956,71.79328183501288,-23.203045694422258,-4.6267289520283725,False
T10,S857,8.0,1,500.0,2514.6505213771743,-2014.6505213771743,2014.6505213771743,402.93010427543487,medium,small,2601.1750780014995,2101.1750780014995,420.2350156002999,-86.52455662432521,-17.30491132486503,False
T10,S858,13.0,1,4834.0,2260.7397425484996,2573.2602574515004,2573.2602574515004,53.23252497830989,medium,large,2095.9737672711512,2738.0262327288488,56.64100605562368,-164.7659752773484,-3.4084810773137875,False
T1,S9,69.0,21,19307.4,19745.990375453723,-438.5903754537212,438.5903754537212,2.271618008917416,large,large,30455.000428103915,11147.600428103913,57.737450035239924,-10709.010052650192,-55.46583202632251,False
T2,S90,3.0,2,563.4,1556.7493344683176,-993.3493344683176,993.3493344683176,176.31333590136984,small,small,1394.803682756884,831.403682756884,147.5689887747398,161.94565171143358,28.744347126630032,True
T2,S91,22.0,28,38831.6,44643.051384522194,-5811.451384522195,5811.451384522195,14.965778861860432,medium,large,38888.93125027698,57.331250276984065,0.1476407108565809,5754.120134245211,14.81813815100385,True
T2,S92,54.0,35,54800.5,69231.2024579289,-14430.7024579289,14430.7024579289,26.333158379812044,large,large,28132.98750693937,26667.51249306063,48.66289996087742,-12236.81003513173,-22.329741581065374,False
T2,S93,1.0,4,5219.9,3699.8500971424146,1520.049902857585,1520.049902857585,29.120287799720018,small,small,3180.799658043996,2039.1003419560038,39.0639732936647,-519.0504390984188,-9.943685493944685,False
T2,S94,1.0,2,509.4,1281.5850141393935,-772.1850141393935,772.1850141393935,151.58716414200896,small,small,1299.4353076047105,790.0353076047105,155.0913442490598,-17.85029346531701,-3.5041801070508427,False
T2,S95,16.0,6,1021.8,4509.940754679465,-3488.1407546794644,3488.1407546794644,341.3721623291706,medium,large,4480.959222826548,3459.159222826548,338.535840949946,28.981531852916305,2.8363213792245574,True
T11,S957,52.0,10,3264.0,8523.475798092853,-5259.475798092853,5259.475798092853,161.1359006768644,large,large,7774.91774683761,4510.91774683761,138.20213685164248,748.5580512552433,22.933763825221916,True
T11,S958,19.0,5,4764.4,11124.100605556949,-6359.700605556949,6359.700605556949,133.48376722267125,medium,large,9852.333234611762,5087.933234611763,106.79063963168002,1271.7673709451865,26.693127590991224,True
T11,S959,10.0,3,11573.7,4222.9718088896,7350.728191110401,7350.728191110401,63.512344290161316,medium,small,4553.5168766657025,7020.183123334298,60.65634259860112,330.54506777610277,2.856001691560195,True
T2,S96,3.0,1,520.8,1748.388914252755,-1227.588914252755,1227.588914252755,235.71215711458433,small,small,1499.6559733562947,978.8559733562947,187.95237583646212,248.73294089646038,47.759781278122205,True
T11,S962,75.0,8,9646.9,16993.788580821656,-7346.888580821656,7346.888580821656,76.15802569552558,large,large,14864.00478098411,5217.104780984111,54.080635032851085,2129.7837998375453,22.077390662674496,True
T11,S964,39.0,8,26018.0,8614.48718485039,17403.51281514961,17403.51281514961,66.89027909581678,large,large,8675.430691020056,17342.569308979946,66.65604315850544,60.94350616966403,0.23423593731133963,True
T11,S965,24.0,1,17036.0,1502.5934478576032,15533.406552142396,15533.406552142396,91.17989288648977,medium,large,1294.0676282622717,15741.932371737728,92.40392329031303,-208.525819595332,-1.2240304038232637,False
T11,S966,5.0,1,500.0,1736.9608929172746,-1236.9608929172746,1236.9608929172746,247.39217858345492,medium,small,1711.1728149541964,1211.1728149541964,242.2345629908393,25.788077963078194,5.1576155926156275,True
T11,S967,18.0,8,3374.6,7889.199554274507,-4514.599554274508,4514.599554274508,133.7817683362327,medium,large,10261.550397467037,6886.950397467037,204.08197704815495,-2372.3508431925293,-70.30020871192227,False
T11,S968,6.0,2,3357.0,1706.4516381668516,1650.5483618331484,1650.5483618331484,49.167362580671686,medium,small,1847.7633237737239,1509.2366762262761,44.95789920245088,141.3116856068723,4.2094633782208035,True
T11,S969,23.0,8,14890.2,9816.360830629872,5073.839169370129,5073.839169370129,34.075023635479226,medium,large,9295.325620876374,5594.874379123627,37.57420571331229,-521.0352097534978,-3.499182077833062,False
T2,S97,1.0,1,623.4,604.3424967847317,19.057503215268298,19.057503215268298,3.057026502288787,small,small,619.8594247539233,3.540575246076628,0.5679459810838351,15.51692796919167,2.489080521204952,True
T11,S970,7.0,2,6528.3,1759.410336937359,4768.889663062641,4768.889663062641,73.04948704965521,medium,small,1911.2482442831988,4617.051755716801,70.72364560018384,151.83790734584,2.325841449471369,True
T11,S971,29.0,6,54506.3,5969.911893534499,48536.38810646551,48536.38810646551,89.04729931487829,large,large,5063.427323484991,49442.87267651501,90.71038150913749,-906.4845700495061,-1.6630821942592036,False
T11,S972,1.0,1,500.7,553.5696328097802,-52.86963280978017,52.86963280978017,10.559143760691066,small,small,557.2504279262682,56.55042792626824,11.294273602210554,-3.6807951164880706,-0.7351298415194876,False
T11,S973,7.0,2,3819.3,1759.410336937359,2059.8896630626414,2059.8896630626414,53.93369630724586,medium,small,1911.2482442831988,1908.0517557168014,49.95815347620772,151.83790734584,3.9755428310381404,True
T11,S974,21.0,7,3223.7,7892.444791178678,-4668.7447911786785,4668.7447911786785,144.82565968231157,medium,large,8316.465268276277,5092.765268276277,157.97888352750806,-424.0204770975988,-13.153223845196493,False
T11,S975,16.0,1,500.0,2248.033843771948,-1748.0338437719479,1748.0338437719479,349.6067687543896,medium,large,1874.4785279761056,1374.4785279761056,274.8957055952211,373.55531579584226,74.71106315916848,True
T11,S976,60.0,16,35094.0,14562.105799100407,20531.894200899595,20531.894200899595,58.505426001309615,large,large,13533.004528294361,21560.99547170564,61.437839721051,-1029.1012708060443,-2.9324137197413833,False
T11,S978,25.0,7,12078.2,7240.313798250253,4837.886201749748,4837.886201749748,40.05469525053193,medium,large,6884.157680739974,5194.0423192600265,43.00344686509601,-356.1561175102788,-2.948751614564081,False
T11,S979,39.0,3,23856.5,5457.695338927336,18398.804661072663,18398.804661072663,77.12281626002417,large,large,6010.053757649699,17846.4462423503,74.80747906168256,552.3584187223641,2.3153371983416093,True
T11,S981,15.0,4,3528.4,5549.937082655312,-2021.5370826553121,2021.5370826553121,57.29330809021971,medium,large,5476.461554126939,1948.0615541269385,55.21090449288455,73.47552852837362,2.0824035973351585,True
T11,S982,65.0,8,4144.2,11588.261096447315,-7444.061096447315,7444.061096447315,179.62600975935803,large,large,10925.284149311554,6781.084149311554,163.62830339538522,662.9769471357613,15.99770636397281,True
T11,S983,12.0,3,1089.6,4969.356009078851,-3879.7560090788506,3879.7560090788506,356.0715867363116,medium,small,5272.980890370746,4183.380890370747,383.93730638498045,-303.62488129189614,-27.865719648668858,False
T11,S984,18.0,8,711.4,10861.182752784916,-10149.782752784917,10149.782752784917,1426.7335890898112,medium,large,10391.21551482503,9679.81551482503,1360.6712840631194,469.9672379598869,66.06230502669177,True
T11,S985,15.0,7,17288.5,5062.542947360913,12225.957052639087,12225.957052639087,70.71728057748842,medium,large,5674.6834323656685,11613.81656763433,67.17654260134964,612.1404850047566,3.540737976138786,True
T11,S986,5.0,5,514.5,7046.972548996171,-6532.472548996171,6532.472548996171,1269.6739648194696,medium,small,5594.378588578618,5079.878588578618,987.342777177574,1452.5939604175528,282.33118764189555,True
T11,S988,16.0,1,1665.7,2248.033843771948,-582.3338437719478,582.3338437719478,34.96030760472762,medium,large,1874.4785279761056,208.77852797610558,12.533981387771242,373.55531579584226,22.426326216956376,True
T2,S99,4.0,2,506.4,1487.3501946346753,-980.9501946346753,980.9501946346753,193.7105439641934,small,small,1336.849218935286,830.449218935286,163.99076203303437,150.5009756993893,29.71978193115902,True
T11,S990,126.0,34,568408.0,54749.35531491343,513658.64468508656,513658.64468508656,90.36794779191823,large,large,50883.01464476196,517524.985355238,91.04815297378609,-3866.3406701514614,-0.680205181867862,False
T11,S992,75.0,11,4618.0,9981.891969319084,-5363.891969319084,5363.891969319084,116.15183995926989,large,large,8837.838693369418,4219.838693369418,91.3780574571117,1144.0532759496655,24.7737825021582,True
T11,S993,4.0,1,602.9,1924.9133730529252,-1322.013373052925,1322.013373052925,219.27572948298643,small,small,1807.3442681255237,1204.4442681255236,199.77513155175382,117.56910492740144,19.50059793123262,True
T11,S994,3.0,1,500.0,1712.795256339657,-1212.795256339657,1212.795256339657,242.55905126793144,small,small,1496.945653152633,996.945653152633,199.38913063052658,215.84960318702406,43.16992063740486,True
T11,S995,7.0,1,500.0,1628.9471066819822,-1128.9471066819822,1128.9471066819822,225.78942133639646,medium,small,1505.6772928437508,1005.6772928437508,201.13545856875015,123.26981383823136,24.653962767646306,True
T11,S996,28.0,8,24638.5,6933.363702485851,17705.13629751415,17705.13629751415,71.85963551967104,medium,large,7396.527970295545,17241.972029704455,69.97979596852267,463.16426780969414,1.879839551148379,True
T11,S998,14.0,2,656.0,3878.642610470106,-3222.642610470106,3222.642610470106,491.25649549849174,medium,large,2965.9496360893568,2309.9496360893568,352.1264689160605,912.6929743807491,139.13002658243124,True
T11,S999,14.0,6,6464.5,13403.173167288463,-6938.673167288463,6938.673167288463,107.33503236582045,medium,large,13042.133751987705,6577.633751987705,101.75007737625037,361.03941530075826,5.584954989570079,True
